// MIT License
//
// Copyright (c) 2025 Pyroshock Studios
//
// Permission is hereby granted, free of charge, to any person obtaining a copy
// of this software and associated documentation files (the "Software"), to deal
// in the Software without restriction, including without limitation the rights
// to use, copy, modify, merge, publish, distribute, sublicense, and/or sell
// copies of the Software, and to permit persons to whom the Software is
// furnished to do so, subject to the following conditions:
//
// The above copyright notice and this permission notice shall be included in all
// copies or substantial portions of the Software.
//
// THE SOFTWARE IS PROVIDED "AS IS", WITHOUT WARRANTY OF ANY KIND, EXPRESS OR
// IMPLIED, INCLUDING BUT NOT LIMITED TO THE WARRANTIES OF MERCHANTABILITY,
// FITNESS FOR A PARTICULAR PURPOSE AND NONINFRINGEMENT. IN NO EVENT SHALL THE
// AUTHORS OR COPYRIGHT HOLDERS BE LIABLE FOR ANY CLAIM, DAMAGES OR OTHER
// LIABILITY, WHETHER IN AN ACTION OF CONTRACT, TORT OR OTHERWISE, ARISING FROM,
// OUT OF OR IN CONNECTION WITH THE SOFTWARE OR THE USE OR OTHER DEALINGS IN THE
// SOFTWARE.

#pragma once

// array size is 17328
static const unsigned char gBlitImageVS[] = {
    0x44, 0x58, 0x42, 0x43, 0xf9, 0x83, 0x80, 0xf1, 0xf6, 0xa9, 0x03, 0x43, 0xe0, 0x2f, 0xca, 0x39,
    0x76, 0xef, 0x09, 0xdf, 0x01, 0x00, 0x00, 0x00, 0xb0, 0x43, 0x00, 0x00, 0x06, 0x00, 0x00, 0x00,
    0x38, 0x00, 0x00, 0x00, 0x18, 0x02, 0x00, 0x00, 0x4c, 0x02, 0x00, 0x00, 0xa4, 0x02, 0x00, 0x00,
    0x0c, 0x05, 0x00, 0x00, 0xa8, 0x05, 0x00, 0x00, 0x52, 0x44, 0x45, 0x46, 0xd8, 0x01, 0x00, 0x00,
    0x01, 0x00, 0x00, 0x00, 0x74, 0x00, 0x00, 0x00, 0x01, 0x00, 0x00, 0x00, 0x3c, 0x00, 0x00, 0x00,
    0x01, 0x05, 0xfe, 0xff, 0x01, 0x4d, 0x10, 0x00, 0xb0, 0x01, 0x00, 0x00, 0x13, 0x13, 0x44, 0x25,
    0x3c, 0x00, 0x00, 0x00, 0x18, 0x00, 0x00, 0x00, 0x28, 0x00, 0x00, 0x00, 0x28, 0x00, 0x00, 0x00,
    0x24, 0x00, 0x00, 0x00, 0x0c, 0x00, 0x00, 0x00, 0x00, 0x00, 0x00, 0x00, 0x64, 0x00, 0x00, 0x00,
    0x00, 0x00, 0x00, 0x00, 0x00, 0x00, 0x00, 0x00, 0x00, 0x00, 0x00, 0x00, 0x00, 0x00, 0x00, 0x00,
    0x00, 0x00, 0x00, 0x00, 0x01, 0x00, 0x00, 0x00, 0x01, 0x00, 0x00, 0x00, 0x00, 0x00, 0x00, 0x00,
    0x00, 0x00, 0x00, 0x00, 0x50, 0x75, 0x73, 0x68, 0x43, 0x6f, 0x6e, 0x73, 0x74, 0x61, 0x6e, 0x74,
    0x5f, 0x30, 0x00, 0xab, 0x64, 0x00, 0x00, 0x00, 0x01, 0x00, 0x00, 0x00, 0x8c, 0x00, 0x00, 0x00,
    0x20, 0x00, 0x00, 0x00, 0x00, 0x00, 0x00, 0x00, 0x00, 0x00, 0x00, 0x00, 0x64, 0x00, 0x00, 0x00,
    0x00, 0x00, 0x00, 0x00, 0x20, 0x00, 0x00, 0x00, 0x02, 0x00, 0x00, 0x00, 0x8c, 0x01, 0x00, 0x00,
    0x00, 0x00, 0x00, 0x00, 0xff, 0xff, 0xff, 0xff, 0x00, 0x00, 0x00, 0x00, 0xff, 0xff, 0xff, 0xff,
    0x00, 0x00, 0x00, 0x00, 0x53, 0x4c, 0x41, 0x4e, 0x47, 0x5f, 0x50, 0x61, 0x72, 0x61, 0x6d, 0x65,
    0x74, 0x65, 0x72, 0x47, 0x72, 0x6f, 0x75, 0x70, 0x5f, 0x50, 0x75, 0x73, 0x68, 0x43, 0x6f, 0x6e,
    0x73, 0x74, 0x61, 0x6e, 0x74, 0x5f, 0x30, 0x00, 0x73, 0x72, 0x63, 0x43, 0x6f, 0x72, 0x6e, 0x65,
    0x72, 0x4c, 0x6f, 0x77, 0x65, 0x72, 0x4c, 0x65, 0x66, 0x74, 0x5f, 0x30, 0x00, 0x66, 0x6c, 0x6f,
    0x61, 0x74, 0x32, 0x00, 0x01, 0x00, 0x03, 0x00, 0x01, 0x00, 0x02, 0x00, 0x00, 0x00, 0x00, 0x00,
    0x00, 0x00, 0x00, 0x00, 0x00, 0x00, 0x00, 0x00, 0x00, 0x00, 0x00, 0x00, 0x00, 0x00, 0x00, 0x00,
    0x00, 0x00, 0x00, 0x00, 0xed, 0x00, 0x00, 0x00, 0x73, 0x72, 0x63, 0x43, 0x6f, 0x72, 0x6e, 0x65,
    0x72, 0x55, 0x70, 0x70, 0x65, 0x72, 0x52, 0x69, 0x67, 0x68, 0x74, 0x5f, 0x30, 0x00, 0x64, 0x73,
    0x74, 0x43, 0x6f, 0x72, 0x6e, 0x65, 0x72, 0x4c, 0x6f, 0x77, 0x65, 0x72, 0x4c, 0x65, 0x66, 0x74,
    0x5f, 0x30, 0x00, 0x64, 0x73, 0x74, 0x43, 0x6f, 0x72, 0x6e, 0x65, 0x72, 0x55, 0x70, 0x70, 0x65,
    0x72, 0x52, 0x69, 0x67, 0x68, 0x74, 0x5f, 0x30, 0x00, 0xab, 0xab, 0xab, 0xd8, 0x00, 0x00, 0x00,
    0xf4, 0x00, 0x00, 0x00, 0x00, 0x00, 0x00, 0x00, 0x18, 0x01, 0x00, 0x00, 0xf4, 0x00, 0x00, 0x00,
    0x08, 0x00, 0x00, 0x00, 0x2e, 0x01, 0x00, 0x00, 0xf4, 0x00, 0x00, 0x00, 0x10, 0x00, 0x00, 0x00,
    0x43, 0x01, 0x00, 0x00, 0xf4, 0x00, 0x00, 0x00, 0x18, 0x00, 0x00, 0x00, 0x05, 0x00, 0x00, 0x00,
    0x01, 0x00, 0x08, 0x00, 0x00, 0x00, 0x04, 0x00, 0x5c, 0x01, 0x00, 0x00, 0x00, 0x00, 0x00, 0x00,
    0x00, 0x00, 0x00, 0x00, 0x00, 0x00, 0x00, 0x00, 0x00, 0x00, 0x00, 0x00, 0xb4, 0x00, 0x00, 0x00,
    0x4d, 0x69, 0x63, 0x72, 0x6f, 0x73, 0x6f, 0x66, 0x74, 0x20, 0x28, 0x52, 0x29, 0x20, 0x48, 0x4c,
    0x53, 0x4c, 0x20, 0x53, 0x68, 0x61, 0x64, 0x65, 0x72, 0x20, 0x43, 0x6f, 0x6d, 0x70, 0x69, 0x6c,
    0x65, 0x72, 0x20, 0x31, 0x30, 0x2e, 0x31, 0x00, 0x49, 0x53, 0x47, 0x4e, 0x2c, 0x00, 0x00, 0x00,
    0x01, 0x00, 0x00, 0x00, 0x08, 0x00, 0x00, 0x00, 0x20, 0x00, 0x00, 0x00, 0x00, 0x00, 0x00, 0x00,
    0x06, 0x00, 0x00, 0x00, 0x01, 0x00, 0x00, 0x00, 0x00, 0x00, 0x00, 0x00, 0x01, 0x01, 0x00, 0x00,
    0x53, 0x56, 0x5f, 0x56, 0x65, 0x72, 0x74, 0x65, 0x78, 0x49, 0x44, 0x00, 0x4f, 0x53, 0x47, 0x4e,
    0x50, 0x00, 0x00, 0x00, 0x02, 0x00, 0x00, 0x00, 0x08, 0x00, 0x00, 0x00, 0x38, 0x00, 0x00, 0x00,
    0x00, 0x00, 0x00, 0x00, 0x01, 0x00, 0x00, 0x00, 0x03, 0x00, 0x00, 0x00, 0x00, 0x00, 0x00, 0x00,
    0x0f, 0x00, 0x00, 0x00, 0x44, 0x00, 0x00, 0x00, 0x00, 0x00, 0x00, 0x00, 0x00, 0x00, 0x00, 0x00,
    0x03, 0x00, 0x00, 0x00, 0x01, 0x00, 0x00, 0x00, 0x03, 0x0c, 0x00, 0x00, 0x53, 0x56, 0x5f, 0x50,
    0x6f, 0x73, 0x69, 0x74, 0x69, 0x6f, 0x6e, 0x00, 0x54, 0x45, 0x58, 0x43, 0x4f, 0x4f, 0x52, 0x44,
    0x00, 0xab, 0xab, 0xab, 0x53, 0x48, 0x45, 0x58, 0x60, 0x02, 0x00, 0x00, 0x51, 0x00, 0x01, 0x00,
    0x98, 0x00, 0x00, 0x00, 0x6a, 0x08, 0x00, 0x01, 0x59, 0x00, 0x00, 0x07, 0x46, 0x8e, 0x30, 0x00,
    0x00, 0x00, 0x00, 0x00, 0x00, 0x00, 0x00, 0x00, 0x00, 0x00, 0x00, 0x00, 0x02, 0x00, 0x00, 0x00,
    0x00, 0x00, 0x00, 0x00, 0x60, 0x00, 0x00, 0x04, 0x12, 0x10, 0x10, 0x00, 0x00, 0x00, 0x00, 0x00,
    0x06, 0x00, 0x00, 0x00, 0x67, 0x00, 0x00, 0x04, 0xf2, 0x20, 0x10, 0x00, 0x00, 0x00, 0x00, 0x00,
    0x01, 0x00, 0x00, 0x00, 0x65, 0x00, 0x00, 0x03, 0x32, 0x20, 0x10, 0x00, 0x01, 0x00, 0x00, 0x00,
    0x68, 0x00, 0x00, 0x02, 0x02, 0x00, 0x00, 0x00, 0x20, 0x00, 0x00, 0x0a, 0x32, 0x00, 0x10, 0x00,
    0x00, 0x00, 0x00, 0x00, 0x06, 0x10, 0x10, 0x00, 0x00, 0x00, 0x00, 0x00, 0x02, 0x40, 0x00, 0x00,
    0x02, 0x00, 0x00, 0x00, 0x01, 0x00, 0x00, 0x00, 0x00, 0x00, 0x00, 0x00, 0x00, 0x00, 0x00, 0x00,
    0x1f, 0x00, 0x04, 0x03, 0x0a, 0x00, 0x10, 0x00, 0x00, 0x00, 0x00, 0x00, 0x36, 0x00, 0x00, 0x05,
    0x12, 0x00, 0x10, 0x00, 0x00, 0x00, 0x00, 0x00, 0x01, 0x40, 0x00, 0x00, 0xff, 0xff, 0xff, 0xff,
    0x12, 0x00, 0x00, 0x01, 0x20, 0x00, 0x00, 0x07, 0x12, 0x00, 0x10, 0x00, 0x00, 0x00, 0x00, 0x00,
    0x0a, 0x10, 0x10, 0x00, 0x00, 0x00, 0x00, 0x00, 0x01, 0x40, 0x00, 0x00, 0x03, 0x00, 0x00, 0x00,
    0x15, 0x00, 0x00, 0x01, 0x1f, 0x00, 0x04, 0x03, 0x0a, 0x00, 0x10, 0x00, 0x00, 0x00, 0x00, 0x00,
    0x36, 0x00, 0x00, 0x05, 0x12, 0x00, 0x10, 0x00, 0x01, 0x00, 0x00, 0x00, 0x01, 0x40, 0x00, 0x00,
    0x00, 0x00, 0x80, 0x3f, 0x12, 0x00, 0x00, 0x01, 0x36, 0x00, 0x00, 0x05, 0x12, 0x00, 0x10, 0x00,
    0x01, 0x00, 0x00, 0x00, 0x01, 0x40, 0x00, 0x00, 0x00, 0x00, 0x00, 0x00, 0x15, 0x00, 0x00, 0x01,
    0x1f, 0x00, 0x04, 0x03, 0x1a, 0x00, 0x10, 0x00, 0x00, 0x00, 0x00, 0x00, 0x36, 0x00, 0x00, 0x05,
    0x12, 0x00, 0x10, 0x00, 0x00, 0x00, 0x00, 0x00, 0x01, 0x40, 0x00, 0x00, 0xff, 0xff, 0xff, 0xff,
    0x12, 0x00, 0x00, 0x01, 0x20, 0x00, 0x00, 0x07, 0x12, 0x00, 0x10, 0x00, 0x00, 0x00, 0x00, 0x00,
    0x0a, 0x10, 0x10, 0x00, 0x00, 0x00, 0x00, 0x00, 0x01, 0x40, 0x00, 0x00, 0x03, 0x00, 0x00, 0x00,
    0x15, 0x00, 0x00, 0x01, 0x1f, 0x00, 0x04, 0x03, 0x0a, 0x00, 0x10, 0x00, 0x00, 0x00, 0x00, 0x00,
    0x36, 0x00, 0x00, 0x05, 0x22, 0x00, 0x10, 0x00, 0x01, 0x00, 0x00, 0x00, 0x01, 0x40, 0x00, 0x00,
    0x00, 0x00, 0x80, 0x3f, 0x12, 0x00, 0x00, 0x01, 0x36, 0x00, 0x00, 0x05, 0x22, 0x00, 0x10, 0x00,
    0x01, 0x00, 0x00, 0x00, 0x01, 0x40, 0x00, 0x00, 0x00, 0x00, 0x00, 0x00, 0x15, 0x00, 0x00, 0x01,
    0x00, 0x00, 0x00, 0x0c, 0x32, 0x00, 0x10, 0x00, 0x00, 0x00, 0x00, 0x00, 0x46, 0x80, 0x30, 0x80,
    0x41, 0x00, 0x00, 0x00, 0x00, 0x00, 0x00, 0x00, 0x00, 0x00, 0x00, 0x00, 0x01, 0x00, 0x00, 0x00,
    0xe6, 0x8a, 0x30, 0x00, 0x00, 0x00, 0x00, 0x00, 0x00, 0x00, 0x00, 0x00, 0x01, 0x00, 0x00, 0x00,
    0x32, 0x00, 0x00, 0x0b, 0x32, 0x20, 0x10, 0x00, 0x00, 0x00, 0x00, 0x00, 0x46, 0x00, 0x10, 0x00,
    0x01, 0x00, 0x00, 0x00, 0x46, 0x00, 0x10, 0x00, 0x00, 0x00, 0x00, 0x00, 0x46, 0x80, 0x30, 0x00,
    0x00, 0x00, 0x00, 0x00, 0x00, 0x00, 0x00, 0x00, 0x01, 0x00, 0x00, 0x00, 0x00, 0x00, 0x00, 0x0c,
    0x32, 0x00, 0x10, 0x00, 0x00, 0x00, 0x00, 0x00, 0x46, 0x80, 0x30, 0x80, 0x41, 0x00, 0x00, 0x00,
    0x00, 0x00, 0x00, 0x00, 0x00, 0x00, 0x00, 0x00, 0x00, 0x00, 0x00, 0x00, 0xe6, 0x8a, 0x30, 0x00,
    0x00, 0x00, 0x00, 0x00, 0x00, 0x00, 0x00, 0x00, 0x00, 0x00, 0x00, 0x00, 0x32, 0x00, 0x00, 0x0b,
    0x32, 0x20, 0x10, 0x00, 0x01, 0x00, 0x00, 0x00, 0x46, 0x00, 0x10, 0x00, 0x01, 0x00, 0x00, 0x00,
    0x46, 0x00, 0x10, 0x00, 0x00, 0x00, 0x00, 0x00, 0x46, 0x80, 0x30, 0x00, 0x00, 0x00, 0x00, 0x00,
    0x00, 0x00, 0x00, 0x00, 0x00, 0x00, 0x00, 0x00, 0x36, 0x00, 0x00, 0x08, 0xc2, 0x20, 0x10, 0x00,
    0x00, 0x00, 0x00, 0x00, 0x02, 0x40, 0x00, 0x00, 0x00, 0x00, 0x00, 0x00, 0x00, 0x00, 0x00, 0x00,
    0x00, 0x00, 0x00, 0x00, 0x00, 0x00, 0x80, 0x3f, 0x3e, 0x00, 0x00, 0x01, 0x53, 0x54, 0x41, 0x54,
    0x94, 0x00, 0x00, 0x00, 0x1b, 0x00, 0x00, 0x00, 0x02, 0x00, 0x00, 0x00, 0x00, 0x00, 0x00, 0x00,
    0x03, 0x00, 0x00, 0x00, 0x04, 0x00, 0x00, 0x00, 0x03, 0x00, 0x00, 0x00, 0x00, 0x00, 0x00, 0x00,
    0x05, 0x00, 0x00, 0x00, 0x04, 0x00, 0x00, 0x00, 0x00, 0x00, 0x00, 0x00, 0x00, 0x00, 0x00, 0x00,
    0x00, 0x00, 0x00, 0x00, 0x00, 0x00, 0x00, 0x00, 0x00, 0x00, 0x00, 0x00, 0x00, 0x00, 0x00, 0x00,
    0x00, 0x00, 0x00, 0x00, 0x00, 0x00, 0x00, 0x00, 0x00, 0x00, 0x00, 0x00, 0x00, 0x00, 0x00, 0x00,
    0x07, 0x00, 0x00, 0x00, 0x00, 0x00, 0x00, 0x00, 0x00, 0x00, 0x00, 0x00, 0x00, 0x00, 0x00, 0x00,
    0x00, 0x00, 0x00, 0x00, 0x00, 0x00, 0x00, 0x00, 0x00, 0x00, 0x00, 0x00, 0x00, 0x00, 0x00, 0x00,
    0x00, 0x00, 0x00, 0x00, 0x00, 0x00, 0x00, 0x00, 0x00, 0x00, 0x00, 0x00, 0x00, 0x00, 0x00, 0x00,
    0x00, 0x00, 0x00, 0x00, 0x00, 0x00, 0x00, 0x00, 0x00, 0x00, 0x00, 0x00, 0x00, 0x00, 0x00, 0x00,
    0x00, 0x00, 0x00, 0x00, 0x00, 0x00, 0x00, 0x00, 0x53, 0x50, 0x44, 0x42, 0x00, 0x3e, 0x00, 0x00,
    0x4d, 0x69, 0x63, 0x72, 0x6f, 0x73, 0x6f, 0x66, 0x74, 0x20, 0x43, 0x2f, 0x43, 0x2b, 0x2b, 0x20,
    0x4d, 0x53, 0x46, 0x20, 0x37, 0x2e, 0x30, 0x30, 0x0d, 0x0a, 0x1a, 0x44, 0x53, 0x00, 0x00, 0x00,
    0x00, 0x02, 0x00, 0x00, 0x02, 0x00, 0x00, 0x00, 0x1f, 0x00, 0x00, 0x00, 0xa4, 0x00, 0x00, 0x00,
    0x00, 0x00, 0x00, 0x00, 0x1e, 0x00, 0x00, 0x00, 0x00, 0x00, 0x00, 0x00, 0x00, 0x00, 0x00, 0x00,
    0x00, 0x00, 0x00, 0x00, 0x00, 0x00, 0x00, 0x00, 0x00, 0x00, 0x00, 0x00, 0x00, 0x00, 0x00, 0x00,
    0x00, 0x00, 0x00, 0x00, 0x00, 0x00, 0x00, 0x00, 0x00, 0x00, 0x00, 0x00, 0x00, 0x00, 0x00, 0x00,
    0x00, 0x00, 0x00, 0x00, 0x00, 0x00, 0x00, 0x00, 0x00, 0x00, 0x00, 0x00, 0x00, 0x00, 0x00, 0x00,
    0x00, 0x00, 0x00, 0x00, 0x00, 0x00, 0x00, 0x00, 0x00, 0x00, 0x00, 0x00, 0x00, 0x00, 0x00, 0x00,
    0x00, 0x00, 0x00, 0x00, 0x00, 0x00, 0x00, 0x00, 0x00, 0x00, 0x00, 0x00, 0x00, 0x00, 0x00, 0x00,
    0x00, 0x00, 0x00, 0x00, 0x00, 0x00, 0x00, 0x00, 0x00, 0x00, 0x00, 0x00, 0x00, 0x00, 0x00, 0x00,
    0x00, 0x00, 0x00, 0x00, 0x00, 0x00, 0x00, 0x00, 0x00, 0x00, 0x00, 0x00, 0x00, 0x00, 0x00, 0x00,
    0x00, 0x00, 0x00, 0x00, 0x00, 0x00, 0x00, 0x00, 0x00, 0x00, 0x00, 0x00, 0x00, 0x00, 0x00, 0x00,
    0x00, 0x00, 0x00, 0x00, 0x00, 0x00, 0x00, 0x00, 0x00, 0x00, 0x00, 0x00, 0x00, 0x00, 0x00, 0x00,
    0x00, 0x00, 0x00, 0x00, 0x00, 0x00, 0x00, 0x00, 0x00, 0x00, 0x00, 0x00, 0x00, 0x00, 0x00, 0x00,
    0x00, 0x00, 0x00, 0x00, 0x00, 0x00, 0x00, 0x00, 0x00, 0x00, 0x00, 0x00, 0x00, 0x00, 0x00, 0x00,
    0x00, 0x00, 0x00, 0x00, 0x00, 0x00, 0x00, 0x00, 0x00, 0x00, 0x00, 0x00, 0x00, 0x00, 0x00, 0x00,
    0x00, 0x00, 0x00, 0x00, 0x00, 0x00, 0x00, 0x00, 0x00, 0x00, 0x00, 0x00, 0x00, 0x00, 0x00, 0x00,
    0x00, 0x00, 0x00, 0x00, 0x00, 0x00, 0x00, 0x00, 0x00, 0x00, 0x00, 0x00, 0x00, 0x00, 0x00, 0x00,
    0x00, 0x00, 0x00, 0x00, 0x00, 0x00, 0x00, 0x00, 0x00, 0x00, 0x00, 0x00, 0x00, 0x00, 0x00, 0x00,
    0x00, 0x00, 0x00, 0x00, 0x00, 0x00, 0x00, 0x00, 0x00, 0x00, 0x00, 0x00, 0x00, 0x00, 0x00, 0x00,
    0x00, 0x00, 0x00, 0x00, 0x00, 0x00, 0x00, 0x00, 0x00, 0x00, 0x00, 0x00, 0x00, 0x00, 0x00, 0x00,
    0x00, 0x00, 0x00, 0x00, 0x00, 0x00, 0x00, 0x00, 0x00, 0x00, 0x00, 0x00, 0x00, 0x00, 0x00, 0x00,
    0x00, 0x00, 0x00, 0x00, 0x00, 0x00, 0x00, 0x00, 0x00, 0x00, 0x00, 0x00, 0x00, 0x00, 0x00, 0x00,
    0x00, 0x00, 0x00, 0x00, 0x00, 0x00, 0x00, 0x00, 0x00, 0x00, 0x00, 0x00, 0x00, 0x00, 0x00, 0x00,
    0x00, 0x00, 0x00, 0x00, 0x00, 0x00, 0x00, 0x00, 0x00, 0x00, 0x00, 0x00, 0x00, 0x00, 0x00, 0x00,
    0x00, 0x00, 0x00, 0x00, 0x00, 0x00, 0x00, 0x00, 0x00, 0x00, 0x00, 0x00, 0x00, 0x00, 0x00, 0x00,
    0x00, 0x00, 0x00, 0x00, 0x00, 0x00, 0x00, 0x00, 0x00, 0x00, 0x00, 0x00, 0x00, 0x00, 0x00, 0x00,
    0x00, 0x00, 0x00, 0x00, 0x00, 0x00, 0x00, 0x00, 0x00, 0x00, 0x00, 0x00, 0x00, 0x00, 0x00, 0x00,
    0x00, 0x00, 0x00, 0x00, 0x00, 0x00, 0x00, 0x00, 0x00, 0x00, 0x00, 0x00, 0x00, 0x00, 0x00, 0x00,
    0x00, 0x00, 0x00, 0x00, 0x00, 0x00, 0x00, 0x00, 0x00, 0x00, 0x00, 0x00, 0x00, 0x00, 0x00, 0x00,
    0x00, 0x00, 0x00, 0x00, 0x00, 0x00, 0x00, 0x00, 0x00, 0x00, 0x00, 0x00, 0x00, 0x00, 0x00, 0x00,
    0x00, 0x00, 0x00, 0x00, 0x00, 0x00, 0x00, 0x00, 0x00, 0x00, 0x00, 0x00, 0x00, 0x00, 0x00, 0x00,
    0xc0, 0xff, 0xff, 0xff, 0xff, 0xff, 0xff, 0xff, 0xff, 0xff, 0xff, 0xff, 0xff, 0xff, 0xff, 0xff,
    0xff, 0xff, 0xff, 0xff, 0xff, 0xff, 0xff, 0xff, 0xff, 0xff, 0xff, 0xff, 0xff, 0xff, 0xff, 0xff,
    0xff, 0xff, 0xff, 0xff, 0xff, 0xff, 0xff, 0xff, 0xff, 0xff, 0xff, 0xff, 0xff, 0xff, 0xff, 0xff,
    0xff, 0xff, 0xff, 0xff, 0xff, 0xff, 0xff, 0xff, 0xff, 0xff, 0xff, 0xff, 0xff, 0xff, 0xff, 0xff,
    0xff, 0xff, 0xff, 0xff, 0xff, 0xff, 0xff, 0xff, 0xff, 0xff, 0xff, 0xff, 0xff, 0xff, 0xff, 0xff,
    0xff, 0xff, 0xff, 0xff, 0xff, 0xff, 0xff, 0xff, 0xff, 0xff, 0xff, 0xff, 0xff, 0xff, 0xff, 0xff,
    0xff, 0xff, 0xff, 0xff, 0xff, 0xff, 0xff, 0xff, 0xff, 0xff, 0xff, 0xff, 0xff, 0xff, 0xff, 0xff,
    0xff, 0xff, 0xff, 0xff, 0xff, 0xff, 0xff, 0xff, 0xff, 0xff, 0xff, 0xff, 0xff, 0xff, 0xff, 0xff,
    0xff, 0xff, 0xff, 0xff, 0xff, 0xff, 0xff, 0xff, 0xff, 0xff, 0xff, 0xff, 0xff, 0xff, 0xff, 0xff,
    0xff, 0xff, 0xff, 0xff, 0xff, 0xff, 0xff, 0xff, 0xff, 0xff, 0xff, 0xff, 0xff, 0xff, 0xff, 0xff,
    0xff, 0xff, 0xff, 0xff, 0xff, 0xff, 0xff, 0xff, 0xff, 0xff, 0xff, 0xff, 0xff, 0xff, 0xff, 0xff,
    0xff, 0xff, 0xff, 0xff, 0xff, 0xff, 0xff, 0xff, 0xff, 0xff, 0xff, 0xff, 0xff, 0xff, 0xff, 0xff,
    0xff, 0xff, 0xff, 0xff, 0xff, 0xff, 0xff, 0xff, 0xff, 0xff, 0xff, 0xff, 0xff, 0xff, 0xff, 0xff,
    0xff, 0xff, 0xff, 0xff, 0xff, 0xff, 0xff, 0xff, 0xff, 0xff, 0xff, 0xff, 0xff, 0xff, 0xff, 0xff,
    0xff, 0xff, 0xff, 0xff, 0xff, 0xff, 0xff, 0xff, 0xff, 0xff, 0xff, 0xff, 0xff, 0xff, 0xff, 0xff,
    0xff, 0xff, 0xff, 0xff, 0xff, 0xff, 0xff, 0xff, 0xff, 0xff, 0xff, 0xff, 0xff, 0xff, 0xff, 0xff,
    0xff, 0xff, 0xff, 0xff, 0xff, 0xff, 0xff, 0xff, 0xff, 0xff, 0xff, 0xff, 0xff, 0xff, 0xff, 0xff,
    0xff, 0xff, 0xff, 0xff, 0xff, 0xff, 0xff, 0xff, 0xff, 0xff, 0xff, 0xff, 0xff, 0xff, 0xff, 0xff,
    0xff, 0xff, 0xff, 0xff, 0xff, 0xff, 0xff, 0xff, 0xff, 0xff, 0xff, 0xff, 0xff, 0xff, 0xff, 0xff,
    0xff, 0xff, 0xff, 0xff, 0xff, 0xff, 0xff, 0xff, 0xff, 0xff, 0xff, 0xff, 0xff, 0xff, 0xff, 0xff,
    0xff, 0xff, 0xff, 0xff, 0xff, 0xff, 0xff, 0xff, 0xff, 0xff, 0xff, 0xff, 0xff, 0xff, 0xff, 0xff,
    0xff, 0xff, 0xff, 0xff, 0xff, 0xff, 0xff, 0xff, 0xff, 0xff, 0xff, 0xff, 0xff, 0xff, 0xff, 0xff,
    0xff, 0xff, 0xff, 0xff, 0xff, 0xff, 0xff, 0xff, 0xff, 0xff, 0xff, 0xff, 0xff, 0xff, 0xff, 0xff,
    0xff, 0xff, 0xff, 0xff, 0xff, 0xff, 0xff, 0xff, 0xff, 0xff, 0xff, 0xff, 0xff, 0xff, 0xff, 0xff,
    0xff, 0xff, 0xff, 0xff, 0xff, 0xff, 0xff, 0xff, 0xff, 0xff, 0xff, 0xff, 0xff, 0xff, 0xff, 0xff,
    0xff, 0xff, 0xff, 0xff, 0xff, 0xff, 0xff, 0xff, 0xff, 0xff, 0xff, 0xff, 0xff, 0xff, 0xff, 0xff,
    0xff, 0xff, 0xff, 0xff, 0xff, 0xff, 0xff, 0xff, 0xff, 0xff, 0xff, 0xff, 0xff, 0xff, 0xff, 0xff,
    0xff, 0xff, 0xff, 0xff, 0xff, 0xff, 0xff, 0xff, 0xff, 0xff, 0xff, 0xff, 0xff, 0xff, 0xff, 0xff,
    0xff, 0xff, 0xff, 0xff, 0xff, 0xff, 0xff, 0xff, 0xff, 0xff, 0xff, 0xff, 0xff, 0xff, 0xff, 0xff,
    0xff, 0xff, 0xff, 0xff, 0xff, 0xff, 0xff, 0xff, 0xff, 0xff, 0xff, 0xff, 0xff, 0xff, 0xff, 0xff,
    0xff, 0xff, 0xff, 0xff, 0xff, 0xff, 0xff, 0xff, 0xff, 0xff, 0xff, 0xff, 0xff, 0xff, 0xff, 0xff,
    0xff, 0xff, 0xff, 0xff, 0xff, 0xff, 0xff, 0xff, 0xff, 0xff, 0xff, 0xff, 0xff, 0xff, 0xff, 0xff,
    0x38, 0x00, 0x00, 0x80, 0xff, 0xff, 0xff, 0xff, 0xff, 0xff, 0xff, 0xff, 0xff, 0xff, 0xff, 0xff,
    0xff, 0xff, 0xff, 0xff, 0xff, 0xff, 0xff, 0xff, 0xff, 0xff, 0xff, 0xff, 0xff, 0xff, 0xff, 0xff,
    0xff, 0xff, 0xff, 0xff, 0xff, 0xff, 0xff, 0xff, 0xff, 0xff, 0xff, 0xff, 0xff, 0xff, 0xff, 0xff,
    0xff, 0xff, 0xff, 0xff, 0xff, 0xff, 0xff, 0xff, 0xff, 0xff, 0xff, 0xff, 0xff, 0xff, 0xff, 0xff,
    0xff, 0xff, 0xff, 0xff, 0xff, 0xff, 0xff, 0xff, 0xff, 0xff, 0xff, 0xff, 0xff, 0xff, 0xff, 0xff,
    0xff, 0xff, 0xff, 0xff, 0xff, 0xff, 0xff, 0xff, 0xff, 0xff, 0xff, 0xff, 0xff, 0xff, 0xff, 0xff,
    0xff, 0xff, 0xff, 0xff, 0xff, 0xff, 0xff, 0xff, 0xff, 0xff, 0xff, 0xff, 0xff, 0xff, 0xff, 0xff,
    0xff, 0xff, 0xff, 0xff, 0xff, 0xff, 0xff, 0xff, 0xff, 0xff, 0xff, 0xff, 0xff, 0xff, 0xff, 0xff,
    0xff, 0xff, 0xff, 0xff, 0xff, 0xff, 0xff, 0xff, 0xff, 0xff, 0xff, 0xff, 0xff, 0xff, 0xff, 0xff,
    0xff, 0xff, 0xff, 0xff, 0xff, 0xff, 0xff, 0xff, 0xff, 0xff, 0xff, 0xff, 0xff, 0xff, 0xff, 0xff,
    0xff, 0xff, 0xff, 0xff, 0xff, 0xff, 0xff, 0xff, 0xff, 0xff, 0xff, 0xff, 0xff, 0xff, 0xff, 0xff,
    0xff, 0xff, 0xff, 0xff, 0xff, 0xff, 0xff, 0xff, 0xff, 0xff, 0xff, 0xff, 0xff, 0xff, 0xff, 0xff,
    0xff, 0xff, 0xff, 0xff, 0xff, 0xff, 0xff, 0xff, 0xff, 0xff, 0xff, 0xff, 0xff, 0xff, 0xff, 0xff,
    0xff, 0xff, 0xff, 0xff, 0xff, 0xff, 0xff, 0xff, 0xff, 0xff, 0xff, 0xff, 0xff, 0xff, 0xff, 0xff,
    0xff, 0xff, 0xff, 0xff, 0xff, 0xff, 0xff, 0xff, 0xff, 0xff, 0xff, 0xff, 0xff, 0xff, 0xff, 0xff,
    0xff, 0xff, 0xff, 0xff, 0xff, 0xff, 0xff, 0xff, 0xff, 0xff, 0xff, 0xff, 0xff, 0xff, 0xff, 0xff,
    0xff, 0xff, 0xff, 0xff, 0xff, 0xff, 0xff, 0xff, 0xff, 0xff, 0xff, 0xff, 0xff, 0xff, 0xff, 0xff,
    0xff, 0xff, 0xff, 0xff, 0xff, 0xff, 0xff, 0xff, 0xff, 0xff, 0xff, 0xff, 0xff, 0xff, 0xff, 0xff,
    0xff, 0xff, 0xff, 0xff, 0xff, 0xff, 0xff, 0xff, 0xff, 0xff, 0xff, 0xff, 0xff, 0xff, 0xff, 0xff,
    0xff, 0xff, 0xff, 0xff, 0xff, 0xff, 0xff, 0xff, 0xff, 0xff, 0xff, 0xff, 0xff, 0xff, 0xff, 0xff,
    0xff, 0xff, 0xff, 0xff, 0xff, 0xff, 0xff, 0xff, 0xff, 0xff, 0xff, 0xff, 0xff, 0xff, 0xff, 0xff,
    0xff, 0xff, 0xff, 0xff, 0xff, 0xff, 0xff, 0xff, 0xff, 0xff, 0xff, 0xff, 0xff, 0xff, 0xff, 0xff,
    0xff, 0xff, 0xff, 0xff, 0xff, 0xff, 0xff, 0xff, 0xff, 0xff, 0xff, 0xff, 0xff, 0xff, 0xff, 0xff,
    0xff, 0xff, 0xff, 0xff, 0xff, 0xff, 0xff, 0xff, 0xff, 0xff, 0xff, 0xff, 0xff, 0xff, 0xff, 0xff,
    0xff, 0xff, 0xff, 0xff, 0xff, 0xff, 0xff, 0xff, 0xff, 0xff, 0xff, 0xff, 0xff, 0xff, 0xff, 0xff,
    0xff, 0xff, 0xff, 0xff, 0xff, 0xff, 0xff, 0xff, 0xff, 0xff, 0xff, 0xff, 0xff, 0xff, 0xff, 0xff,
    0xff, 0xff, 0xff, 0xff, 0xff, 0xff, 0xff, 0xff, 0xff, 0xff, 0xff, 0xff, 0xff, 0xff, 0xff, 0xff,
    0xff, 0xff, 0xff, 0xff, 0xff, 0xff, 0xff, 0xff, 0xff, 0xff, 0xff, 0xff, 0xff, 0xff, 0xff, 0xff,
    0xff, 0xff, 0xff, 0xff, 0xff, 0xff, 0xff, 0xff, 0xff, 0xff, 0xff, 0xff, 0xff, 0xff, 0xff, 0xff,
    0xff, 0xff, 0xff, 0xff, 0xff, 0xff, 0xff, 0xff, 0xff, 0xff, 0xff, 0xff, 0xff, 0xff, 0xff, 0xff,
    0xff, 0xff, 0xff, 0xff, 0xff, 0xff, 0xff, 0xff, 0xff, 0xff, 0xff, 0xff, 0xff, 0xff, 0xff, 0xff,
    0xff, 0xff, 0xff, 0xff, 0xff, 0xff, 0xff, 0xff, 0xff, 0xff, 0xff, 0xff, 0xff, 0xff, 0xff, 0xff,
    0x05, 0x00, 0x00, 0x00, 0x20, 0x00, 0x00, 0x00, 0x3c, 0x00, 0x00, 0x00, 0x00, 0x00, 0x00, 0x00,
    0xff, 0xff, 0xff, 0xff, 0x00, 0x00, 0x00, 0x00, 0x06, 0x00, 0x00, 0x00, 0x05, 0x00, 0x00, 0x00,
    0x00, 0x00, 0x00, 0x00, 0x00, 0x00, 0x00, 0x00, 0x00, 0x00, 0x00, 0x00, 0x00, 0x00, 0x00, 0x00,
    0x00, 0x00, 0x00, 0x00, 0x00, 0x00, 0x00, 0x00, 0x00, 0x00, 0x00, 0x00, 0x00, 0x00, 0x00, 0x00,
    0x00, 0x00, 0x00, 0x00, 0x00, 0x00, 0x00, 0x00, 0x00, 0x00, 0x00, 0x00, 0x00, 0x00, 0x00, 0x00,
    0x00, 0x00, 0x00, 0x00, 0x00, 0x00, 0x00, 0x00, 0x00, 0x00, 0x00, 0x00, 0x00, 0x00, 0x00, 0x00,
    0x00, 0x00, 0x00, 0x00, 0x00, 0x00, 0x00, 0x00, 0x00, 0x00, 0x00, 0x00, 0x00, 0x00, 0x00, 0x00,
    0x00, 0x00, 0x00, 0x00, 0x00, 0x00, 0x00, 0x00, 0x00, 0x00, 0x00, 0x00, 0x00, 0x00, 0x00, 0x00,
    0x00, 0x00, 0x00, 0x00, 0x00, 0x00, 0x00, 0x00, 0x00, 0x00, 0x00, 0x00, 0x00, 0x00, 0x00, 0x00,
    0x00, 0x00, 0x00, 0x00, 0x00, 0x00, 0x00, 0x00, 0x00, 0x00, 0x00, 0x00, 0x00, 0x00, 0x00, 0x00,
    0x00, 0x00, 0x00, 0x00, 0x00, 0x00, 0x00, 0x00, 0x00, 0x00, 0x00, 0x00, 0x00, 0x00, 0x00, 0x00,
    0x00, 0x00, 0x00, 0x00, 0x00, 0x00, 0x00, 0x00, 0x00, 0x00, 0x00, 0x00, 0x00, 0x00, 0x00, 0x00,
    0x00, 0x00, 0x00, 0x00, 0x00, 0x00, 0x00, 0x00, 0x00, 0x00, 0x00, 0x00, 0x00, 0x00, 0x00, 0x00,
    0x00, 0x00, 0x00, 0x00, 0x00, 0x00, 0x00, 0x00, 0x00, 0x00, 0x00, 0x00, 0x00, 0x00, 0x00, 0x00,
    0x00, 0x00, 0x00, 0x00, 0x00, 0x00, 0x00, 0x00, 0x00, 0x00, 0x00, 0x00, 0x00, 0x00, 0x00, 0x00,
    0x00, 0x00, 0x00, 0x00, 0x00, 0x00, 0x00, 0x00, 0x00, 0x00, 0x00, 0x00, 0x00, 0x00, 0x00, 0x00,
    0x00, 0x00, 0x00, 0x00, 0x00, 0x00, 0x00, 0x00, 0x00, 0x00, 0x00, 0x00, 0x00, 0x00, 0x00, 0x00,
    0x00, 0x00, 0x00, 0x00, 0x00, 0x00, 0x00, 0x00, 0x00, 0x00, 0x00, 0x00, 0x00, 0x00, 0x00, 0x00,
    0x00, 0x00, 0x00, 0x00, 0x00, 0x00, 0x00, 0x00, 0x00, 0x00, 0x00, 0x00, 0x00, 0x00, 0x00, 0x00,
    0x00, 0x00, 0x00, 0x00, 0x00, 0x00, 0x00, 0x00, 0x00, 0x00, 0x00, 0x00, 0x00, 0x00, 0x00, 0x00,
    0x00, 0x00, 0x00, 0x00, 0x00, 0x00, 0x00, 0x00, 0x00, 0x00, 0x00, 0x00, 0x00, 0x00, 0x00, 0x00,
    0x00, 0x00, 0x00, 0x00, 0x00, 0x00, 0x00, 0x00, 0x00, 0x00, 0x00, 0x00, 0x00, 0x00, 0x00, 0x00,
    0x00, 0x00, 0x00, 0x00, 0x00, 0x00, 0x00, 0x00, 0x00, 0x00, 0x00, 0x00, 0x00, 0x00, 0x00, 0x00,
    0x00, 0x00, 0x00, 0x00, 0x00, 0x00, 0x00, 0x00, 0x00, 0x00, 0x00, 0x00, 0x00, 0x00, 0x00, 0x00,
    0x00, 0x00, 0x00, 0x00, 0x00, 0x00, 0x00, 0x00, 0x00, 0x00, 0x00, 0x00, 0x00, 0x00, 0x00, 0x00,
    0x00, 0x00, 0x00, 0x00, 0x00, 0x00, 0x00, 0x00, 0x00, 0x00, 0x00, 0x00, 0x00, 0x00, 0x00, 0x00,
    0x00, 0x00, 0x00, 0x00, 0x00, 0x00, 0x00, 0x00, 0x00, 0x00, 0x00, 0x00, 0x00, 0x00, 0x00, 0x00,
    0x00, 0x00, 0x00, 0x00, 0x00, 0x00, 0x00, 0x00, 0x00, 0x00, 0x00, 0x00, 0x00, 0x00, 0x00, 0x00,
    0x00, 0x00, 0x00, 0x00, 0x00, 0x00, 0x00, 0x00, 0x00, 0x00, 0x00, 0x00, 0x00, 0x00, 0x00, 0x00,
    0x00, 0x00, 0x00, 0x00, 0x00, 0x00, 0x00, 0x00, 0x00, 0x00, 0x00, 0x00, 0x00, 0x00, 0x00, 0x00,
    0x00, 0x00, 0x00, 0x00, 0x00, 0x00, 0x00, 0x00, 0x00, 0x00, 0x00, 0x00, 0x00, 0x00, 0x00, 0x00,
    0x00, 0x00, 0x00, 0x00, 0x00, 0x00, 0x00, 0x00, 0x00, 0x00, 0x00, 0x00, 0x00, 0x00, 0x00, 0x00,
    0x03, 0x00, 0x00, 0x00, 0x00, 0x00, 0x00, 0x00, 0x00, 0x00, 0x00, 0x00, 0x00, 0x00, 0x00, 0x00,
    0x00, 0x00, 0x00, 0x00, 0x00, 0x00, 0x00, 0x00, 0x00, 0x00, 0x00, 0x00, 0x00, 0x00, 0x00, 0x00,
    0x00, 0x00, 0x00, 0x00, 0x00, 0x00, 0x00, 0x00, 0x00, 0x00, 0x00, 0x00, 0x00, 0x00, 0x00, 0x00,
    0x00, 0x00, 0x00, 0x00, 0x00, 0x00, 0x00, 0x00, 0x00, 0x00, 0x00, 0x00, 0x00, 0x00, 0x00, 0x00,
    0x00, 0x00, 0x00, 0x00, 0x00, 0x00, 0x00, 0x00, 0x00, 0x00, 0x00, 0x00, 0x00, 0x00, 0x00, 0x00,
    0x00, 0x00, 0x00, 0x00, 0x00, 0x00, 0x00, 0x00, 0x00, 0x00, 0x00, 0x00, 0x00, 0x00, 0x00, 0x00,
    0x00, 0x00, 0x00, 0x00, 0x00, 0x00, 0x00, 0x00, 0x00, 0x00, 0x00, 0x00, 0x00, 0x00, 0x00, 0x00,
    0x00, 0x00, 0x00, 0x00, 0x00, 0x00, 0x00, 0x00, 0x00, 0x00, 0x00, 0x00, 0x00, 0x00, 0x00, 0x00,
    0x00, 0x00, 0x00, 0x00, 0x00, 0x00, 0x00, 0x00, 0x00, 0x00, 0x00, 0x00, 0x00, 0x00, 0x00, 0x00,
    0x00, 0x00, 0x00, 0x00, 0x00, 0x00, 0x00, 0x00, 0x00, 0x00, 0x00, 0x00, 0x00, 0x00, 0x00, 0x00,
    0x00, 0x00, 0x00, 0x00, 0x00, 0x00, 0x00, 0x00, 0x00, 0x00, 0x00, 0x00, 0x00, 0x00, 0x00, 0x00,
    0x00, 0x00, 0x00, 0x00, 0x00, 0x00, 0x00, 0x00, 0x00, 0x00, 0x00, 0x00, 0x00, 0x00, 0x00, 0x00,
    0x00, 0x00, 0x00, 0x00, 0x00, 0x00, 0x00, 0x00, 0x00, 0x00, 0x00, 0x00, 0x00, 0x00, 0x00, 0x00,
    0x00, 0x00, 0x00, 0x00, 0x00, 0x00, 0x00, 0x00, 0x00, 0x00, 0x00, 0x00, 0x00, 0x00, 0x00, 0x00,
    0x00, 0x00, 0x00, 0x00, 0x00, 0x00, 0x00, 0x00, 0x00, 0x00, 0x00, 0x00, 0x00, 0x00, 0x00, 0x00,
    0x00, 0x00, 0x00, 0x00, 0x00, 0x00, 0x00, 0x00, 0x00, 0x00, 0x00, 0x00, 0x00, 0x00, 0x00, 0x00,
    0x00, 0x00, 0x00, 0x00, 0x00, 0x00, 0x00, 0x00, 0x00, 0x00, 0x00, 0x00, 0x00, 0x00, 0x00, 0x00,
    0x00, 0x00, 0x00, 0x00, 0x00, 0x00, 0x00, 0x00, 0x00, 0x00, 0x00, 0x00, 0x00, 0x00, 0x00, 0x00,
    0x00, 0x00, 0x00, 0x00, 0x00, 0x00, 0x00, 0x00, 0x00, 0x00, 0x00, 0x00, 0x00, 0x00, 0x00, 0x00,
    0x00, 0x00, 0x00, 0x00, 0x00, 0x00, 0x00, 0x00, 0x00, 0x00, 0x00, 0x00, 0x00, 0x00, 0x00, 0x00,
    0x00, 0x00, 0x00, 0x00, 0x00, 0x00, 0x00, 0x00, 0x00, 0x00, 0x00, 0x00, 0x00, 0x00, 0x00, 0x00,
    0x00, 0x00, 0x00, 0x00, 0x00, 0x00, 0x00, 0x00, 0x00, 0x00, 0x00, 0x00, 0x00, 0x00, 0x00, 0x00,
    0x00, 0x00, 0x00, 0x00, 0x00, 0x00, 0x00, 0x00, 0x00, 0x00, 0x00, 0x00, 0x00, 0x00, 0x00, 0x00,
    0x00, 0x00, 0x00, 0x00, 0x00, 0x00, 0x00, 0x00, 0x00, 0x00, 0x00, 0x00, 0x00, 0x00, 0x00, 0x00,
    0x00, 0x00, 0x00, 0x00, 0x00, 0x00, 0x00, 0x00, 0x00, 0x00, 0x00, 0x00, 0x00, 0x00, 0x00, 0x00,
    0x00, 0x00, 0x00, 0x00, 0x00, 0x00, 0x00, 0x00, 0x00, 0x00, 0x00, 0x00, 0x00, 0x00, 0x00, 0x00,
    0x00, 0x00, 0x00, 0x00, 0x00, 0x00, 0x00, 0x00, 0x00, 0x00, 0x00, 0x00, 0x00, 0x00, 0x00, 0x00,
    0x00, 0x00, 0x00, 0x00, 0x00, 0x00, 0x00, 0x00, 0x00, 0x00, 0x00, 0x00, 0x00, 0x00, 0x00, 0x00,
    0x00, 0x00, 0x00, 0x00, 0x00, 0x00, 0x00, 0x00, 0x00, 0x00, 0x00, 0x00, 0x00, 0x00, 0x00, 0x00,
    0x00, 0x00, 0x00, 0x00, 0x00, 0x00, 0x00, 0x00, 0x00, 0x00, 0x00, 0x00, 0x00, 0x00, 0x00, 0x00,
    0x00, 0x00, 0x00, 0x00, 0x00, 0x00, 0x00, 0x00, 0x00, 0x00, 0x00, 0x00, 0x00, 0x00, 0x00, 0x00,
    0x00, 0x00, 0x00, 0x00, 0x00, 0x00, 0x00, 0x00, 0x00, 0x00, 0x00, 0x00, 0x00, 0x00, 0x00, 0x00,
    0x94, 0x2e, 0x31, 0x01, 0x90, 0xa8, 0xd7, 0x68, 0x01, 0x00, 0x00, 0x00, 0xbf, 0xb6, 0x4b, 0xa3,
    0xaa, 0x6a, 0xa1, 0x4b, 0xb5, 0x4f, 0x59, 0x38, 0xc7, 0xe4, 0x0c, 0xfe, 0x00, 0x00, 0x00, 0x00,
    0x00, 0x00, 0x00, 0x00, 0x01, 0x00, 0x00, 0x00, 0x01, 0x00, 0x00, 0x00, 0x00, 0x00, 0x00, 0x00,
    0x00, 0x00, 0x00, 0x00, 0x00, 0x00, 0x00, 0x00, 0xdc, 0x51, 0x33, 0x01, 0x00, 0x00, 0x00, 0x00,
    0x00, 0x00, 0x00, 0x00, 0x00, 0x00, 0x00, 0x00, 0x00, 0x00, 0x00, 0x00, 0x00, 0x00, 0x00, 0x00,
    0x00, 0x00, 0x00, 0x00, 0x00, 0x00, 0x00, 0x00, 0x00, 0x00, 0x00, 0x00, 0x00, 0x00, 0x00, 0x00,
    0x00, 0x00, 0x00, 0x00, 0x00, 0x00, 0x00, 0x00, 0x00, 0x00, 0x00, 0x00, 0x00, 0x00, 0x00, 0x00,
    0x00, 0x00, 0x00, 0x00, 0x00, 0x00, 0x00, 0x00, 0x00, 0x00, 0x00, 0x00, 0x00, 0x00, 0x00, 0x00,
    0x00, 0x00, 0x00, 0x00, 0x00, 0x00, 0x00, 0x00, 0x00, 0x00, 0x00, 0x00, 0x00, 0x00, 0x00, 0x00,
    0x00, 0x00, 0x00, 0x00, 0x00, 0x00, 0x00, 0x00, 0x00, 0x00, 0x00, 0x00, 0x00, 0x00, 0x00, 0x00,
    0x00, 0x00, 0x00, 0x00, 0x00, 0x00, 0x00, 0x00, 0x00, 0x00, 0x00, 0x00, 0x00, 0x00, 0x00, 0x00,
    0x00, 0x00, 0x00, 0x00, 0x00, 0x00, 0x00, 0x00, 0x00, 0x00, 0x00, 0x00, 0x00, 0x00, 0x00, 0x00,
    0x00, 0x00, 0x00, 0x00, 0x00, 0x00, 0x00, 0x00, 0x00, 0x00, 0x00, 0x00, 0x00, 0x00, 0x00, 0x00,
    0x00, 0x00, 0x00, 0x00, 0x00, 0x00, 0x00, 0x00, 0x00, 0x00, 0x00, 0x00, 0x00, 0x00, 0x00, 0x00,
    0x00, 0x00, 0x00, 0x00, 0x00, 0x00, 0x00, 0x00, 0x00, 0x00, 0x00, 0x00, 0x00, 0x00, 0x00, 0x00,
    0x00, 0x00, 0x00, 0x00, 0x00, 0x00, 0x00, 0x00, 0x00, 0x00, 0x00, 0x00, 0x00, 0x00, 0x00, 0x00,
    0x00, 0x00, 0x00, 0x00, 0x00, 0x00, 0x00, 0x00, 0x00, 0x00, 0x00, 0x00, 0x00, 0x00, 0x00, 0x00,
    0x00, 0x00, 0x00, 0x00, 0x00, 0x00, 0x00, 0x00, 0x00, 0x00, 0x00, 0x00, 0x00, 0x00, 0x00, 0x00,
    0x00, 0x00, 0x00, 0x00, 0x00, 0x00, 0x00, 0x00, 0x00, 0x00, 0x00, 0x00, 0x00, 0x00, 0x00, 0x00,
    0x00, 0x00, 0x00, 0x00, 0x00, 0x00, 0x00, 0x00, 0x00, 0x00, 0x00, 0x00, 0x00, 0x00, 0x00, 0x00,
    0x00, 0x00, 0x00, 0x00, 0x00, 0x00, 0x00, 0x00, 0x00, 0x00, 0x00, 0x00, 0x00, 0x00, 0x00, 0x00,
    0x00, 0x00, 0x00, 0x00, 0x00, 0x00, 0x00, 0x00, 0x00, 0x00, 0x00, 0x00, 0x00, 0x00, 0x00, 0x00,
    0x00, 0x00, 0x00, 0x00, 0x00, 0x00, 0x00, 0x00, 0x00, 0x00, 0x00, 0x00, 0x00, 0x00, 0x00, 0x00,
    0x00, 0x00, 0x00, 0x00, 0x00, 0x00, 0x00, 0x00, 0x00, 0x00, 0x00, 0x00, 0x00, 0x00, 0x00, 0x00,
    0x00, 0x00, 0x00, 0x00, 0x00, 0x00, 0x00, 0x00, 0x00, 0x00, 0x00, 0x00, 0x00, 0x00, 0x00, 0x00,
    0x00, 0x00, 0x00, 0x00, 0x00, 0x00, 0x00, 0x00, 0x00, 0x00, 0x00, 0x00, 0x00, 0x00, 0x00, 0x00,
    0x00, 0x00, 0x00, 0x00, 0x00, 0x00, 0x00, 0x00, 0x00, 0x00, 0x00, 0x00, 0x00, 0x00, 0x00, 0x00,
    0x00, 0x00, 0x00, 0x00, 0x00, 0x00, 0x00, 0x00, 0x00, 0x00, 0x00, 0x00, 0x00, 0x00, 0x00, 0x00,
    0x00, 0x00, 0x00, 0x00, 0x00, 0x00, 0x00, 0x00, 0x00, 0x00, 0x00, 0x00, 0x00, 0x00, 0x00, 0x00,
    0x00, 0x00, 0x00, 0x00, 0x00, 0x00, 0x00, 0x00, 0x00, 0x00, 0x00, 0x00, 0x00, 0x00, 0x00, 0x00,
    0x00, 0x00, 0x00, 0x00, 0x00, 0x00, 0x00, 0x00, 0x00, 0x00, 0x00, 0x00, 0x00, 0x00, 0x00, 0x00,
    0x00, 0x00, 0x00, 0x00, 0x00, 0x00, 0x00, 0x00, 0x00, 0x00, 0x00, 0x00, 0x00, 0x00, 0x00, 0x00,
    0x6e, 0x74, 0x5f, 0x30, 0x20, 0x3a, 0x20, 0x72, 0x65, 0x67, 0x69, 0x73, 0x74, 0x65, 0x72, 0x28,
    0x62, 0x30, 0x29, 0x0a, 0x7b, 0x0a, 0x20, 0x20, 0x20, 0x20, 0x53, 0x4c, 0x41, 0x4e, 0x47, 0x5f,
    0x50, 0x61, 0x72, 0x61, 0x6d, 0x65, 0x74, 0x65, 0x72, 0x47, 0x72, 0x6f, 0x75, 0x70, 0x5f, 0x50,
    0x75, 0x73, 0x68, 0x43, 0x6f, 0x6e, 0x73, 0x74, 0x61, 0x6e, 0x74, 0x5f, 0x30, 0x20, 0x50, 0x75,
    0x73, 0x68, 0x43, 0x6f, 0x6e, 0x73, 0x74, 0x61, 0x6e, 0x74, 0x5f, 0x30, 0x3b, 0x0a, 0x7d, 0x0a,
    0x0a, 0x23, 0x6c, 0x69, 0x6e, 0x65, 0x20, 0x31, 0x0a, 0x73, 0x74, 0x72, 0x75, 0x63, 0x74, 0x20,
    0x56, 0x65, 0x72, 0x74, 0x65, 0x78, 0x4f, 0x75, 0x74, 0x70, 0x75, 0x74, 0x5f, 0x30, 0x0a, 0x7b,
    0x0a, 0x20, 0x20, 0x20, 0x20, 0x66, 0x6c, 0x6f, 0x61, 0x74, 0x34, 0x20, 0x70, 0x6f, 0x73, 0x69,
    0x74, 0x69, 0x6f, 0x6e, 0x5f, 0x30, 0x20, 0x3a, 0x20, 0x53, 0x56, 0x5f, 0x50, 0x6f, 0x73, 0x69,
    0x74, 0x69, 0x6f, 0x6e, 0x3b, 0x0a, 0x20, 0x20, 0x20, 0x20, 0x66, 0x6c, 0x6f, 0x61, 0x74, 0x32,
    0x20, 0x75, 0x76, 0x5f, 0x30, 0x20, 0x3a, 0x20, 0x54, 0x45, 0x58, 0x43, 0x4f, 0x4f, 0x52, 0x44,
    0x30, 0x3b, 0x0a, 0x7d, 0x3b, 0x0a, 0x0a, 0x0a, 0x23, 0x6c, 0x69, 0x6e, 0x65, 0x20, 0x31, 0x36,
    0x0a, 0x56, 0x65, 0x72, 0x74, 0x65, 0x78, 0x4f, 0x75, 0x74, 0x70, 0x75, 0x74, 0x5f, 0x30, 0x20,
    0x76, 0x65, 0x72, 0x74, 0x65, 0x78, 0x4d, 0x61, 0x69, 0x6e, 0x28, 0x75, 0x69, 0x6e, 0x74, 0x20,
    0x76, 0x65, 0x72, 0x74, 0x65, 0x78, 0x49, 0x44, 0x5f, 0x30, 0x20, 0x3a, 0x20, 0x53, 0x56, 0x5f,
    0x56, 0x65, 0x72, 0x74, 0x65, 0x78, 0x49, 0x44, 0x29, 0x0a, 0x7b, 0x0a, 0x0a, 0x23, 0x6c, 0x69,
    0x6e, 0x65, 0x20, 0x31, 0x36, 0x0a, 0x20, 0x20, 0x20, 0x20, 0x75, 0x69, 0x6e, 0x74, 0x20, 0x5f,
    0x53, 0x31, 0x20, 0x3d, 0x20, 0x76, 0x65, 0x72, 0x74, 0x65, 0x78, 0x49, 0x44, 0x5f, 0x30, 0x3b,
    0x0a, 0x0a, 0x0a, 0x0a, 0x20, 0x20, 0x20, 0x20, 0x66, 0x6c, 0x6f, 0x61, 0x74, 0x32, 0x20, 0x6c,
    0x6f, 0x63, 0x61, 0x6c, 0x5f, 0x30, 0x3b, 0x0a, 0x20, 0x20, 0x20, 0x20, 0x62, 0x6f, 0x6f, 0x6c,
    0x20, 0x5f, 0x53, 0x32, 0x20, 0x3d, 0x20, 0x5f, 0x53, 0x31, 0x20, 0x3d, 0x3d, 0x20, 0x32, 0x55,
    0x3b, 0x0a, 0x0a, 0x23, 0x6c, 0x69, 0x6e, 0x65, 0x20, 0x32, 0x31, 0x0a, 0x20, 0x20, 0x20, 0x20,
    0x62, 0x6f, 0x6f, 0x6c, 0x20, 0x5f, 0x53, 0x33, 0x3b, 0x0a, 0x0a, 0x23, 0x6c, 0x69, 0x6e, 0x65,
    0x20, 0x32, 0x31, 0x0a, 0x20, 0x20, 0x20, 0x20, 0x69, 0x66, 0x28, 0x5f, 0x53, 0x32, 0x29, 0x0a,
    0x20, 0x20, 0x20, 0x20, 0x7b, 0x0a, 0x0a, 0x23, 0x6c, 0x69, 0x6e, 0x65, 0x20, 0x32, 0x31, 0x0a,
    0x20, 0x20, 0x20, 0x20, 0x20, 0x20, 0x20, 0x20, 0x5f, 0x53, 0x33, 0x20, 0x3d, 0x20, 0x74, 0x72,
    0x75, 0x65, 0x3b, 0x0a, 0x0a, 0x23, 0x6c, 0x69, 0x6e, 0x65, 0x20, 0x32, 0x31, 0x0a, 0x20, 0x20,
    0x20, 0x20, 0x7d, 0x0a, 0x20, 0x20, 0x20, 0x20, 0x65, 0x6c, 0x73, 0x65, 0x0a, 0x20, 0x20, 0x20,
    0x20, 0x7b, 0x0a, 0x0a, 0x23, 0x6c, 0x69, 0x6e, 0x65, 0x20, 0x32, 0x31, 0x0a, 0x20, 0x20, 0x20,
    0x20, 0x20, 0x20, 0x20, 0x20, 0x5f, 0x53, 0x33, 0x20, 0x3d, 0x20, 0x5f, 0x53, 0x31, 0x20, 0x3d,
    0x3d, 0x20, 0x33, 0x55, 0x3b, 0x0a, 0x0a, 0x23, 0x6c, 0x69, 0x6e, 0x65, 0x20, 0x32, 0x31, 0x0a,
    0x20, 0x20, 0x20, 0x20, 0x7d, 0x0a, 0x0a, 0x23, 0x6c, 0x69, 0x6e, 0x65, 0x20, 0x32, 0x31, 0x0a,
    0x7a, 0xbf, 0x00, 0x00, 0xc6, 0x5a, 0x00, 0x00, 0x75, 0x83, 0x01, 0x00, 0x9d, 0x5e, 0x01, 0x00,
    0xaa, 0xc2, 0x02, 0x00, 0xdd, 0x08, 0x03, 0x00, 0x9e, 0xc1, 0x01, 0x00, 0x24, 0x94, 0x03, 0x00,
    0xd2, 0x95, 0x01, 0x00, 0x7d, 0x0a, 0x02, 0x00, 0x71, 0x18, 0x02, 0x00, 0x39, 0xce, 0x01, 0x00,
    0x00, 0x10, 0x00, 0x00, 0x00, 0x00, 0x00, 0x00, 0x00, 0x00, 0x00, 0x00, 0x00, 0x00, 0x00, 0x00,
    0x00, 0x00, 0x00, 0x00, 0x00, 0x00, 0x00, 0x00, 0x00, 0x00, 0x00, 0x00, 0x00, 0x00, 0x00, 0x00,
    0x00, 0x00, 0x00, 0x00, 0x00, 0x00, 0x00, 0x00, 0x00, 0x00, 0x00, 0x00, 0x00, 0x00, 0x00, 0x00,
    0x00, 0x00, 0x00, 0x00, 0x00, 0x00, 0x00, 0x00, 0x00, 0x00, 0x00, 0x00, 0x00, 0x00, 0x00, 0x00,
    0x00, 0x00, 0x00, 0x00, 0x00, 0x00, 0x00, 0x00, 0x00, 0x00, 0x00, 0x00, 0x00, 0x00, 0x00, 0x00,
    0x00, 0x00, 0x00, 0x00, 0x00, 0x00, 0x00, 0x00, 0x00, 0x00, 0x00, 0x00, 0x00, 0x00, 0x00, 0x00,
    0x00, 0x00, 0x00, 0x00, 0x00, 0x00, 0x00, 0x00, 0x00, 0x00, 0x00, 0x00, 0x00, 0x00, 0x00, 0x00,
    0x00, 0x00, 0x00, 0x00, 0x00, 0x00, 0x00, 0x00, 0x00, 0x00, 0x00, 0x00, 0x00, 0x00, 0x00, 0x00,
    0x00, 0x00, 0x00, 0x00, 0x00, 0x00, 0x00, 0x00, 0x00, 0x00, 0x00, 0x00, 0x00, 0x00, 0x00, 0x00,
    0x00, 0x00, 0x00, 0x00, 0x00, 0x00, 0x00, 0x00, 0x00, 0x00, 0x00, 0x00, 0x00, 0x00, 0x00, 0x00,
    0x00, 0x00, 0x00, 0x00, 0x00, 0x00, 0x00, 0x00, 0x00, 0x00, 0x00, 0x00, 0x00, 0x00, 0x00, 0x00,
    0x00, 0x00, 0x00, 0x00, 0x00, 0x00, 0x00, 0x00, 0x00, 0x00, 0x00, 0x00, 0x00, 0x00, 0x00, 0x00,
    0x00, 0x00, 0x00, 0x00, 0x00, 0x00, 0x00, 0x00, 0x00, 0x00, 0x00, 0x00, 0x00, 0x00, 0x00, 0x00,
    0x00, 0x00, 0x00, 0x00, 0x00, 0x00, 0x00, 0x00, 0x00, 0x00, 0x00, 0x00, 0x00, 0x00, 0x00, 0x00,
    0x00, 0x00, 0x00, 0x00, 0x00, 0x00, 0x00, 0x00, 0x00, 0x00, 0x00, 0x00, 0x00, 0x00, 0x00, 0x00,
    0x00, 0x00, 0x00, 0x00, 0x00, 0x00, 0x00, 0x00, 0x00, 0x00, 0x00, 0x00, 0x00, 0x00, 0x00, 0x00,
    0x00, 0x00, 0x00, 0x00, 0x00, 0x00, 0x00, 0x00, 0x00, 0x00, 0x00, 0x00, 0x00, 0x00, 0x00, 0x00,
    0x00, 0x00, 0x00, 0x00, 0x00, 0x00, 0x00, 0x00, 0x00, 0x00, 0x00, 0x00, 0x00, 0x00, 0x00, 0x00,
    0x00, 0x00, 0x00, 0x00, 0x00, 0x00, 0x00, 0x00, 0x00, 0x00, 0x00, 0x00, 0x00, 0x00, 0x00, 0x00,
    0x00, 0x00, 0x00, 0x00, 0x00, 0x00, 0x00, 0x00, 0x00, 0x00, 0x00, 0x00, 0x00, 0x00, 0x00, 0x00,
    0x00, 0x00, 0x00, 0x00, 0x00, 0x00, 0x00, 0x00, 0x00, 0x00, 0x00, 0x00, 0x00, 0x00, 0x00, 0x00,
    0x00, 0x00, 0x00, 0x00, 0x00, 0x00, 0x00, 0x00, 0x00, 0x00, 0x00, 0x00, 0x00, 0x00, 0x00, 0x00,
    0x00, 0x00, 0x00, 0x00, 0x00, 0x00, 0x00, 0x00, 0x00, 0x00, 0x00, 0x00, 0x00, 0x00, 0x00, 0x00,
    0x00, 0x00, 0x00, 0x00, 0x00, 0x00, 0x00, 0x00, 0x00, 0x00, 0x00, 0x00, 0x00, 0x00, 0x00, 0x00,
    0x00, 0x00, 0x00, 0x00, 0x00, 0x00, 0x00, 0x00, 0x00, 0x00, 0x00, 0x00, 0x00, 0x00, 0x00, 0x00,
    0x00, 0x00, 0x00, 0x00, 0x00, 0x00, 0x00, 0x00, 0x00, 0x00, 0x00, 0x00, 0x00, 0x00, 0x00, 0x00,
    0x00, 0x00, 0x00, 0x00, 0x00, 0x00, 0x00, 0x00, 0x00, 0x00, 0x00, 0x00, 0x00, 0x00, 0x00, 0x00,
    0x00, 0x00, 0x00, 0x00, 0x00, 0x00, 0x00, 0x00, 0x00, 0x00, 0x00, 0x00, 0x00, 0x00, 0x00, 0x00,
    0x00, 0x00, 0x00, 0x00, 0x00, 0x00, 0x00, 0x00, 0x00, 0x00, 0x00, 0x00, 0x00, 0x00, 0x00, 0x00,
    0x23, 0x70, 0x72, 0x61, 0x67, 0x6d, 0x61, 0x20, 0x70, 0x61, 0x63, 0x6b, 0x5f, 0x6d, 0x61, 0x74,
    0x72, 0x69, 0x78, 0x28, 0x63, 0x6f, 0x6c, 0x75, 0x6d, 0x6e, 0x5f, 0x6d, 0x61, 0x6a, 0x6f, 0x72,
    0x29, 0x0a, 0x23, 0x69, 0x66, 0x64, 0x65, 0x66, 0x20, 0x53, 0x4c, 0x41, 0x4e, 0x47, 0x5f, 0x48,
    0x4c, 0x53, 0x4c, 0x5f, 0x45, 0x4e, 0x41, 0x42, 0x4c, 0x45, 0x5f, 0x4e, 0x56, 0x41, 0x50, 0x49,
    0x0a, 0x23, 0x69, 0x6e, 0x63, 0x6c, 0x75, 0x64, 0x65, 0x20, 0x22, 0x6e, 0x76, 0x48, 0x4c, 0x53,
    0x4c, 0x45, 0x78, 0x74, 0x6e, 0x73, 0x2e, 0x68, 0x22, 0x0a, 0x23, 0x65, 0x6e, 0x64, 0x69, 0x66,
    0x0a, 0x0a, 0x23, 0x69, 0x66, 0x6e, 0x64, 0x65, 0x66, 0x20, 0x5f, 0x5f, 0x44, 0x58, 0x43, 0x5f,
    0x56, 0x45, 0x52, 0x53, 0x49, 0x4f, 0x4e, 0x5f, 0x4d, 0x41, 0x4a, 0x4f, 0x52, 0x0a, 0x2f, 0x2f,
    0x20, 0x77, 0x61, 0x72, 0x6e, 0x69, 0x6e, 0x67, 0x20, 0x58, 0x33, 0x35, 0x35, 0x37, 0x3a, 0x20,
    0x6c, 0x6f, 0x6f, 0x70, 0x20, 0x64, 0x6f, 0x65, 0x73, 0x6e, 0x27, 0x74, 0x20, 0x73, 0x65, 0x65,
    0x6d, 0x20, 0x74, 0x6f, 0x20, 0x64, 0x6f, 0x20, 0x61, 0x6e, 0x79, 0x74, 0x68, 0x69, 0x6e, 0x67,
    0x2c, 0x20, 0x66, 0x6f, 0x72, 0x63, 0x69, 0x6e, 0x67, 0x20, 0x6c, 0x6f, 0x6f, 0x70, 0x20, 0x74,
    0x6f, 0x20, 0x75, 0x6e, 0x72, 0x6f, 0x6c, 0x6c, 0x0a, 0x23, 0x70, 0x72, 0x61, 0x67, 0x6d, 0x61,
    0x20, 0x77, 0x61, 0x72, 0x6e, 0x69, 0x6e, 0x67, 0x28, 0x64, 0x69, 0x73, 0x61, 0x62, 0x6c, 0x65,
    0x20, 0x3a, 0x20, 0x33, 0x35, 0x35, 0x37, 0x29, 0x0a, 0x23, 0x65, 0x6e, 0x64, 0x69, 0x66, 0x0a,
    0x0a, 0x0a, 0x23, 0x6c, 0x69, 0x6e, 0x65, 0x20, 0x39, 0x20, 0x22, 0x72, 0x65, 0x73, 0x6f, 0x75,
    0x72, 0x63, 0x65, 0x73, 0x2f, 0x53, 0x68, 0x61, 0x64, 0x65, 0x72, 0x73, 0x2f, 0x53, 0x6f, 0x75,
    0x72, 0x63, 0x65, 0x2f, 0x42, 0x6c, 0x69, 0x74, 0x2e, 0x73, 0x6c, 0x61, 0x6e, 0x67, 0x22, 0x0a,
    0x73, 0x74, 0x72, 0x75, 0x63, 0x74, 0x20, 0x53, 0x4c, 0x41, 0x4e, 0x47, 0x5f, 0x50, 0x61, 0x72,
    0x61, 0x6d, 0x65, 0x74, 0x65, 0x72, 0x47, 0x72, 0x6f, 0x75, 0x70, 0x5f, 0x50, 0x75, 0x73, 0x68,
    0x43, 0x6f, 0x6e, 0x73, 0x74, 0x61, 0x6e, 0x74, 0x5f, 0x30, 0x0a, 0x7b, 0x0a, 0x20, 0x20, 0x20,
    0x20, 0x66, 0x6c, 0x6f, 0x61, 0x74, 0x32, 0x20, 0x73, 0x72, 0x63, 0x43, 0x6f, 0x72, 0x6e, 0x65,
    0x72, 0x4c, 0x6f, 0x77, 0x65, 0x72, 0x4c, 0x65, 0x66, 0x74, 0x5f, 0x30, 0x3b, 0x0a, 0x20, 0x20,
    0x20, 0x20, 0x66, 0x6c, 0x6f, 0x61, 0x74, 0x32, 0x20, 0x73, 0x72, 0x63, 0x43, 0x6f, 0x72, 0x6e,
    0x65, 0x72, 0x55, 0x70, 0x70, 0x65, 0x72, 0x52, 0x69, 0x67, 0x68, 0x74, 0x5f, 0x30, 0x3b, 0x0a,
    0x20, 0x20, 0x20, 0x20, 0x66, 0x6c, 0x6f, 0x61, 0x74, 0x32, 0x20, 0x64, 0x73, 0x74, 0x43, 0x6f,
    0x72, 0x6e, 0x65, 0x72, 0x4c, 0x6f, 0x77, 0x65, 0x72, 0x4c, 0x65, 0x66, 0x74, 0x5f, 0x30, 0x3b,
    0x0a, 0x20, 0x20, 0x20, 0x20, 0x66, 0x6c, 0x6f, 0x61, 0x74, 0x32, 0x20, 0x64, 0x73, 0x74, 0x43,
    0x6f, 0x72, 0x6e, 0x65, 0x72, 0x55, 0x70, 0x70, 0x65, 0x72, 0x52, 0x69, 0x67, 0x68, 0x74, 0x5f,
    0x30, 0x3b, 0x0a, 0x7d, 0x3b, 0x0a, 0x0a, 0x0a, 0x23, 0x6c, 0x69, 0x6e, 0x65, 0x20, 0x39, 0x0a,
    0x63, 0x62, 0x75, 0x66, 0x66, 0x65, 0x72, 0x20, 0x50, 0x75, 0x73, 0x68, 0x43, 0x6f, 0x6e, 0x73,
    0x74, 0x61, 0x6e, 0x74, 0x5f, 0x30, 0x20, 0x3a, 0x20, 0x72, 0x65, 0x67, 0x69, 0x73, 0x74, 0x65,
    0x72, 0x28, 0x62, 0x30, 0x29, 0x0a, 0x7b, 0x0a, 0x20, 0x20, 0x20, 0x20, 0x53, 0x4c, 0x41, 0x4e,
    0x47, 0x5f, 0x50, 0x61, 0x72, 0x61, 0x6d, 0x65, 0x74, 0x65, 0x72, 0x47, 0x72, 0x6f, 0x75, 0x70,
    0x5f, 0x50, 0x75, 0x73, 0x68, 0x43, 0x6f, 0x6e, 0x73, 0x74, 0x61, 0x6e, 0x74, 0x5f, 0x30, 0x20,
    0x50, 0x75, 0x73, 0x68, 0x43, 0x6f, 0x6e, 0x73, 0x74, 0x61, 0x6e, 0x74, 0x5f, 0x30, 0x3b, 0x0a,
    0x7d, 0x0a, 0x0a, 0x23, 0x6c, 0x69, 0x6e, 0x65, 0x20, 0x31, 0x0a, 0x73, 0x74, 0x72, 0x75, 0x63,
    0x74, 0x20, 0x56, 0x65, 0x72, 0x74, 0x65, 0x78, 0x4f, 0x75, 0x74, 0x70, 0x75, 0x74, 0x5f, 0x30,
    0x0a, 0x7b, 0x0a, 0x20, 0x20, 0x20, 0x20, 0x66, 0x6c, 0x6f, 0x61, 0x74, 0x34, 0x20, 0x70, 0x6f,
    0x73, 0x69, 0x74, 0x69, 0x6f, 0x6e, 0x5f, 0x30, 0x20, 0x3a, 0x20, 0x53, 0x56, 0x5f, 0x50, 0x6f,
    0x73, 0x69, 0x74, 0x69, 0x6f, 0x6e, 0x3b, 0x0a, 0x20, 0x20, 0x20, 0x20, 0x66, 0x6c, 0x6f, 0x61,
    0x74, 0x32, 0x20, 0x75, 0x76, 0x5f, 0x30, 0x20, 0x3a, 0x20, 0x54, 0x45, 0x58, 0x43, 0x4f, 0x4f,
    0x52, 0x44, 0x30, 0x3b, 0x0a, 0x7d, 0x3b, 0x0a, 0x0a, 0x0a, 0x23, 0x6c, 0x69, 0x6e, 0x65, 0x20,
    0x31, 0x36, 0x0a, 0x56, 0x65, 0x72, 0x74, 0x65, 0x78, 0x4f, 0x75, 0x74, 0x70, 0x75, 0x74, 0x5f,
    0x30, 0x20, 0x76, 0x65, 0x72, 0x74, 0x65, 0x78, 0x4d, 0x61, 0x69, 0x6e, 0x28, 0x75, 0x69, 0x6e,
    0x74, 0x20, 0x76, 0x65, 0x72, 0x74, 0x65, 0x78, 0x49, 0x44, 0x5f, 0x30, 0x20, 0x3a, 0x20, 0x53,
    0x56, 0x5f, 0x56, 0x65, 0x72, 0x74, 0x65, 0x78, 0x49, 0x44, 0x29, 0x0a, 0x7b, 0x0a, 0x0a, 0x23,
    0x6c, 0x69, 0x6e, 0x65, 0x20, 0x31, 0x36, 0x0a, 0x20, 0x20, 0x20, 0x20, 0x75, 0x69, 0x6e, 0x74,
    0x20, 0x5f, 0x53, 0x31, 0x20, 0x3d, 0x20, 0x76, 0x65, 0x72, 0x74, 0x65, 0x78, 0x49, 0x44, 0x5f,
    0x30, 0x3b, 0x0a, 0x0a, 0x0a, 0x0a, 0x20, 0x20, 0x20, 0x20, 0x66, 0x6c, 0x6f, 0x61, 0x74, 0x32,
    0x20, 0x6c, 0x6f, 0x63, 0x61, 0x6c, 0x5f, 0x30, 0x3b, 0x0a, 0x20, 0x20, 0x20, 0x20, 0x62, 0x6f,
    0x6f, 0x6c, 0x20, 0x5f, 0x53, 0x32, 0x20, 0x3d, 0x20, 0x5f, 0x53, 0x31, 0x20, 0x3d, 0x3d, 0x20,
    0x32, 0x55, 0x3b, 0x0a, 0x0a, 0x23, 0x6c, 0x69, 0x6e, 0x65, 0x20, 0x32, 0x31, 0x0a, 0x20, 0x20,
    0x20, 0x20, 0x62, 0x6f, 0x6f, 0x6c, 0x20, 0x5f, 0x53, 0x33, 0x3b, 0x0a, 0x0a, 0x23, 0x6c, 0x69,
    0x6e, 0x65, 0x20, 0x32, 0x31, 0x0a, 0x20, 0x20, 0x20, 0x20, 0x69, 0x66, 0x28, 0x5f, 0x53, 0x32,
    0x29, 0x0a, 0x20, 0x20, 0x20, 0x20, 0x7b, 0x0a, 0x0a, 0x23, 0x6c, 0x69, 0x6e, 0x65, 0x20, 0x32,
    0x31, 0x0a, 0x20, 0x20, 0x20, 0x20, 0x20, 0x20, 0x20, 0x20, 0x5f, 0x53, 0x33, 0x20, 0x3d, 0x20,
    0x74, 0x72, 0x75, 0x65, 0x3b, 0x0a, 0x0a, 0x23, 0x6c, 0x69, 0x6e, 0x65, 0x20, 0x32, 0x31, 0x0a,
    0x20, 0x20, 0x20, 0x20, 0x7d, 0x0a, 0x20, 0x20, 0x20, 0x20, 0x65, 0x6c, 0x73, 0x65, 0x0a, 0x20,
    0x20, 0x20, 0x20, 0x7b, 0x0a, 0x0a, 0x23, 0x6c, 0x69, 0x6e, 0x65, 0x20, 0x32, 0x31, 0x0a, 0x20,
    0x20, 0x20, 0x20, 0x20, 0x20, 0x20, 0x20, 0x5f, 0x53, 0x33, 0x20, 0x3d, 0x20, 0x5f, 0x53, 0x31,
    0x20, 0x3d, 0x3d, 0x20, 0x33, 0x55, 0x3b, 0x0a, 0x0a, 0x23, 0x6c, 0x69, 0x6e, 0x65, 0x20, 0x32,
    0x31, 0x0a, 0x20, 0x20, 0x20, 0x20, 0x7d, 0x0a, 0x0a, 0x23, 0x6c, 0x69, 0x6e, 0x65, 0x20, 0x32,
    0x31, 0x0a, 0x20, 0x20, 0x20, 0x20, 0x66, 0x6c, 0x6f, 0x61, 0x74, 0x20, 0x5f, 0x53, 0x34, 0x3b,
    0x0a, 0x0a, 0x23, 0x6c, 0x69, 0x6e, 0x65, 0x20, 0x32, 0x31, 0x0a, 0x20, 0x20, 0x20, 0x20, 0x69,
    0x66, 0x28, 0x5f, 0x53, 0x33, 0x29, 0x0a, 0x20, 0x20, 0x20, 0x20, 0x7b, 0x0a, 0x0a, 0x23, 0x6c,
    0x69, 0x6e, 0x65, 0x20, 0x32, 0x31, 0x0a, 0x20, 0x20, 0x20, 0x20, 0x20, 0x20, 0x20, 0x20, 0x5f,
    0x53, 0x34, 0x20, 0x3d, 0x20, 0x31, 0x2e, 0x30, 0x66, 0x3b, 0x0a, 0x0a, 0x23, 0x6c, 0x69, 0x6e,
    0x65, 0x20, 0x32, 0x31, 0x0a, 0x20, 0x20, 0x20, 0x20, 0x7d, 0x0a, 0x20, 0x20, 0x20, 0x20, 0x65,
    0x6c, 0x73, 0x65, 0x0a, 0x20, 0x20, 0x20, 0x20, 0x7b, 0x0a, 0x0a, 0x23, 0x6c, 0x69, 0x6e, 0x65,
    0x20, 0x32, 0x31, 0x0a, 0x20, 0x20, 0x20, 0x20, 0x20, 0x20, 0x20, 0x20, 0x5f, 0x53, 0x34, 0x20,
    0x3d, 0x20, 0x30, 0x2e, 0x30, 0x66, 0x3b, 0x0a, 0x0a, 0x23, 0x6c, 0x69, 0x6e, 0x65, 0x20, 0x32,
    0x31, 0x0a, 0x20, 0x20, 0x20, 0x20, 0x7d, 0x0a, 0x0a, 0x23, 0x6c, 0x69, 0x6e, 0x65, 0x20, 0x32,
    0x31, 0x0a, 0x20, 0x20, 0x20, 0x20, 0x6c, 0x6f, 0x63, 0x61, 0x6c, 0x5f, 0x30, 0x5b, 0x69, 0x6e,
    0x74, 0x28, 0x30, 0x29, 0x5d, 0x20, 0x3d, 0x20, 0x5f, 0x53, 0x34, 0x3b, 0x0a, 0x20, 0x20, 0x20,
    0x20, 0x62, 0x6f, 0x6f, 0x6c, 0x20, 0x5f, 0x53, 0x35, 0x20, 0x3d, 0x20, 0x5f, 0x53, 0x31, 0x20,
    0x3d, 0x3d, 0x20, 0x31, 0x55, 0x3b, 0x0a, 0x0a, 0x23, 0x6c, 0x69, 0x6e, 0x65, 0x20, 0x32, 0x32,
    0x0a, 0x20, 0x20, 0x20, 0x20, 0x69, 0x66, 0x28, 0x5f, 0x53, 0x35, 0x29, 0x0a, 0x20, 0x20, 0x20,
    0x20, 0x7b, 0x0a, 0x0a, 0x23, 0x6c, 0x69, 0x6e, 0x65, 0x20, 0x32, 0x32, 0x0a, 0x20, 0x20, 0x20,
    0x20, 0x20, 0x20, 0x20, 0x20, 0x5f, 0x53, 0x33, 0x20, 0x3d, 0x20, 0x74, 0x72, 0x75, 0x65, 0x3b,
    0x0a, 0x0a, 0x23, 0x6c, 0x69, 0x6e, 0x65, 0x20, 0x32, 0x32, 0x0a, 0x20, 0x20, 0x20, 0x20, 0x7d,
    0x0a, 0x20, 0x20, 0x20, 0x20, 0x65, 0x6c, 0x73, 0x65, 0x0a, 0x20, 0x20, 0x20, 0x20, 0x7b, 0x0a,
    0x0a, 0x23, 0x6c, 0x69, 0x6e, 0x65, 0x20, 0x32, 0x32, 0x0a, 0x20, 0x20, 0x20, 0x20, 0x20, 0x20,
    0x20, 0x20, 0x5f, 0x53, 0x33, 0x20, 0x3d, 0x20, 0x5f, 0x53, 0x31, 0x20, 0x3d, 0x3d, 0x20, 0x33,
    0x55, 0x3b, 0x0a, 0x0a, 0x23, 0x6c, 0x69, 0x6e, 0x65, 0x20, 0x32, 0x32, 0x0a, 0x20, 0x20, 0x20,
    0x20, 0x7d, 0x0a, 0x0a, 0x23, 0x6c, 0x69, 0x6e, 0x65, 0x20, 0x32, 0x32, 0x0a, 0x20, 0x20, 0x20,
    0x20, 0x69, 0x66, 0x28, 0x5f, 0x53, 0x33, 0x29, 0x0a, 0x20, 0x20, 0x20, 0x20, 0x7b, 0x0a, 0x0a,
    0x23, 0x6c, 0x69, 0x6e, 0x65, 0x20, 0x32, 0x32, 0x0a, 0x20, 0x20, 0x20, 0x20, 0x20, 0x20, 0x20,
    0x20, 0x5f, 0x53, 0x34, 0x20, 0x3d, 0x20, 0x31, 0x2e, 0x30, 0x66, 0x3b, 0x0a, 0x0a, 0x23, 0x6c,
    0x69, 0x6e, 0x65, 0x20, 0x32, 0x32, 0x0a, 0x20, 0x20, 0x20, 0x20, 0x7d, 0x0a, 0x20, 0x20, 0x20,
    0x20, 0x65, 0x6c, 0x73, 0x65, 0x0a, 0x20, 0x20, 0x20, 0x20, 0x7b, 0x0a, 0x0a, 0x23, 0x6c, 0x69,
    0x6e, 0x65, 0x20, 0x32, 0x32, 0x0a, 0x20, 0x20, 0x20, 0x20, 0x20, 0x20, 0x20, 0x20, 0x5f, 0x53,
    0x34, 0x20, 0x3d, 0x20, 0x30, 0x2e, 0x30, 0x66, 0x3b, 0x0a, 0x0a, 0x23, 0x6c, 0x69, 0x6e, 0x65,
    0x20, 0x32, 0x32, 0x0a, 0x20, 0x20, 0x20, 0x20, 0x7d, 0x0a, 0x0a, 0x23, 0x6c, 0x69, 0x6e, 0x65,
    0x20, 0x32, 0x32, 0x0a, 0x20, 0x20, 0x20, 0x20, 0x6c, 0x6f, 0x63, 0x61, 0x6c, 0x5f, 0x30, 0x5b,
    0x69, 0x6e, 0x74, 0x28, 0x31, 0x29, 0x5d, 0x20, 0x3d, 0x20, 0x5f, 0x53, 0x34, 0x3b, 0x0a, 0x0a,
    0x23, 0x6c, 0x69, 0x6e, 0x65, 0x20, 0x32, 0x37, 0x0a, 0x20, 0x20, 0x20, 0x20, 0x66, 0x6c, 0x6f,
    0x61, 0x74, 0x32, 0x20, 0x64, 0x73, 0x74, 0x50, 0x6f, 0x73, 0x5f, 0x30, 0x20, 0x3d, 0x20, 0x6c,
    0x65, 0x72, 0x70, 0x28, 0x50, 0x75, 0x73, 0x68, 0x43, 0x6f, 0x6e, 0x73, 0x74, 0x61, 0x6e, 0x74,
    0x5f, 0x30, 0x2e, 0x64, 0x73, 0x74, 0x43, 0x6f, 0x72, 0x6e, 0x65, 0x72, 0x4c, 0x6f, 0x77, 0x65,
    0x72, 0x4c, 0x65, 0x66, 0x74, 0x5f, 0x30, 0x2c, 0x20, 0x50, 0x75, 0x73, 0x68, 0x43, 0x6f, 0x6e,
    0x73, 0x74, 0x61, 0x6e, 0x74, 0x5f, 0x30, 0x2e, 0x64, 0x73, 0x74, 0x43, 0x6f, 0x72, 0x6e, 0x65,
    0x72, 0x55, 0x70, 0x70, 0x65, 0x72, 0x52, 0x69, 0x67, 0x68, 0x74, 0x5f, 0x30, 0x2c, 0x20, 0x6c,
    0x6f, 0x63, 0x61, 0x6c, 0x5f, 0x30, 0x29, 0x3b, 0x0a, 0x0a, 0x23, 0x6c, 0x69, 0x6e, 0x65, 0x20,
    0x32, 0x34, 0x0a, 0x20, 0x20, 0x20, 0x20, 0x56, 0x65, 0x72, 0x74, 0x65, 0x78, 0x4f, 0x75, 0x74,
    0x70, 0x75, 0x74, 0x5f, 0x30, 0x20, 0x6f, 0x75, 0x74, 0x70, 0x75, 0x74, 0x5f, 0x30, 0x3b, 0x0a,
    0x0a, 0x23, 0x6c, 0x69, 0x6e, 0x65, 0x20, 0x33, 0x30, 0x0a, 0x20, 0x20, 0x20, 0x20, 0x66, 0x6c,
    0x6f, 0x61, 0x74, 0x34, 0x20, 0x5f, 0x53, 0x36, 0x20, 0x3d, 0x20, 0x66, 0x6c, 0x6f, 0x61, 0x74,
    0x34, 0x28, 0x64, 0x73, 0x74, 0x50, 0x6f, 0x73, 0x5f, 0x30, 0x2c, 0x20, 0x30, 0x2e, 0x30, 0x66,
    0x2c, 0x20, 0x31, 0x2e, 0x30, 0x66, 0x29, 0x3b, 0x0a, 0x0a, 0x23, 0x6c, 0x69, 0x6e, 0x65, 0x20,
    0x33, 0x30, 0x0a, 0x20, 0x20, 0x20, 0x20, 0x6f, 0x75, 0x74, 0x70, 0x75, 0x74, 0x5f, 0x30, 0x2e,
    0x70, 0x6f, 0x73, 0x69, 0x74, 0x69, 0x6f, 0x6e, 0x5f, 0x30, 0x20, 0x3d, 0x20, 0x5f, 0x53, 0x36,
    0x3b, 0x0a, 0x0a, 0x0a, 0x20, 0x20, 0x20, 0x20, 0x66, 0x6c, 0x6f, 0x61, 0x74, 0x32, 0x20, 0x5f,
    0x53, 0x37, 0x20, 0x3d, 0x20, 0x6c, 0x65, 0x72, 0x70, 0x28, 0x50, 0x75, 0x73, 0x68, 0x43, 0x6f,
    0x6e, 0x73, 0x74, 0x61, 0x6e, 0x74, 0x5f, 0x30, 0x2e, 0x73, 0x72, 0x63, 0x43, 0x6f, 0x72, 0x6e,
    0x65, 0x72, 0x4c, 0x6f, 0x77, 0x65, 0x72, 0x4c, 0x65, 0x66, 0x74, 0x5f, 0x30, 0x2c, 0x20, 0x50,
    0x75, 0x73, 0x68, 0x43, 0x6f, 0x6e, 0x73, 0x74, 0x61, 0x6e, 0x74, 0x5f, 0x30, 0x2e, 0x73, 0x72,
    0x63, 0x43, 0x6f, 0x72, 0x6e, 0x65, 0x72, 0x55, 0x70, 0x70, 0x65, 0x72, 0x52, 0x69, 0x67, 0x68,
    0x74, 0x5f, 0x30, 0x2c, 0x20, 0x6c, 0x6f, 0x63, 0x61, 0x6c, 0x5f, 0x30, 0x29, 0x3b, 0x0a, 0x0a,
    0x23, 0x6c, 0x69, 0x6e, 0x65, 0x20, 0x33, 0x33, 0x0a, 0x20, 0x20, 0x20, 0x20, 0x6f, 0x75, 0x74,
    0x70, 0x75, 0x74, 0x5f, 0x30, 0x2e, 0x75, 0x76, 0x5f, 0x30, 0x20, 0x3d, 0x20, 0x5f, 0x53, 0x37,
    0x3b, 0x0a, 0x0a, 0x20, 0x20, 0x20, 0x20, 0x72, 0x65, 0x74, 0x75, 0x72, 0x6e, 0x20, 0x6f, 0x75,
    0x74, 0x70, 0x75, 0x74, 0x5f, 0x30, 0x3b, 0x0a, 0x7d, 0x0a, 0x0a, 0x00, 0x00, 0x00, 0x00, 0x00,
    0x00, 0x00, 0x00, 0x00, 0x00, 0x00, 0x00, 0x00, 0x00, 0x00, 0x00, 0x00, 0x00, 0x00, 0x00, 0x00,
    0x00, 0x00, 0x00, 0x00, 0x00, 0x00, 0x00, 0x00, 0x00, 0x00, 0x00, 0x00, 0x00, 0x00, 0x00, 0x00,
    0x00, 0x00, 0x00, 0x00, 0x00, 0x00, 0x00, 0x00, 0x00, 0x00, 0x00, 0x00, 0x00, 0x00, 0x00, 0x00,
    0x00, 0x00, 0x00, 0x00, 0x00, 0x00, 0x00, 0x00, 0x00, 0x00, 0x00, 0x00, 0x00, 0x00, 0x00, 0x00,
    0x00, 0x00, 0x00, 0x00, 0x00, 0x00, 0x00, 0x00, 0x00, 0x00, 0x00, 0x00, 0x00, 0x00, 0x00, 0x00,
    0xfe, 0xef, 0xfe, 0xef, 0x01, 0x00, 0x00, 0x00, 0xd2, 0x07, 0x00, 0x00, 0x00, 0x00, 0x23, 0x70,
    0x72, 0x61, 0x67, 0x6d, 0x61, 0x20, 0x70, 0x61, 0x63, 0x6b, 0x5f, 0x6d, 0x61, 0x74, 0x72, 0x69,
    0x78, 0x28, 0x63, 0x6f, 0x6c, 0x75, 0x6d, 0x6e, 0x5f, 0x6d, 0x61, 0x6a, 0x6f, 0x72, 0x29, 0x0a,
    0x23, 0x69, 0x66, 0x64, 0x65, 0x66, 0x20, 0x53, 0x4c, 0x41, 0x4e, 0x47, 0x5f, 0x48, 0x4c, 0x53,
    0x4c, 0x5f, 0x45, 0x4e, 0x41, 0x42, 0x4c, 0x45, 0x5f, 0x4e, 0x56, 0x41, 0x50, 0x49, 0x0a, 0x23,
    0x69, 0x6e, 0x63, 0x6c, 0x75, 0x64, 0x65, 0x20, 0x22, 0x6e, 0x76, 0x48, 0x4c, 0x53, 0x4c, 0x45,
    0x78, 0x74, 0x6e, 0x73, 0x2e, 0x68, 0x22, 0x0a, 0x23, 0x65, 0x6e, 0x64, 0x69, 0x66, 0x0a, 0x0a,
    0x23, 0x69, 0x66, 0x6e, 0x64, 0x65, 0x66, 0x20, 0x5f, 0x5f, 0x44, 0x58, 0x43, 0x5f, 0x56, 0x45,
    0x52, 0x53, 0x49, 0x4f, 0x4e, 0x5f, 0x4d, 0x41, 0x4a, 0x4f, 0x52, 0x0a, 0x2f, 0x2f, 0x20, 0x77,
    0x61, 0x72, 0x6e, 0x69, 0x6e, 0x67, 0x20, 0x58, 0x33, 0x35, 0x35, 0x37, 0x3a, 0x20, 0x6c, 0x6f,
    0x6f, 0x70, 0x20, 0x64, 0x6f, 0x65, 0x73, 0x6e, 0x27, 0x74, 0x20, 0x73, 0x65, 0x65, 0x6d, 0x20,
    0x74, 0x6f, 0x20, 0x64, 0x6f, 0x20, 0x61, 0x6e, 0x79, 0x74, 0x68, 0x69, 0x6e, 0x67, 0x2c, 0x20,
    0x66, 0x6f, 0x72, 0x63, 0x69, 0x6e, 0x67, 0x20, 0x6c, 0x6f, 0x6f, 0x70, 0x20, 0x74, 0x6f, 0x20,
    0x75, 0x6e, 0x72, 0x6f, 0x6c, 0x6c, 0x0a, 0x23, 0x70, 0x72, 0x61, 0x67, 0x6d, 0x61, 0x20, 0x77,
    0x61, 0x72, 0x6e, 0x69, 0x6e, 0x67, 0x28, 0x64, 0x69, 0x73, 0x61, 0x62, 0x6c, 0x65, 0x20, 0x3a,
    0x20, 0x33, 0x35, 0x35, 0x37, 0x29, 0x0a, 0x23, 0x65, 0x6e, 0x64, 0x69, 0x66, 0x0a, 0x0a, 0x0a,
    0x23, 0x6c, 0x69, 0x6e, 0x65, 0x20, 0x39, 0x20, 0x22, 0x72, 0x65, 0x73, 0x6f, 0x75, 0x72, 0x63,
    0x65, 0x73, 0x2f, 0x53, 0x68, 0x61, 0x64, 0x65, 0x72, 0x73, 0x2f, 0x53, 0x6f, 0x75, 0x72, 0x63,
    0x65, 0x2f, 0x42, 0x6c, 0x69, 0x74, 0x2e, 0x73, 0x6c, 0x61, 0x6e, 0x67, 0x22, 0x0a, 0x73, 0x74,
    0x72, 0x75, 0x63, 0x74, 0x20, 0x53, 0x4c, 0x41, 0x4e, 0x47, 0x5f, 0x50, 0x61, 0x72, 0x61, 0x6d,
    0x65, 0x74, 0x65, 0x72, 0x47, 0x72, 0x6f, 0x75, 0x70, 0x5f, 0x50, 0x75, 0x73, 0x68, 0x43, 0x6f,
    0x6e, 0x73, 0x74, 0x61, 0x6e, 0x74, 0x5f, 0x30, 0x0a, 0x7b, 0x0a, 0x20, 0x20, 0x20, 0x20, 0x66,
    0x6c, 0x6f, 0x61, 0x74, 0x32, 0x20, 0x73, 0x72, 0x63, 0x43, 0x6f, 0x72, 0x6e, 0x65, 0x72, 0x4c,
    0x6f, 0x77, 0x65, 0x72, 0x4c, 0x65, 0x66, 0x74, 0x5f, 0x30, 0x3b, 0x0a, 0x20, 0x20, 0x20, 0x20,
    0x66, 0x6c, 0x6f, 0x61, 0x74, 0x32, 0x20, 0x73, 0x72, 0x63, 0x43, 0x6f, 0x72, 0x6e, 0x65, 0x72,
    0x55, 0x70, 0x70, 0x65, 0x72, 0x52, 0x69, 0x67, 0x68, 0x74, 0x5f, 0x30, 0x3b, 0x0a, 0x20, 0x20,
    0x20, 0x20, 0x66, 0x6c, 0x6f, 0x61, 0x74, 0x32, 0x20, 0x64, 0x73, 0x74, 0x43, 0x6f, 0x72, 0x6e,
    0x65, 0x72, 0x4c, 0x6f, 0x77, 0x65, 0x72, 0x4c, 0x65, 0x66, 0x74, 0x5f, 0x30, 0x3b, 0x0a, 0x20,
    0x20, 0x20, 0x20, 0x66, 0x6c, 0x6f, 0x61, 0x74, 0x32, 0x20, 0x64, 0x73, 0x74, 0x43, 0x6f, 0x72,
    0x6e, 0x65, 0x72, 0x55, 0x70, 0x70, 0x65, 0x72, 0x52, 0x69, 0x67, 0x68, 0x74, 0x5f, 0x30, 0x3b,
    0x0a, 0x7d, 0x3b, 0x0a, 0x0a, 0x0a, 0x23, 0x6c, 0x69, 0x6e, 0x65, 0x20, 0x39, 0x0a, 0x63, 0x62,
    0x75, 0x66, 0x66, 0x65, 0x72, 0x20, 0x50, 0x75, 0x73, 0x68, 0x43, 0x6f, 0x6e, 0x73, 0x74, 0x61,
    0x1b, 0xe2, 0x30, 0x01, 0x80, 0x00, 0x00, 0x00, 0x75, 0x72, 0x9b, 0xb3, 0x8d, 0x2f, 0xdc, 0x01,
    0x01, 0x00, 0x00, 0x00, 0x00, 0x00, 0x00, 0x00, 0x00, 0x00, 0x00, 0x00, 0x00, 0x00, 0x00, 0x00,
    0x00, 0x00, 0x00, 0x00, 0x00, 0x00, 0x00, 0x00, 0x00, 0x00, 0x00, 0x00, 0x00, 0x00, 0x00, 0x00,
    0x00, 0x00, 0x00, 0x00, 0x00, 0x00, 0x00, 0x00, 0x00, 0x00, 0x00, 0x00, 0x00, 0x00, 0x00, 0x00,
    0x01, 0x00, 0x00, 0x00, 0x02, 0x00, 0x00, 0x00, 0x01, 0x00, 0x00, 0x00, 0x02, 0x00, 0x00, 0x00,
    0x00, 0x00, 0x00, 0x00, 0x01, 0x00, 0x00, 0x00, 0x28, 0x00, 0x00, 0x00, 0x1b, 0xe2, 0x30, 0x01,
    0xc6, 0x65, 0x72, 0x2b, 0xab, 0x07, 0x00, 0x00, 0x01, 0x00, 0x00, 0x00, 0x01, 0x00, 0x00, 0x00,
    0x01, 0x00, 0x00, 0x00, 0x00, 0x00, 0x00, 0x00, 0x00, 0x00, 0x00, 0x00, 0x00, 0x00, 0x00, 0x00,
    0x00, 0x00, 0x00, 0x00, 0x00, 0x00, 0x00, 0x00, 0x00, 0x00, 0x00, 0x00, 0x00, 0x00, 0x00, 0x00,
    0x00, 0x00, 0x00, 0x00, 0x00, 0x00, 0x00, 0x00, 0x00, 0x00, 0x00, 0x00, 0x00, 0x00, 0x00, 0x00,
    0x00, 0x00, 0x00, 0x00, 0x00, 0x00, 0x00, 0x00, 0x00, 0x00, 0x00, 0x00, 0x00, 0x00, 0x00, 0x00,
    0x00, 0x00, 0x00, 0x00, 0x00, 0x00, 0x00, 0x00, 0x00, 0x00, 0x00, 0x00, 0x00, 0x00, 0x00, 0x00,
    0x00, 0x00, 0x00, 0x00, 0x00, 0x00, 0x00, 0x00, 0x00, 0x00, 0x00, 0x00, 0x00, 0x00, 0x00, 0x00,
    0x00, 0x00, 0x00, 0x00, 0x00, 0x00, 0x00, 0x00, 0x00, 0x00, 0x00, 0x00, 0x00, 0x00, 0x00, 0x00,
    0x00, 0x00, 0x00, 0x00, 0x00, 0x00, 0x00, 0x00, 0x00, 0x00, 0x00, 0x00, 0x00, 0x00, 0x00, 0x00,
    0x00, 0x00, 0x00, 0x00, 0x00, 0x00, 0x00, 0x00, 0x00, 0x00, 0x00, 0x00, 0x00, 0x00, 0x00, 0x00,
    0x00, 0x00, 0x00, 0x00, 0x00, 0x00, 0x00, 0x00, 0x00, 0x00, 0x00, 0x00, 0x00, 0x00, 0x00, 0x00,
    0x00, 0x00, 0x00, 0x00, 0x00, 0x00, 0x00, 0x00, 0x00, 0x00, 0x00, 0x00, 0x00, 0x00, 0x00, 0x00,
    0x00, 0x00, 0x00, 0x00, 0x00, 0x00, 0x00, 0x00, 0x00, 0x00, 0x00, 0x00, 0x00, 0x00, 0x00, 0x00,
    0x00, 0x00, 0x00, 0x00, 0x00, 0x00, 0x00, 0x00, 0x00, 0x00, 0x00, 0x00, 0x00, 0x00, 0x00, 0x00,
    0x00, 0x00, 0x00, 0x00, 0x00, 0x00, 0x00, 0x00, 0x00, 0x00, 0x00, 0x00, 0x00, 0x00, 0x00, 0x00,
    0x00, 0x00, 0x00, 0x00, 0x00, 0x00, 0x00, 0x00, 0x00, 0x00, 0x00, 0x00, 0x00, 0x00, 0x00, 0x00,
    0x00, 0x00, 0x00, 0x00, 0x00, 0x00, 0x00, 0x00, 0x00, 0x00, 0x00, 0x00, 0x00, 0x00, 0x00, 0x00,
    0x00, 0x00, 0x00, 0x00, 0x00, 0x00, 0x00, 0x00, 0x00, 0x00, 0x00, 0x00, 0x00, 0x00, 0x00, 0x00,
    0x00, 0x00, 0x00, 0x00, 0x00, 0x00, 0x00, 0x00, 0x00, 0x00, 0x00, 0x00, 0x00, 0x00, 0x00, 0x00,
    0x00, 0x00, 0x00, 0x00, 0x00, 0x00, 0x00, 0x00, 0x00, 0x00, 0x00, 0x00, 0x00, 0x00, 0x00, 0x00,
    0x00, 0x00, 0x00, 0x00, 0x00, 0x00, 0x00, 0x00, 0x00, 0x00, 0x00, 0x00, 0x00, 0x00, 0x00, 0x00,
    0x00, 0x00, 0x00, 0x00, 0x00, 0x00, 0x00, 0x00, 0x00, 0x00, 0x00, 0x00, 0x00, 0x00, 0x00, 0x00,
    0x00, 0x00, 0x00, 0x00, 0x00, 0x00, 0x00, 0x00, 0x00, 0x00, 0x00, 0x00, 0x00, 0x00, 0x00, 0x00,
    0x00, 0x00, 0x00, 0x00, 0x00, 0x00, 0x00, 0x00, 0x00, 0x00, 0x00, 0x00, 0x00, 0x00, 0x00, 0x00,
    0x00, 0x00, 0x00, 0x00, 0x00, 0x00, 0x00, 0x00, 0x00, 0x00, 0x00, 0x00, 0x00, 0x00, 0x00, 0x00,
    0x00, 0x00, 0x00, 0x00, 0x00, 0x00, 0x00, 0x00, 0x00, 0x00, 0x00, 0x00, 0x00, 0x00, 0x00, 0x00,
    0x04, 0x00, 0x00, 0x00, 0x42, 0x00, 0x3c, 0x11, 0x10, 0x01, 0x00, 0x00, 0x00, 0x01, 0x0a, 0x00,
    0x01, 0x00, 0x34, 0x0e, 0x61, 0x4a, 0x0a, 0x00, 0x01, 0x00, 0x34, 0x0e, 0x61, 0x4a, 0x4d, 0x69,
    0x63, 0x72, 0x6f, 0x73, 0x6f, 0x66, 0x74, 0x20, 0x28, 0x52, 0x29, 0x20, 0x48, 0x4c, 0x53, 0x4c,
    0x20, 0x53, 0x68, 0x61, 0x64, 0x65, 0x72, 0x20, 0x43, 0x6f, 0x6d, 0x70, 0x69, 0x6c, 0x65, 0x72,
    0x20, 0x31, 0x30, 0x2e, 0x31, 0x00, 0x00, 0x00, 0xae, 0x00, 0x3d, 0x11, 0x01, 0x68, 0x6c, 0x73,
    0x6c, 0x46, 0x6c, 0x61, 0x67, 0x73, 0x00, 0x30, 0x78, 0x31, 0x30, 0x34, 0x38, 0x30, 0x31, 0x00,
    0x68, 0x6c, 0x73, 0x6c, 0x54, 0x61, 0x72, 0x67, 0x65, 0x74, 0x00, 0x76, 0x73, 0x5f, 0x35, 0x5f,
    0x31, 0x00, 0x68, 0x6c, 0x73, 0x6c, 0x45, 0x6e, 0x74, 0x72, 0x79, 0x00, 0x76, 0x65, 0x72, 0x74,
    0x65, 0x78, 0x4d, 0x61, 0x69, 0x6e, 0x00, 0x68, 0x6c, 0x73, 0x6c, 0x44, 0x65, 0x66, 0x69, 0x6e,
    0x65, 0x73, 0x00, 0x20, 0x2f, 0x44, 0x50, 0x59, 0x52, 0x4f, 0x5f, 0x53, 0x48, 0x41, 0x44, 0x45,
    0x52, 0x5f, 0x46, 0x4c, 0x41, 0x47, 0x5f, 0x52, 0x48, 0x49, 0x5f, 0x44, 0x33, 0x44, 0x31, 0x32,
    0x3d, 0x31, 0x20, 0x2f, 0x44, 0x70, 0x79, 0x72, 0x6f, 0x5f, 0x69, 0x6e, 0x74, 0x65, 0x72, 0x6e,
    0x61, 0x6c, 0x5f, 0x73, 0x68, 0x61, 0x64, 0x65, 0x72, 0x5f, 0x73, 0x74, 0x61, 0x67, 0x65, 0x5f,
    0x76, 0x73, 0x3d, 0x31, 0x20, 0x2f, 0x44, 0x70, 0x79, 0x72, 0x6f, 0x5f, 0x69, 0x6e, 0x74, 0x65,
    0x72, 0x6e, 0x61, 0x6c, 0x5f, 0x73, 0x68, 0x61, 0x64, 0x65, 0x72, 0x5f, 0x73, 0x74, 0x61, 0x67,
    0x65, 0x5f, 0x66, 0x73, 0x3d, 0x31, 0x00, 0x00, 0x32, 0x00, 0x10, 0x11, 0x00, 0x00, 0x00, 0x00,
    0x88, 0x03, 0x00, 0x00, 0x00, 0x00, 0x00, 0x00, 0x04, 0x02, 0x00, 0x00, 0x00, 0x00, 0x00, 0x00,
    0x04, 0x02, 0x00, 0x00, 0x06, 0x10, 0x00, 0x00, 0x5c, 0x00, 0x00, 0x00, 0x01, 0x00, 0xa0, 0x76,
    0x65, 0x72, 0x74, 0x65, 0x78, 0x4d, 0x61, 0x69, 0x6e, 0x00, 0x00, 0x00, 0x32, 0x00, 0x3e, 0x11,
    0x75, 0x00, 0x00, 0x00, 0x01, 0x00, 0x76, 0x65, 0x72, 0x74, 0x65, 0x78, 0x49, 0x44, 0x5f, 0x30,
    0x00, 0x00, 0x00, 0x00, 0x00, 0x00, 0x00, 0x00, 0x00, 0x00, 0x00, 0x00, 0x00, 0x00, 0x00, 0x00,
    0x00, 0x00, 0x00, 0x00, 0x00, 0x00, 0x00, 0x00, 0x00, 0x00, 0x00, 0x00, 0x00, 0x00, 0x00, 0x00,
    0x16, 0x00, 0x50, 0x11, 0x01, 0x00, 0x01, 0x00, 0x00, 0x00, 0x04, 0x00, 0x5c, 0x00, 0x00, 0x00,
    0x01, 0x00, 0x04, 0x02, 0x00, 0x00, 0x00, 0x00, 0x42, 0x00, 0x3e, 0x11, 0x05, 0x10, 0x00, 0x00,
    0x88, 0x00, 0x3c, 0x76, 0x65, 0x72, 0x74, 0x65, 0x78, 0x4d, 0x61, 0x69, 0x6e, 0x20, 0x72, 0x65,
    0x74, 0x75, 0x72, 0x6e, 0x20, 0x76, 0x61, 0x6c, 0x75, 0x65, 0x3e, 0x00, 0x00, 0x00, 0x00, 0x00,
    0x00, 0x00, 0x00, 0x00, 0x00, 0x00, 0x00, 0x00, 0x00, 0x00, 0x00, 0x00, 0x00, 0x00, 0x00, 0x00,
    0x00, 0x00, 0x00, 0x00, 0x00, 0x00, 0x00, 0x00, 0x00, 0x00, 0x00, 0x00, 0x16, 0x00, 0x50, 0x11,
    0x02, 0x00, 0x05, 0x00, 0x10, 0x00, 0x04, 0x00, 0x5c, 0x00, 0x00, 0x00, 0x01, 0x00, 0x04, 0x02,
    0x10, 0x00, 0x00, 0x00, 0x16, 0x00, 0x50, 0x11, 0x02, 0x00, 0x05, 0x00, 0x14, 0x00, 0x04, 0x00,
    0x5c, 0x00, 0x00, 0x00, 0x01, 0x00, 0x04, 0x02, 0x14, 0x00, 0x00, 0x00, 0x16, 0x00, 0x50, 0x11,
    0x02, 0x00, 0x05, 0x00, 0x00, 0x00, 0x04, 0x00, 0x5c, 0x00, 0x00, 0x00, 0x01, 0x00, 0x04, 0x02,
    0x00, 0x00, 0x00, 0x00, 0x16, 0x00, 0x50, 0x11, 0x02, 0x00, 0x05, 0x00, 0x04, 0x00, 0x04, 0x00,
    0x5c, 0x00, 0x00, 0x00, 0x01, 0x00, 0x04, 0x02, 0x04, 0x00, 0x00, 0x00, 0x16, 0x00, 0x50, 0x11,
    0x02, 0x00, 0x05, 0x00, 0x08, 0x00, 0x04, 0x00, 0x5c, 0x00, 0x00, 0x00, 0x01, 0x00, 0x04, 0x02,
    0x08, 0x00, 0x00, 0x00, 0x16, 0x00, 0x50, 0x11, 0x02, 0x00, 0x05, 0x00, 0x0c, 0x00, 0x04, 0x00,
    0x5c, 0x00, 0x00, 0x00, 0x01, 0x00, 0x04, 0x02, 0x0c, 0x00, 0x00, 0x00, 0x2a, 0x00, 0x3e, 0x11,
    0x62, 0x00, 0x00, 0x00, 0x00, 0x00, 0x5f, 0x53, 0x32, 0x00, 0x00, 0x00, 0x00, 0x00, 0x00, 0x00,
    0x00, 0x00, 0x00, 0x00, 0x00, 0x00, 0x00, 0x00, 0x00, 0x00, 0x00, 0x00, 0x00, 0x00, 0x00, 0x00,
    0x00, 0x00, 0x00, 0x00, 0x00, 0x00, 0x00, 0x00, 0x1a, 0x00, 0x50, 0x11, 0x00, 0x00, 0x01, 0x00,
    0x00, 0x00, 0x04, 0x00, 0x84, 0x00, 0x00, 0x00, 0x01, 0x00, 0x40, 0x00, 0x20, 0x00, 0x04, 0x00,
    0x00, 0x00, 0x00, 0x00, 0x2a, 0x00, 0x3e, 0x11, 0x62, 0x00, 0x00, 0x00, 0x00, 0x00, 0x5f, 0x53,
    0x33, 0x00, 0x00, 0x00, 0x00, 0x00, 0x00, 0x00, 0x00, 0x00, 0x00, 0x00, 0x00, 0x00, 0x00, 0x00,
    0x00, 0x00, 0x00, 0x00, 0x00, 0x00, 0x00, 0x00, 0x00, 0x00, 0x00, 0x00, 0x00, 0x00, 0x00, 0x00,
    0x1a, 0x00, 0x50, 0x11, 0x00, 0x00, 0x01, 0x00, 0x00, 0x00, 0x04, 0x00, 0xa4, 0x00, 0x00, 0x00,
    0x01, 0x00, 0x10, 0x01, 0x04, 0x00, 0x1c, 0x00, 0x00, 0x00, 0x00, 0x00, 0x2a, 0x00, 0x3e, 0x11,
    0x40, 0x00, 0x00, 0x00, 0x00, 0x00, 0x5f, 0x53, 0x34, 0x00, 0x00, 0x00, 0x00, 0x00, 0x00, 0x00,
    0x00, 0x00, 0x00, 0x00, 0x00, 0x00, 0x00, 0x00, 0x00, 0x00, 0x00, 0x00, 0x00, 0x00, 0x00, 0x00,
    0x00, 0x00, 0x00, 0x00, 0x00, 0x00, 0x00, 0x00, 0x1e, 0x00, 0x50, 0x11, 0x00, 0x00, 0x01, 0x00,
    0x00, 0x00, 0x04, 0x00, 0xe8, 0x00, 0x00, 0x00, 0x01, 0x00, 0x98, 0x00, 0x04, 0x00, 0x14, 0x00,
    0x80, 0x00, 0x04, 0x00, 0x10, 0x00, 0x00, 0x00, 0x1a, 0x00, 0x50, 0x11, 0x00, 0x00, 0x01, 0x00,
    0x00, 0x00, 0x04, 0x00, 0x68, 0x01, 0x00, 0x00, 0x01, 0x00, 0xf8, 0x00, 0x04, 0x00, 0x14, 0x00,
    0x14, 0x00, 0x00, 0x00, 0x2a, 0x00, 0x3e, 0x11, 0x62, 0x00, 0x00, 0x00, 0x00, 0x00, 0x5f, 0x53,
    0x35, 0x00, 0x00, 0x00, 0x00, 0x00, 0x00, 0x00, 0x00, 0x00, 0x00, 0x00, 0x00, 0x00, 0x00, 0x00,
    0x00, 0x00, 0x00, 0x00, 0x00, 0x00, 0x00, 0x00, 0x00, 0x00, 0x00, 0x00, 0x00, 0x00, 0x00, 0x00,
    0x16, 0x00, 0x50, 0x11, 0x00, 0x00, 0x01, 0x00, 0x00, 0x00, 0x04, 0x00, 0x84, 0x00, 0x00, 0x00,
    0x01, 0x00, 0x30, 0x01, 0x04, 0x00, 0x00, 0x00, 0x02, 0x00, 0x06, 0x00, 0xf4, 0x00, 0x00, 0x00,
    0x20, 0x00, 0x00, 0x00, 0x01, 0x00, 0x00, 0x00, 0x10, 0x01, 0x79, 0xde, 0x5d, 0xd3, 0x3e, 0x5c,
    0xe4, 0xcc, 0x81, 0xae, 0xd9, 0x75, 0xc2, 0x95, 0x97, 0x64, 0x00, 0x00, 0xae, 0x07, 0x00, 0x00,
    0x00, 0x00, 0x00, 0x00, 0xf2, 0x00, 0x00, 0x00, 0xa0, 0x02, 0x00, 0x00, 0x00, 0x00, 0x00, 0x00,
    0x01, 0x00, 0x01, 0x00, 0x60, 0x02, 0x00, 0x00, 0x18, 0x00, 0x00, 0x00, 0x36, 0x00, 0x00, 0x00,
    0x94, 0x02, 0x00, 0x00, 0x5c, 0x00, 0x00, 0x00, 0x16, 0x00, 0x00, 0x80, 0x5c, 0x00, 0x00, 0x00,
    0x16, 0x00, 0x00, 0x00, 0x84, 0x00, 0x00, 0x00, 0x15, 0x00, 0x00, 0x80, 0x84, 0x00, 0x00, 0x00,
    0x15, 0x00, 0x00, 0x00, 0x90, 0x00, 0x00, 0x00, 0x15, 0x00, 0x00, 0x80, 0x90, 0x00, 0x00, 0x00,
    0x15, 0x00, 0x00, 0x00, 0xa4, 0x00, 0x00, 0x00, 0x15, 0x00, 0x00, 0x80, 0xa4, 0x00, 0x00, 0x00,
    0x15, 0x00, 0x00, 0x00, 0xa8, 0x00, 0x00, 0x00, 0x15, 0x00, 0x00, 0x80, 0xa8, 0x00, 0x00, 0x00,
    0x15, 0x00, 0x00, 0x00, 0xc4, 0x00, 0x00, 0x00, 0x15, 0x00, 0x00, 0x80, 0xc4, 0x00, 0x00, 0x00,
    0x15, 0x00, 0x00, 0x00, 0xc8, 0x00, 0x00, 0x00, 0x15, 0x00, 0x00, 0x80, 0xc8, 0x00, 0x00, 0x00,
    0x15, 0x00, 0x00, 0x00, 0xd4, 0x00, 0x00, 0x00, 0x15, 0x00, 0x00, 0x80, 0xd4, 0x00, 0x00, 0x00,
    0x15, 0x00, 0x00, 0x00, 0xe8, 0x00, 0x00, 0x00, 0x15, 0x00, 0x00, 0x80, 0xe8, 0x00, 0x00, 0x00,
    0x15, 0x00, 0x00, 0x00, 0xec, 0x00, 0x00, 0x00, 0x15, 0x00, 0x00, 0x80, 0xec, 0x00, 0x00, 0x00,
    0x15, 0x00, 0x00, 0x00, 0x00, 0x01, 0x00, 0x00, 0x15, 0x00, 0x00, 0x80, 0x00, 0x01, 0x00, 0x00,
    0x15, 0x00, 0x00, 0x00, 0x04, 0x01, 0x00, 0x00, 0x16, 0x00, 0x00, 0x80, 0x04, 0x01, 0x00, 0x00,
    0x16, 0x00, 0x00, 0x00, 0x10, 0x01, 0x00, 0x00, 0x16, 0x00, 0x00, 0x80, 0x10, 0x01, 0x00, 0x00,
    0x16, 0x00, 0x00, 0x00, 0x24, 0x01, 0x00, 0x00, 0x16, 0x00, 0x00, 0x80, 0x24, 0x01, 0x00, 0x00,
    0x16, 0x00, 0x00, 0x00, 0x28, 0x01, 0x00, 0x00, 0x16, 0x00, 0x00, 0x80, 0x28, 0x01, 0x00, 0x00,
    0x16, 0x00, 0x00, 0x00, 0x44, 0x01, 0x00, 0x00, 0x16, 0x00, 0x00, 0x80, 0x44, 0x01, 0x00, 0x00,
    0x16, 0x00, 0x00, 0x00, 0x48, 0x01, 0x00, 0x00, 0x16, 0x00, 0x00, 0x80, 0x48, 0x01, 0x00, 0x00,
    0x16, 0x00, 0x00, 0x00, 0x54, 0x01, 0x00, 0x00, 0x16, 0x00, 0x00, 0x80, 0x54, 0x01, 0x00, 0x00,
    0x16, 0x00, 0x00, 0x00, 0x68, 0x01, 0x00, 0x00, 0x16, 0x00, 0x00, 0x80, 0x68, 0x01, 0x00, 0x00,
    0x16, 0x00, 0x00, 0x00, 0x6c, 0x01, 0x00, 0x00, 0x16, 0x00, 0x00, 0x80, 0x6c, 0x01, 0x00, 0x00,
    0x16, 0x00, 0x00, 0x00, 0x80, 0x01, 0x00, 0x00, 0x16, 0x00, 0x00, 0x80, 0x80, 0x01, 0x00, 0x00,
    0x16, 0x00, 0x00, 0x00, 0x84, 0x01, 0x00, 0x00, 0x1b, 0x00, 0x00, 0x80, 0x84, 0x01, 0x00, 0x00,
    0x1b, 0x00, 0x00, 0x00, 0xb4, 0x01, 0x00, 0x00, 0x1b, 0x00, 0x00, 0x80, 0xb4, 0x01, 0x00, 0x00,
    0x1b, 0x00, 0x00, 0x00, 0xe0, 0x01, 0x00, 0x00, 0x21, 0x00, 0x00, 0x80, 0xe0, 0x01, 0x00, 0x00,
    0x21, 0x00, 0x00, 0x00, 0x10, 0x02, 0x00, 0x00, 0x21, 0x00, 0x00, 0x80, 0x10, 0x02, 0x00, 0x00,
    0x21, 0x00, 0x00, 0x00, 0x3c, 0x02, 0x00, 0x00, 0x23, 0x00, 0x00, 0x80, 0x3c, 0x02, 0x00, 0x00,
    0x23, 0x00, 0x00, 0x00, 0x5c, 0x02, 0x00, 0x00, 0x23, 0x00, 0x00, 0x80, 0x5c, 0x02, 0x00, 0x00,
    0x23, 0x00, 0x00, 0x00, 0x05, 0x00, 0x19, 0x00, 0x10, 0x00, 0x18, 0x00, 0x05, 0x00, 0x0b, 0x00,
    0x05, 0x00, 0x0b, 0x00, 0x05, 0x00, 0x05, 0x00, 0x05, 0x00, 0x05, 0x00, 0x05, 0x00, 0x05, 0x00,
    0x05, 0x00, 0x05, 0x00, 0x09, 0x00, 0x18, 0x00, 0x0f, 0x00, 0x17, 0x00, 0x05, 0x00, 0x05, 0x00,
    0x05, 0x00, 0x05, 0x00, 0x05, 0x00, 0x0b, 0x00, 0x05, 0x00, 0x0b, 0x00, 0x05, 0x00, 0x05, 0x00,
    0x05, 0x00, 0x05, 0x00, 0x05, 0x00, 0x05, 0x00, 0x05, 0x00, 0x05, 0x00, 0x05, 0x00, 0x05, 0x00,
    0x05, 0x00, 0x05, 0x00, 0x05, 0x00, 0x05, 0x00, 0x05, 0x00, 0x05, 0x00, 0x05, 0x00, 0x0b, 0x00,
    0x05, 0x00, 0x0b, 0x00, 0x05, 0x00, 0x05, 0x00, 0x05, 0x00, 0x05, 0x00, 0x05, 0x00, 0x05, 0x00,
    0x05, 0x00, 0x05, 0x00, 0x09, 0x00, 0x18, 0x00, 0x0f, 0x00, 0x17, 0x00, 0x05, 0x00, 0x05, 0x00,
    0x05, 0x00, 0x05, 0x00, 0x05, 0x00, 0x0b, 0x00, 0x05, 0x00, 0x0b, 0x00, 0x05, 0x00, 0x05, 0x00,
    0x05, 0x00, 0x05, 0x00, 0x05, 0x00, 0x05, 0x00, 0x05, 0x00, 0x05, 0x00, 0x05, 0x00, 0x05, 0x00,
    0x05, 0x00, 0x05, 0x00, 0x05, 0x00, 0x05, 0x00, 0x05, 0x00, 0x05, 0x00, 0x05, 0x00, 0x6f, 0x00,
    0x17, 0x00, 0x6e, 0x00, 0x05, 0x00, 0x6f, 0x00, 0x17, 0x00, 0x6e, 0x00, 0x05, 0x00, 0x6a, 0x00,
    0x12, 0x00, 0x69, 0x00, 0x05, 0x00, 0x6a, 0x00, 0x12, 0x00, 0x69, 0x00, 0x05, 0x00, 0x14, 0x00,
    0x05, 0x00, 0x14, 0x00, 0x05, 0x00, 0x14, 0x00, 0x05, 0x00, 0x14, 0x00, 0xf6, 0x00, 0x00, 0x00,
    0x04, 0x00, 0x00, 0x00, 0x00, 0x00, 0x00, 0x00, 0x08, 0x00, 0x00, 0x00, 0x00, 0x00, 0x00, 0x00,
    0x1c, 0x00, 0x00, 0x00, 0x00, 0x00, 0x00, 0x00, 0x00, 0x00, 0x00, 0x00, 0x00, 0x00, 0x00, 0x00,
    0x00, 0x00, 0x00, 0x00, 0x00, 0x00, 0x00, 0x00, 0x00, 0x00, 0x00, 0x00, 0x00, 0x00, 0x00, 0x00,
    0x00, 0x00, 0x00, 0x00, 0x00, 0x00, 0x00, 0x00, 0x00, 0x00, 0x00, 0x00, 0x00, 0x00, 0x00, 0x00,
    0x00, 0x00, 0x00, 0x00, 0x00, 0x00, 0x00, 0x00, 0x00, 0x00, 0x00, 0x00, 0x00, 0x00, 0x00, 0x00,
    0x00, 0x00, 0x00, 0x00, 0x00, 0x00, 0x00, 0x00, 0x00, 0x00, 0x00, 0x00, 0x00, 0x00, 0x00, 0x00,
    0x00, 0x00, 0x00, 0x00, 0x00, 0x00, 0x00, 0x00, 0x00, 0x00, 0x00, 0x00, 0x00, 0x00, 0x00, 0x00,
    0x00, 0x00, 0x00, 0x00, 0x00, 0x00, 0x00, 0x00, 0x00, 0x00, 0x00, 0x00, 0x00, 0x00, 0x00, 0x00,
    0x00, 0x00, 0x00, 0x00, 0x00, 0x00, 0x00, 0x00, 0x00, 0x00, 0x00, 0x00, 0x00, 0x00, 0x00, 0x00,
    0x00, 0x00, 0x00, 0x00, 0x00, 0x00, 0x00, 0x00, 0x00, 0x00, 0x00, 0x00, 0x00, 0x00, 0x00, 0x00,
    0x00, 0x00, 0x00, 0x00, 0x00, 0x00, 0x00, 0x00, 0x00, 0x00, 0x00, 0x00, 0x00, 0x00, 0x00, 0x00,
    0x00, 0x00, 0x00, 0x00, 0x00, 0x00, 0x00, 0x00, 0x00, 0x00, 0x00, 0x00, 0x00, 0x00, 0x00, 0x00,
    0x00, 0x00, 0x00, 0x00, 0x00, 0x00, 0x00, 0x00, 0x00, 0x00, 0x00, 0x00, 0x00, 0x00, 0x00, 0x00,
    0x00, 0x00, 0x00, 0x00, 0x00, 0x00, 0x00, 0x00, 0x00, 0x00, 0x00, 0x00, 0x00, 0x00, 0x00, 0x00,
    0x00, 0x00, 0x00, 0x00, 0x00, 0x00, 0x00, 0x00, 0x00, 0x00, 0x00, 0x00, 0x00, 0x00, 0x00, 0x00,
    0x00, 0x00, 0x00, 0x00, 0x00, 0x00, 0x00, 0x00, 0x00, 0x00, 0x00, 0x00, 0x00, 0x00, 0x00, 0x00,
    0x00, 0x00, 0x00, 0x00, 0x00, 0x00, 0x00, 0x00, 0x00, 0x00, 0x00, 0x00, 0x00, 0x00, 0x00, 0x00,
    0x00, 0x00, 0x00, 0x00, 0x00, 0x00, 0x00, 0x00, 0x00, 0x00, 0x00, 0x00, 0x00, 0x00, 0x00, 0x00,
    0x00, 0x00, 0x00, 0x00, 0x00, 0x00, 0x00, 0x00, 0x00, 0x00, 0x00, 0x00, 0x00, 0x00, 0x00, 0x00,
    0x00, 0x00, 0x00, 0x00, 0x00, 0x00, 0x00, 0x00, 0x00, 0x00, 0x00, 0x00, 0x00, 0x00, 0x00, 0x00,
    0x00, 0x00, 0x00, 0x00, 0x00, 0x00, 0x00, 0x00, 0x00, 0x00, 0x00, 0x00, 0x00, 0x00, 0x00, 0x00,
    0x00, 0x00, 0x00, 0x00, 0x00, 0x00, 0x00, 0x00, 0x00, 0x00, 0x00, 0x00, 0x00, 0x00, 0x00, 0x00,
    0x00, 0x00, 0x00, 0x00, 0x00, 0x00, 0x00, 0x00, 0x00, 0x00, 0x00, 0x00, 0x00, 0x00, 0x00, 0x00,
    0x00, 0x00, 0x00, 0x00, 0x00, 0x00, 0x00, 0x00, 0x00, 0x00, 0x00, 0x00, 0x00, 0x00, 0x00, 0x00,
    0x00, 0x00, 0x00, 0x00, 0x00, 0x00, 0x00, 0x00, 0x00, 0x00, 0x00, 0x00, 0x00, 0x00, 0x00, 0x00,
    0x00, 0x00, 0x00, 0x00, 0x00, 0x00, 0x00, 0x00, 0x00, 0x00, 0x00, 0x00, 0x00, 0x00, 0x00, 0x00,
    0x0b, 0xca, 0x31, 0x01, 0x38, 0x00, 0x00, 0x00, 0x00, 0x10, 0x00, 0x00, 0x0c, 0x10, 0x00, 0x00,
    0x94, 0x01, 0x00, 0x00, 0x0a, 0x00, 0xff, 0xff, 0x04, 0x00, 0x00, 0x00, 0xff, 0xff, 0x03, 0x00,
    0x00, 0x00, 0x00, 0x00, 0x30, 0x00, 0x00, 0x00, 0x30, 0x00, 0x00, 0x00, 0x08, 0x00, 0x00, 0x00,
    0x38, 0x00, 0x00, 0x00, 0x00, 0x00, 0x00, 0x00, 0x0a, 0x00, 0x01, 0x12, 0x01, 0x00, 0x00, 0x00,
    0x75, 0x00, 0x00, 0x00, 0x16, 0x00, 0x1b, 0x15, 0x40, 0x00, 0x00, 0x00, 0x04, 0x00, 0x00, 0x00,
    0x10, 0x00, 0x66, 0x6c, 0x6f, 0x61, 0x74, 0x34, 0x00, 0xf3, 0xf2, 0xf1, 0x16, 0x00, 0x1b, 0x15,
    0x40, 0x00, 0x00, 0x00, 0x02, 0x00, 0x00, 0x00, 0x08, 0x00, 0x66, 0x6c, 0x6f, 0x61, 0x74, 0x32,
    0x00, 0xf3, 0xf2, 0xf1, 0x2a, 0x00, 0x03, 0x12, 0x0d, 0x15, 0x03, 0x00, 0x01, 0x10, 0x00, 0x00,
    0x00, 0x00, 0x70, 0x6f, 0x73, 0x69, 0x74, 0x69, 0x6f, 0x6e, 0x5f, 0x30, 0x00, 0xf3, 0xf2, 0xf1,
    0x0d, 0x15, 0x03, 0x00, 0x02, 0x10, 0x00, 0x00, 0x10, 0x00, 0x75, 0x76, 0x5f, 0x30, 0x00, 0xf1,
    0x26, 0x00, 0x05, 0x15, 0x02, 0x00, 0x00, 0x00, 0x03, 0x10, 0x00, 0x00, 0x00, 0x00, 0x00, 0x00,
    0x00, 0x00, 0x00, 0x00, 0x18, 0x00, 0x56, 0x65, 0x72, 0x74, 0x65, 0x78, 0x4f, 0x75, 0x74, 0x70,
    0x75, 0x74, 0x5f, 0x30, 0x00, 0xf3, 0xf2, 0xf1, 0x0a, 0x00, 0x18, 0x15, 0x04, 0x10, 0x00, 0x00,
    0x01, 0x00, 0x01, 0x00, 0x0e, 0x00, 0x08, 0x10, 0x05, 0x10, 0x00, 0x00, 0x17, 0x00, 0x01, 0x00,
    0x00, 0x10, 0x00, 0x00, 0x82, 0x00, 0x03, 0x12, 0x0d, 0x15, 0x03, 0x00, 0x02, 0x10, 0x00, 0x00,
    0x00, 0x00, 0x73, 0x72, 0x63, 0x43, 0x6f, 0x72, 0x6e, 0x65, 0x72, 0x4c, 0x6f, 0x77, 0x65, 0x72,
    0x4c, 0x65, 0x66, 0x74, 0x5f, 0x30, 0x00, 0xf1, 0x0d, 0x15, 0x03, 0x00, 0x02, 0x10, 0x00, 0x00,
    0x08, 0x00, 0x73, 0x72, 0x63, 0x43, 0x6f, 0x72, 0x6e, 0x65, 0x72, 0x55, 0x70, 0x70, 0x65, 0x72,
    0x52, 0x69, 0x67, 0x68, 0x74, 0x5f, 0x30, 0x00, 0x0d, 0x15, 0x03, 0x00, 0x02, 0x10, 0x00, 0x00,
    0x10, 0x00, 0x64, 0x73, 0x74, 0x43, 0x6f, 0x72, 0x6e, 0x65, 0x72, 0x4c, 0x6f, 0x77, 0x65, 0x72,
    0x4c, 0x65, 0x66, 0x74, 0x5f, 0x30, 0x00, 0xf1, 0x0d, 0x15, 0x03, 0x00, 0x02, 0x10, 0x00, 0x00,
    0x18, 0x00, 0x64, 0x73, 0x74, 0x43, 0x6f, 0x72, 0x6e, 0x65, 0x72, 0x55, 0x70, 0x70, 0x65, 0x72,
    0x52, 0x69, 0x67, 0x68, 0x74, 0x5f, 0x30, 0x00, 0x3a, 0x00, 0x05, 0x15, 0x04, 0x00, 0x00, 0x00,
    0x07, 0x10, 0x00, 0x00, 0x00, 0x00, 0x00, 0x00, 0x00, 0x00, 0x00, 0x00, 0x20, 0x00, 0x53, 0x4c,
    0x41, 0x4e, 0x47, 0x5f, 0x50, 0x61, 0x72, 0x61, 0x6d, 0x65, 0x74, 0x65, 0x72, 0x47, 0x72, 0x6f,
    0x75, 0x70, 0x5f, 0x50, 0x75, 0x73, 0x68, 0x43, 0x6f, 0x6e, 0x73, 0x74, 0x61, 0x6e, 0x74, 0x5f,
    0x30, 0x00, 0xf2, 0xf1, 0x0a, 0x00, 0x18, 0x15, 0x08, 0x10, 0x00, 0x00, 0x01, 0x00, 0x01, 0x00,
    0x0e, 0x00, 0x17, 0x15, 0x09, 0x10, 0x00, 0x00, 0x24, 0x02, 0x60, 0x4c, 0x00, 0x00, 0xf2, 0xf1,
    0x0a, 0x00, 0x18, 0x15, 0x0a, 0x10, 0x00, 0x00, 0x01, 0x00, 0x00, 0x02, 0x00, 0x00, 0x00, 0x00,
    0x00, 0x00, 0x00, 0x00, 0x00, 0x00, 0x00, 0x00, 0x00, 0x00, 0x00, 0x00, 0x00, 0x00, 0x00, 0x00,
    0x00, 0x00, 0x00, 0x00, 0x00, 0x00, 0x00, 0x00, 0x00, 0x00, 0x00, 0x00, 0x00, 0x00, 0x00, 0x00,
    0x00, 0x00, 0x00, 0x00, 0x00, 0x00, 0x00, 0x00, 0x00, 0x00, 0x00, 0x00, 0x00, 0x00, 0x00, 0x00,
    0x0b, 0xca, 0x31, 0x01, 0x38, 0x00, 0x00, 0x00, 0x00, 0x10, 0x00, 0x00, 0x00, 0x10, 0x00, 0x00,
    0x00, 0x00, 0x00, 0x00, 0x0b, 0x00, 0xff, 0xff, 0x04, 0x00, 0x00, 0x00, 0xff, 0xff, 0x03, 0x00,
    0x00, 0x00, 0x00, 0x00, 0x00, 0x00, 0x00, 0x00, 0x00, 0x00, 0x00, 0x00, 0x00, 0x00, 0x00, 0x00,
    0x00, 0x00, 0x00, 0x00, 0x00, 0x00, 0x00, 0x00, 0x00, 0x00, 0x00, 0x00, 0x00, 0x00, 0x00, 0x00,
    0x00, 0x00, 0x00, 0x00, 0x00, 0x00, 0x00, 0x00, 0x00, 0x00, 0x00, 0x00, 0x00, 0x00, 0x00, 0x00,
    0x00, 0x00, 0x00, 0x00, 0x00, 0x00, 0x00, 0x00, 0x00, 0x00, 0x00, 0x00, 0x00, 0x00, 0x00, 0x00,
    0x00, 0x00, 0x00, 0x00, 0x00, 0x00, 0x00, 0x00, 0x00, 0x00, 0x00, 0x00, 0x00, 0x00, 0x00, 0x00,
    0x00, 0x00, 0x00, 0x00, 0x00, 0x00, 0x00, 0x00, 0x00, 0x00, 0x00, 0x00, 0x00, 0x00, 0x00, 0x00,
    0x00, 0x00, 0x00, 0x00, 0x00, 0x00, 0x00, 0x00, 0x00, 0x00, 0x00, 0x00, 0x00, 0x00, 0x00, 0x00,
    0x00, 0x00, 0x00, 0x00, 0x00, 0x00, 0x00, 0x00, 0x00, 0x00, 0x00, 0x00, 0x00, 0x00, 0x00, 0x00,
    0x00, 0x00, 0x00, 0x00, 0x00, 0x00, 0x00, 0x00, 0x00, 0x00, 0x00, 0x00, 0x00, 0x00, 0x00, 0x00,
    0x00, 0x00, 0x00, 0x00, 0x00, 0x00, 0x00, 0x00, 0x00, 0x00, 0x00, 0x00, 0x00, 0x00, 0x00, 0x00,
    0x00, 0x00, 0x00, 0x00, 0x00, 0x00, 0x00, 0x00, 0x00, 0x00, 0x00, 0x00, 0x00, 0x00, 0x00, 0x00,
    0x00, 0x00, 0x00, 0x00, 0x00, 0x00, 0x00, 0x00, 0x00, 0x00, 0x00, 0x00, 0x00, 0x00, 0x00, 0x00,
    0x00, 0x00, 0x00, 0x00, 0x00, 0x00, 0x00, 0x00, 0x00, 0x00, 0x00, 0x00, 0x00, 0x00, 0x00, 0x00,
    0x00, 0x00, 0x00, 0x00, 0x00, 0x00, 0x00, 0x00, 0x00, 0x00, 0x00, 0x00, 0x00, 0x00, 0x00, 0x00,
    0x00, 0x00, 0x00, 0x00, 0x00, 0x00, 0x00, 0x00, 0x00, 0x00, 0x00, 0x00, 0x00, 0x00, 0x00, 0x00,
    0x00, 0x00, 0x00, 0x00, 0x00, 0x00, 0x00, 0x00, 0x00, 0x00, 0x00, 0x00, 0x00, 0x00, 0x00, 0x00,
    0x00, 0x00, 0x00, 0x00, 0x00, 0x00, 0x00, 0x00, 0x00, 0x00, 0x00, 0x00, 0x00, 0x00, 0x00, 0x00,
    0x00, 0x00, 0x00, 0x00, 0x00, 0x00, 0x00, 0x00, 0x00, 0x00, 0x00, 0x00, 0x00, 0x00, 0x00, 0x00,
    0x00, 0x00, 0x00, 0x00, 0x00, 0x00, 0x00, 0x00, 0x00, 0x00, 0x00, 0x00, 0x00, 0x00, 0x00, 0x00,
    0x00, 0x00, 0x00, 0x00, 0x00, 0x00, 0x00, 0x00, 0x00, 0x00, 0x00, 0x00, 0x00, 0x00, 0x00, 0x00,
    0x00, 0x00, 0x00, 0x00, 0x00, 0x00, 0x00, 0x00, 0x00, 0x00, 0x00, 0x00, 0x00, 0x00, 0x00, 0x00,
    0x00, 0x00, 0x00, 0x00, 0x00, 0x00, 0x00, 0x00, 0x00, 0x00, 0x00, 0x00, 0x00, 0x00, 0x00, 0x00,
    0x00, 0x00, 0x00, 0x00, 0x00, 0x00, 0x00, 0x00, 0x00, 0x00, 0x00, 0x00, 0x00, 0x00, 0x00, 0x00,
    0x00, 0x00, 0x00, 0x00, 0x00, 0x00, 0x00, 0x00, 0x00, 0x00, 0x00, 0x00, 0x00, 0x00, 0x00, 0x00,
    0x00, 0x00, 0x00, 0x00, 0x00, 0x00, 0x00, 0x00, 0x00, 0x00, 0x00, 0x00, 0x00, 0x00, 0x00, 0x00,
    0x00, 0x00, 0x00, 0x00, 0x00, 0x00, 0x00, 0x00, 0x00, 0x00, 0x00, 0x00, 0x00, 0x00, 0x00, 0x00,
    0x00, 0x00, 0x00, 0x00, 0x00, 0x00, 0x00, 0x00, 0x00, 0x00, 0x00, 0x00, 0x00, 0x00, 0x00, 0x00,
    0x00, 0x00, 0x00, 0x00, 0x00, 0x00, 0x00, 0x00, 0x00, 0x00, 0x00, 0x00, 0x00, 0x00, 0x00, 0x00,
    0x00, 0x00, 0x00, 0x00, 0x00, 0x00, 0x00, 0x00, 0x00, 0x00, 0x00, 0x00, 0x00, 0x00, 0x00, 0x00,
    0x00, 0x00, 0x00, 0x00, 0x00, 0x00, 0x00, 0x00, 0x00, 0x00, 0x00, 0x00, 0x00, 0x00, 0x00, 0x00,
    0x20, 0x20, 0x20, 0x20, 0x66, 0x6c, 0x6f, 0x61, 0x74, 0x20, 0x5f, 0x53, 0x34, 0x3b, 0x0a, 0x0a,
    0x23, 0x6c, 0x69, 0x6e, 0x65, 0x20, 0x32, 0x31, 0x0a, 0x20, 0x20, 0x20, 0x20, 0x69, 0x66, 0x28,
    0x5f, 0x53, 0x33, 0x29, 0x0a, 0x20, 0x20, 0x20, 0x20, 0x7b, 0x0a, 0x0a, 0x23, 0x6c, 0x69, 0x6e,
    0x65, 0x20, 0x32, 0x31, 0x0a, 0x20, 0x20, 0x20, 0x20, 0x20, 0x20, 0x20, 0x20, 0x5f, 0x53, 0x34,
    0x20, 0x3d, 0x20, 0x31, 0x2e, 0x30, 0x66, 0x3b, 0x0a, 0x0a, 0x23, 0x6c, 0x69, 0x6e, 0x65, 0x20,
    0x32, 0x31, 0x0a, 0x20, 0x20, 0x20, 0x20, 0x7d, 0x0a, 0x20, 0x20, 0x20, 0x20, 0x65, 0x6c, 0x73,
    0x65, 0x0a, 0x20, 0x20, 0x20, 0x20, 0x7b, 0x0a, 0x0a, 0x23, 0x6c, 0x69, 0x6e, 0x65, 0x20, 0x32,
    0x31, 0x0a, 0x20, 0x20, 0x20, 0x20, 0x20, 0x20, 0x20, 0x20, 0x5f, 0x53, 0x34, 0x20, 0x3d, 0x20,
    0x30, 0x2e, 0x30, 0x66, 0x3b, 0x0a, 0x0a, 0x23, 0x6c, 0x69, 0x6e, 0x65, 0x20, 0x32, 0x31, 0x0a,
    0x20, 0x20, 0x20, 0x20, 0x7d, 0x0a, 0x0a, 0x23, 0x6c, 0x69, 0x6e, 0x65, 0x20, 0x32, 0x31, 0x0a,
    0x20, 0x20, 0x20, 0x20, 0x6c, 0x6f, 0x63, 0x61, 0x6c, 0x5f, 0x30, 0x5b, 0x69, 0x6e, 0x74, 0x28,
    0x30, 0x29, 0x5d, 0x20, 0x3d, 0x20, 0x5f, 0x53, 0x34, 0x3b, 0x0a, 0x20, 0x20, 0x20, 0x20, 0x62,
    0x6f, 0x6f, 0x6c, 0x20, 0x5f, 0x53, 0x35, 0x20, 0x3d, 0x20, 0x5f, 0x53, 0x31, 0x20, 0x3d, 0x3d,
    0x20, 0x31, 0x55, 0x3b, 0x0a, 0x0a, 0x23, 0x6c, 0x69, 0x6e, 0x65, 0x20, 0x32, 0x32, 0x0a, 0x20,
    0x20, 0x20, 0x20, 0x69, 0x66, 0x28, 0x5f, 0x53, 0x35, 0x29, 0x0a, 0x20, 0x20, 0x20, 0x20, 0x7b,
    0x0a, 0x0a, 0x23, 0x6c, 0x69, 0x6e, 0x65, 0x20, 0x32, 0x32, 0x0a, 0x20, 0x20, 0x20, 0x20, 0x20,
    0x20, 0x20, 0x20, 0x5f, 0x53, 0x33, 0x20, 0x3d, 0x20, 0x74, 0x72, 0x75, 0x65, 0x3b, 0x0a, 0x0a,
    0x23, 0x6c, 0x69, 0x6e, 0x65, 0x20, 0x32, 0x32, 0x0a, 0x20, 0x20, 0x20, 0x20, 0x7d, 0x0a, 0x20,
    0x20, 0x20, 0x20, 0x65, 0x6c, 0x73, 0x65, 0x0a, 0x20, 0x20, 0x20, 0x20, 0x7b, 0x0a, 0x0a, 0x23,
    0x6c, 0x69, 0x6e, 0x65, 0x20, 0x32, 0x32, 0x0a, 0x20, 0x20, 0x20, 0x20, 0x20, 0x20, 0x20, 0x20,
    0x5f, 0x53, 0x33, 0x20, 0x3d, 0x20, 0x5f, 0x53, 0x31, 0x20, 0x3d, 0x3d, 0x20, 0x33, 0x55, 0x3b,
    0x0a, 0x0a, 0x23, 0x6c, 0x69, 0x6e, 0x65, 0x20, 0x32, 0x32, 0x0a, 0x20, 0x20, 0x20, 0x20, 0x7d,
    0x0a, 0x0a, 0x23, 0x6c, 0x69, 0x6e, 0x65, 0x20, 0x32, 0x32, 0x0a, 0x20, 0x20, 0x20, 0x20, 0x69,
    0x66, 0x28, 0x5f, 0x53, 0x33, 0x29, 0x0a, 0x20, 0x20, 0x20, 0x20, 0x7b, 0x0a, 0x0a, 0x23, 0x6c,
    0x69, 0x6e, 0x65, 0x20, 0x32, 0x32, 0x0a, 0x20, 0x20, 0x20, 0x20, 0x20, 0x20, 0x20, 0x20, 0x5f,
    0x53, 0x34, 0x20, 0x3d, 0x20, 0x31, 0x2e, 0x30, 0x66, 0x3b, 0x0a, 0x0a, 0x23, 0x6c, 0x69, 0x6e,
    0x65, 0x20, 0x32, 0x32, 0x0a, 0x20, 0x20, 0x20, 0x20, 0x7d, 0x0a, 0x20, 0x20, 0x20, 0x20, 0x65,
    0x6c, 0x73, 0x65, 0x0a, 0x20, 0x20, 0x20, 0x20, 0x7b, 0x0a, 0x0a, 0x23, 0x6c, 0x69, 0x6e, 0x65,
    0x20, 0x32, 0x32, 0x0a, 0x20, 0x20, 0x20, 0x20, 0x20, 0x20, 0x20, 0x20, 0x5f, 0x53, 0x34, 0x20,
    0x3d, 0x20, 0x30, 0x2e, 0x30, 0x66, 0x3b, 0x0a, 0x0a, 0x23, 0x6c, 0x69, 0x6e, 0x65, 0x20, 0x32,
    0x32, 0x0a, 0x20, 0x20, 0x20, 0x20, 0x7d, 0x0a, 0x0a, 0x23, 0x6c, 0x69, 0x6e, 0x65, 0x20, 0x32,
    0x32, 0x0a, 0x20, 0x20, 0x20, 0x20, 0x6c, 0x6f, 0x63, 0x61, 0x6c, 0x5f, 0x30, 0x5b, 0x69, 0x6e,
    0x74, 0x28, 0x31, 0x29, 0x5d, 0x20, 0x3d, 0x20, 0x5f, 0x53, 0x34, 0x3b, 0x0a, 0x0a, 0x23, 0x6c,
    0x69, 0x6e, 0x65, 0x20, 0x32, 0x37, 0x0a, 0x20, 0x20, 0x20, 0x20, 0x66, 0x6c, 0x6f, 0x61, 0x74,
    0x32, 0x20, 0x64, 0x73, 0x74, 0x50, 0x6f, 0x73, 0x5f, 0x30, 0x20, 0x3d, 0x20, 0x6c, 0x65, 0x72,
    0x70, 0x28, 0x50, 0x75, 0x73, 0x68, 0x43, 0x6f, 0x6e, 0x73, 0x74, 0x61, 0x6e, 0x74, 0x5f, 0x30,
    0x2e, 0x64, 0x73, 0x74, 0x43, 0x6f, 0x72, 0x6e, 0x65, 0x72, 0x4c, 0x6f, 0x77, 0x65, 0x72, 0x4c,
    0x65, 0x66, 0x74, 0x5f, 0x30, 0x2c, 0x20, 0x50, 0x75, 0x73, 0x68, 0x43, 0x6f, 0x6e, 0x73, 0x74,
    0x61, 0x6e, 0x74, 0x5f, 0x30, 0x2e, 0x64, 0x73, 0x74, 0x43, 0x6f, 0x72, 0x6e, 0x65, 0x72, 0x55,
    0x70, 0x70, 0x65, 0x72, 0x52, 0x69, 0x67, 0x68, 0x74, 0x5f, 0x30, 0x2c, 0x20, 0x6c, 0x6f, 0x63,
    0x61, 0x6c, 0x5f, 0x30, 0x29, 0x3b, 0x0a, 0x0a, 0x23, 0x6c, 0x69, 0x6e, 0x65, 0x20, 0x32, 0x34,
    0x0a, 0x20, 0x20, 0x20, 0x20, 0x56, 0x65, 0x72, 0x74, 0x65, 0x78, 0x4f, 0x75, 0x74, 0x70, 0x75,
    0x74, 0x5f, 0x30, 0x20, 0x6f, 0x75, 0x74, 0x70, 0x75, 0x74, 0x5f, 0x30, 0x3b, 0x0a, 0x0a, 0x23,
    0x6c, 0x69, 0x6e, 0x65, 0x20, 0x33, 0x30, 0x0a, 0x20, 0x20, 0x20, 0x20, 0x66, 0x6c, 0x6f, 0x61,
    0x74, 0x34, 0x20, 0x5f, 0x53, 0x36, 0x20, 0x3d, 0x20, 0x66, 0x6c, 0x6f, 0x61, 0x74, 0x34, 0x28,
    0x64, 0x73, 0x74, 0x50, 0x6f, 0x73, 0x5f, 0x30, 0x2c, 0x20, 0x30, 0x2e, 0x30, 0x66, 0x2c, 0x20,
    0x31, 0x2e, 0x30, 0x66, 0x29, 0x3b, 0x0a, 0x0a, 0x23, 0x6c, 0x69, 0x6e, 0x65, 0x20, 0x33, 0x30,
    0x0a, 0x20, 0x20, 0x20, 0x20, 0x6f, 0x75, 0x74, 0x70, 0x75, 0x74, 0x5f, 0x30, 0x2e, 0x70, 0x6f,
    0x73, 0x69, 0x74, 0x69, 0x6f, 0x6e, 0x5f, 0x30, 0x20, 0x3d, 0x20, 0x5f, 0x53, 0x36, 0x3b, 0x0a,
    0x0a, 0x0a, 0x20, 0x20, 0x20, 0x20, 0x66, 0x6c, 0x6f, 0x61, 0x74, 0x32, 0x20, 0x5f, 0x53, 0x37,
    0x20, 0x3d, 0x20, 0x6c, 0x65, 0x72, 0x70, 0x28, 0x50, 0x75, 0x73, 0x68, 0x43, 0x6f, 0x6e, 0x73,
    0x74, 0x61, 0x6e, 0x74, 0x5f, 0x30, 0x2e, 0x73, 0x72, 0x63, 0x43, 0x6f, 0x72, 0x6e, 0x65, 0x72,
    0x4c, 0x6f, 0x77, 0x65, 0x72, 0x4c, 0x65, 0x66, 0x74, 0x5f, 0x30, 0x2c, 0x20, 0x50, 0x75, 0x73,
    0x68, 0x43, 0x6f, 0x6e, 0x73, 0x74, 0x61, 0x6e, 0x74, 0x5f, 0x30, 0x2e, 0x73, 0x72, 0x63, 0x43,
    0x6f, 0x72, 0x6e, 0x65, 0x72, 0x55, 0x70, 0x70, 0x65, 0x72, 0x52, 0x69, 0x67, 0x68, 0x74, 0x5f,
    0x30, 0x2c, 0x20, 0x6c, 0x6f, 0x63, 0x61, 0x6c, 0x5f, 0x30, 0x29, 0x3b, 0x0a, 0x0a, 0x23, 0x6c,
    0x69, 0x6e, 0x65, 0x20, 0x33, 0x33, 0x0a, 0x20, 0x20, 0x20, 0x20, 0x6f, 0x75, 0x74, 0x70, 0x75,
    0x74, 0x5f, 0x30, 0x2e, 0x75, 0x76, 0x5f, 0x30, 0x20, 0x3d, 0x20, 0x5f, 0x53, 0x37, 0x3b, 0x0a,
    0x0a, 0x20, 0x20, 0x20, 0x20, 0x72, 0x65, 0x74, 0x75, 0x72, 0x6e, 0x20, 0x6f, 0x75, 0x74, 0x70,
    0x75, 0x74, 0x5f, 0x30, 0x3b, 0x0a, 0x7d, 0x0a, 0x0a, 0x00, 0x72, 0x65, 0x73, 0x6f, 0x75, 0x72,
    0x63, 0x65, 0x73, 0x2f, 0x53, 0x68, 0x61, 0x64, 0x65, 0x72, 0x73, 0x2f, 0x53, 0x6f, 0x75, 0x72,
    0x63, 0x65, 0x2f, 0x42, 0x6c, 0x69, 0x74, 0x2e, 0x73, 0x6c, 0x61, 0x6e, 0x67, 0x00, 0x04, 0x00,
    0x00, 0x00, 0x01, 0x00, 0x00, 0x00, 0xae, 0x07, 0x00, 0x00, 0x02, 0x00, 0x00, 0x00, 0x00, 0x00,
    0x00, 0x00, 0x03, 0x00, 0x00, 0x00, 0x00, 0x00, 0x00, 0x00, 0x00, 0x00, 0x00, 0x00, 0x00, 0x00,
    0x44, 0x33, 0x44, 0x53, 0x48, 0x44, 0x52, 0x00, 0x60, 0x02, 0x00, 0x00, 0x00, 0x00, 0x00, 0x00,
    0x00, 0x00, 0x00, 0x00, 0x00, 0x00, 0x00, 0x00, 0x00, 0x00, 0x00, 0x00, 0x00, 0x00, 0x00, 0x00,
    0x00, 0x00, 0x00, 0x00, 0x20, 0x00, 0x00, 0x60, 0x00, 0x00, 0x00, 0x00, 0x00, 0x00, 0x00, 0x00,
    0x00, 0x00, 0x00, 0x00, 0x00, 0x00, 0x00, 0x00, 0x00, 0x00, 0x00, 0x00, 0x00, 0x00, 0x00, 0x00,
    0x00, 0x00, 0x00, 0x00, 0x00, 0x00, 0x00, 0x00, 0x00, 0x00, 0x00, 0x00, 0x00, 0x00, 0x00, 0x00,
    0x00, 0x00, 0x00, 0x00, 0x00, 0x00, 0x00, 0x00, 0x00, 0x00, 0x00, 0x00, 0x00, 0x00, 0x00, 0x00,
    0x00, 0x00, 0x00, 0x00, 0x00, 0x00, 0x00, 0x00, 0x00, 0x00, 0x00, 0x00, 0x00, 0x00, 0x00, 0x00,
    0x00, 0x00, 0x00, 0x00, 0x00, 0x00, 0x00, 0x00, 0x00, 0x00, 0x00, 0x00, 0x00, 0x00, 0x00, 0x00,
    0x00, 0x00, 0x00, 0x00, 0x00, 0x00, 0x00, 0x00, 0x00, 0x00, 0x00, 0x00, 0x00, 0x00, 0x00, 0x00,
    0x00, 0x00, 0x00, 0x00, 0x00, 0x00, 0x00, 0x00, 0x00, 0x00, 0x00, 0x00, 0x00, 0x00, 0x00, 0x00,
    0x00, 0x00, 0x00, 0x00, 0x00, 0x00, 0x00, 0x00, 0x00, 0x00, 0x00, 0x00, 0x00, 0x00, 0x00, 0x00,
    0x00, 0x00, 0x00, 0x00, 0x00, 0x00, 0x00, 0x00, 0x00, 0x00, 0x00, 0x00, 0x00, 0x00, 0x00, 0x00,
    0x00, 0x00, 0x00, 0x00, 0x00, 0x00, 0x00, 0x00, 0x00, 0x00, 0x00, 0x00, 0x00, 0x00, 0x00, 0x00,
    0x00, 0x00, 0x00, 0x00, 0x00, 0x00, 0x00, 0x00, 0x00, 0x00, 0x00, 0x00, 0x00, 0x00, 0x00, 0x00,
    0x00, 0x00, 0x00, 0x00, 0x00, 0x00, 0x00, 0x00, 0x00, 0x00, 0x00, 0x00, 0x00, 0x00, 0x00, 0x00,
    0x00, 0x00, 0x00, 0x00, 0x00, 0x00, 0x00, 0x00, 0x00, 0x00, 0x00, 0x00, 0x00, 0x00, 0x00, 0x00,
    0x00, 0x00, 0x00, 0x00, 0x00, 0x00, 0x00, 0x00, 0x00, 0x00, 0x00, 0x00, 0x00, 0x00, 0x00, 0x00,
    0x00, 0x00, 0x00, 0x00, 0x00, 0x00, 0x00, 0x00, 0x00, 0x00, 0x00, 0x00, 0x00, 0x00, 0x00, 0x00,
    0x00, 0x00, 0x00, 0x00, 0x00, 0x00, 0x00, 0x00, 0x00, 0x00, 0x00, 0x00, 0x00, 0x00, 0x00, 0x00,
    0x00, 0x00, 0x00, 0x00, 0x00, 0x00, 0x00, 0x00, 0x00, 0x00, 0x00, 0x00, 0x00, 0x00, 0x00, 0x00,
    0x00, 0x00, 0x00, 0x00, 0x00, 0x00, 0x00, 0x00, 0x00, 0x00, 0x00, 0x00, 0x00, 0x00, 0x00, 0x00,
    0x00, 0x00, 0x00, 0x00, 0x00, 0x00, 0x00, 0x00, 0x00, 0x00, 0x00, 0x00, 0x00, 0x00, 0x00, 0x00,
    0x00, 0x00, 0x00, 0x00, 0x00, 0x00, 0x00, 0x00, 0x00, 0x00, 0x00, 0x00, 0x00, 0x00, 0x00, 0x00,
    0x00, 0x00, 0x00, 0x00, 0x00, 0x00, 0x00, 0x00, 0x00, 0x00, 0x00, 0x00, 0x00, 0x00, 0x00, 0x00,
    0x00, 0x00, 0x00, 0x00, 0x00, 0x00, 0x00, 0x00, 0x00, 0x00, 0x00, 0x00, 0x00, 0x00, 0x00, 0x00,
    0x00, 0x00, 0x00, 0x00, 0x00, 0x00, 0x00, 0x00, 0x00, 0x00, 0x00, 0x00, 0x00, 0x00, 0x00, 0x00,
    0x00, 0x00, 0x00, 0x00, 0x00, 0x00, 0x00, 0x00, 0x00, 0x00, 0x00, 0x00, 0x00, 0x00, 0x00, 0x00,
    0x00, 0x00, 0x00, 0x00, 0x00, 0x00, 0x00, 0x00, 0x00, 0x00, 0x00, 0x00, 0x00, 0x00, 0x00, 0x00,
    0x00, 0x00, 0x00, 0x00, 0x00, 0x00, 0x00, 0x00, 0x00, 0x00, 0x00, 0x00, 0x00, 0x00, 0x00, 0x00,
    0x00, 0x00, 0x00, 0x00, 0x00, 0x00, 0x00, 0x00, 0x00, 0x00, 0x00, 0x00, 0x00, 0x00, 0x00, 0x00,
    0x00, 0x00, 0x00, 0x00, 0x00, 0x00, 0x00, 0x00, 0x00, 0x00, 0x00, 0x00, 0x00, 0x00, 0x00, 0x00,
    0x00, 0x00, 0x00, 0x00, 0x00, 0x00, 0x00, 0x00, 0x00, 0x00, 0x00, 0x00, 0x00, 0x00, 0x00, 0x00,
    0xff, 0xff, 0xff, 0xff, 0x1a, 0x09, 0x2f, 0xf1, 0x10, 0x00, 0x00, 0x00, 0x0c, 0x02, 0x00, 0x00,
    0x01, 0x00, 0x00, 0x00, 0x01, 0x00, 0x00, 0x00, 0x1d, 0x00, 0x00, 0x00, 0x01, 0x00, 0x00, 0x00,
    0x00, 0x00, 0x00, 0x00, 0x00, 0x00, 0x00, 0x00, 0x00, 0x00, 0x00, 0x00, 0x00, 0x00, 0x00, 0x00,
    0x00, 0x00, 0x00, 0x00, 0x00, 0x00, 0x00, 0x00, 0x00, 0x00, 0x00, 0x00, 0x00, 0x00, 0x00, 0x00,
    0x00, 0x00, 0x00, 0x00, 0x00, 0x00, 0x00, 0x00, 0x00, 0x00, 0x00, 0x00, 0x00, 0x00, 0x00, 0x00,
    0x00, 0x00, 0x00, 0x00, 0x00, 0x20, 0x00, 0x00, 0x00, 0x00, 0x00, 0x00, 0x00, 0x00, 0x00, 0x00,
    0x00, 0x00, 0x00, 0x00, 0x00, 0x00, 0x00, 0x00, 0x00, 0x00, 0x00, 0x00, 0x00, 0x00, 0x00, 0x00,
    0x00, 0x00, 0x00, 0x00, 0x00, 0x00, 0x00, 0x00, 0x00, 0x00, 0x00, 0x00, 0x00, 0x00, 0x00, 0x00,
    0x00, 0x00, 0x00, 0x00, 0x00, 0x00, 0x00, 0x00, 0x00, 0x00, 0x00, 0x00, 0x00, 0x00, 0x00, 0x00,
    0x00, 0x00, 0x00, 0x00, 0x00, 0x00, 0x00, 0x00, 0x00, 0x00, 0x00, 0x00, 0x00, 0x00, 0x00, 0x00,
    0x00, 0x00, 0x00, 0x00, 0x00, 0x00, 0x00, 0x00, 0x00, 0x00, 0x00, 0x00, 0x00, 0x00, 0x00, 0x00,
    0x00, 0x00, 0x00, 0x00, 0x00, 0x00, 0x00, 0x00, 0x00, 0x00, 0x00, 0x00, 0x00, 0x00, 0x00, 0x00,
    0x00, 0x00, 0x00, 0x00, 0x00, 0x00, 0x00, 0x00, 0x00, 0x00, 0x00, 0x00, 0x00, 0x00, 0x00, 0x00,
    0x00, 0x00, 0x00, 0x00, 0x00, 0x00, 0x00, 0x00, 0x00, 0x00, 0x00, 0x00, 0x00, 0x00, 0x00, 0x00,
    0x00, 0x00, 0x00, 0x00, 0x00, 0x00, 0x00, 0x00, 0x00, 0x00, 0x00, 0x00, 0x00, 0x00, 0x00, 0x00,
    0x00, 0x00, 0x00, 0x00, 0x00, 0x00, 0x00, 0x00, 0x00, 0x00, 0x00, 0x00, 0x00, 0x00, 0x00, 0x00,
    0x00, 0x00, 0x00, 0x00, 0x00, 0x00, 0x00, 0x00, 0x00, 0x00, 0x00, 0x00, 0x00, 0x00, 0x00, 0x00,
    0x00, 0x00, 0x00, 0x00, 0x00, 0x00, 0x00, 0x00, 0x00, 0x00, 0x00, 0x00, 0x00, 0x00, 0x00, 0x00,
    0x00, 0x00, 0x00, 0x00, 0x00, 0x00, 0x00, 0x00, 0x00, 0x00, 0x00, 0x00, 0x00, 0x00, 0x00, 0x00,
    0x00, 0x00, 0x00, 0x00, 0x00, 0x00, 0x00, 0x00, 0x00, 0x00, 0x00, 0x00, 0x00, 0x00, 0x00, 0x00,
    0x00, 0x00, 0x00, 0x00, 0x00, 0x00, 0x00, 0x00, 0x00, 0x00, 0x00, 0x00, 0x00, 0x00, 0x00, 0x00,
    0x00, 0x00, 0x00, 0x00, 0x00, 0x00, 0x00, 0x00, 0x00, 0x00, 0x00, 0x00, 0x00, 0x00, 0x00, 0x00,
    0x00, 0x00, 0x00, 0x00, 0x00, 0x08, 0x00, 0x00, 0x00, 0x00, 0x00, 0x00, 0x00, 0x00, 0x00, 0x00,
    0x00, 0x00, 0x00, 0x00, 0x00, 0x00, 0x00, 0x00, 0x00, 0x00, 0x00, 0x00, 0x00, 0x00, 0x00, 0x00,
    0x00, 0x00, 0x00, 0x00, 0x00, 0x00, 0x00, 0x00, 0x00, 0x00, 0x00, 0x00, 0x00, 0x00, 0x00, 0x00,
    0x00, 0x00, 0x00, 0x00, 0x00, 0x00, 0x00, 0x00, 0x00, 0x00, 0x00, 0x00, 0x00, 0x00, 0x00, 0x00,
    0x00, 0x00, 0x00, 0x00, 0x00, 0x00, 0x00, 0x00, 0x00, 0x00, 0x00, 0x00, 0x00, 0x00, 0x00, 0x00,
    0x00, 0x00, 0x00, 0x00, 0x00, 0x00, 0x00, 0x00, 0x00, 0x00, 0x00, 0x00, 0x00, 0x00, 0x00, 0x00,
    0x00, 0x00, 0x00, 0x00, 0x00, 0x00, 0x00, 0x00, 0x00, 0x00, 0x00, 0x00, 0x00, 0x00, 0x00, 0x00,
    0x00, 0x00, 0x00, 0x00, 0x00, 0x00, 0x00, 0x00, 0x00, 0x00, 0x00, 0x00, 0x00, 0x00, 0x00, 0x00,
    0x00, 0x00, 0x00, 0x00, 0x00, 0x00, 0x00, 0x00, 0x00, 0x00, 0x00, 0x00, 0x00, 0x00, 0x00, 0x00,
    0x00, 0x00, 0x00, 0x00, 0x00, 0x00, 0x00, 0x00, 0x00, 0x00, 0x00, 0x00, 0x00, 0x00, 0x00, 0x00,
    0x00, 0x00, 0x00, 0x00, 0x00, 0x00, 0x00, 0x00, 0x00, 0x00, 0x00, 0x00, 0x00, 0x00, 0x00, 0x00,
    0x00, 0x00, 0x00, 0x00, 0x00, 0x00, 0x00, 0x00, 0x00, 0x00, 0x00, 0x00, 0x00, 0x00, 0x00, 0x00,
    0x00, 0x00, 0x00, 0x00, 0x00, 0x00, 0x00, 0x00, 0x0c, 0x00, 0x00, 0x00, 0x00, 0x00, 0x00, 0x00,
    0x00, 0x00, 0x00, 0x00, 0x00, 0x00, 0x00, 0x00, 0x00, 0x00, 0x00, 0x00, 0x00, 0x00, 0x00, 0x00,
    0x00, 0x00, 0x00, 0x00, 0x00, 0x00, 0x00, 0x00, 0x00, 0x00, 0x00, 0x00, 0x00, 0x00, 0x00, 0x00,
    0x00, 0x00, 0x00, 0x00, 0x00, 0x00, 0x00, 0x00, 0x00, 0x00, 0x00, 0x00, 0x00, 0x00, 0x00, 0x00,
    0x00, 0x00, 0x00, 0x00, 0x00, 0x00, 0x00, 0x00, 0x00, 0x00, 0x00, 0x00, 0x00, 0x00, 0x00, 0x00,
    0x00, 0x00, 0x00, 0x00, 0x00, 0x00, 0x00, 0x00, 0x00, 0x00, 0x00, 0x00, 0x00, 0x00, 0x00, 0x00,
    0x00, 0x00, 0x00, 0x00, 0x00, 0x00, 0x00, 0x00, 0x00, 0x00, 0x00, 0x00, 0x00, 0x00, 0x00, 0x00,
    0x00, 0x00, 0x00, 0x00, 0x00, 0x00, 0x00, 0x00, 0x00, 0x00, 0x00, 0x00, 0x00, 0x00, 0x00, 0x00,
    0x00, 0x00, 0x00, 0x00, 0x00, 0x00, 0x00, 0x00, 0x00, 0x00, 0x00, 0x00, 0x00, 0x00, 0x00, 0x00,
    0x00, 0x00, 0x00, 0x00, 0x00, 0x00, 0x00, 0x00, 0x00, 0x00, 0x00, 0x00, 0x00, 0x00, 0x00, 0x00,
    0x00, 0x00, 0x00, 0x00, 0x00, 0x00, 0x00, 0x00, 0x00, 0x00, 0x00, 0x00, 0x00, 0x00, 0x00, 0x00,
    0x00, 0x00, 0x00, 0x00, 0x00, 0x00, 0x00, 0x00, 0x00, 0x00, 0x00, 0x00, 0x00, 0x00, 0x00, 0x00,
    0x00, 0x00, 0x00, 0x00, 0x00, 0x00, 0x00, 0x00, 0x00, 0x00, 0x00, 0x00, 0x00, 0x00, 0x00, 0x00,
    0x00, 0x00, 0x00, 0x00, 0x00, 0x00, 0x00, 0x00, 0x00, 0x00, 0x00, 0x00, 0x00, 0x00, 0x00, 0x00,
    0x00, 0x00, 0x00, 0x00, 0x00, 0x00, 0x00, 0x00, 0x00, 0x00, 0x00, 0x00, 0x00, 0x00, 0x00, 0x00,
    0x00, 0x00, 0x00, 0x00, 0x00, 0x00, 0x00, 0x00, 0x00, 0x00, 0x00, 0x00, 0x00, 0x00, 0x00, 0x00,
    0x00, 0x00, 0x00, 0x00, 0x00, 0x00, 0x00, 0x00, 0x00, 0x00, 0x00, 0x00, 0x00, 0x00, 0x00, 0x00,
    0x00, 0x00, 0x00, 0x00, 0x00, 0x00, 0x00, 0x00, 0x00, 0x00, 0x00, 0x00, 0x00, 0x00, 0x00, 0x00,
    0x00, 0x00, 0x00, 0x00, 0x00, 0x00, 0x00, 0x00, 0x00, 0x00, 0x00, 0x00, 0x00, 0x00, 0x00, 0x00,
    0x00, 0x00, 0x00, 0x00, 0x00, 0x00, 0x00, 0x00, 0x00, 0x00, 0x00, 0x00, 0x00, 0x00, 0x00, 0x00,
    0x00, 0x00, 0x00, 0x00, 0x00, 0x00, 0x00, 0x00, 0x00, 0x00, 0x00, 0x00, 0x00, 0x00, 0x00, 0x00,
    0x00, 0x00, 0x00, 0x00, 0x00, 0x00, 0x00, 0x00, 0x00, 0x00, 0x00, 0x00, 0x00, 0x00, 0x00, 0x00,
    0x00, 0x00, 0x00, 0x00, 0x00, 0x00, 0x00, 0x00, 0x00, 0x00, 0x00, 0x00, 0x00, 0x00, 0x00, 0x00,
    0x00, 0x00, 0x00, 0x00, 0x00, 0x00, 0x00, 0x00, 0x00, 0x00, 0x00, 0x00, 0x00, 0x00, 0x00, 0x00,
    0x00, 0x00, 0x00, 0x00, 0x00, 0x00, 0x00, 0x00, 0x00, 0x00, 0x00, 0x00, 0x00, 0x00, 0x00, 0x00,
    0x00, 0x00, 0x00, 0x00, 0x00, 0x00, 0x00, 0x00, 0x00, 0x00, 0x00, 0x00, 0x00, 0x00, 0x00, 0x00,
    0x00, 0x00, 0x00, 0x00, 0x00, 0x00, 0x00, 0x00, 0x00, 0x00, 0x00, 0x00, 0x00, 0x00, 0x00, 0x00,
    0x00, 0x00, 0x00, 0x00, 0x00, 0x00, 0x00, 0x00, 0x00, 0x00, 0x00, 0x00, 0x00, 0x00, 0x00, 0x00,
    0x00, 0x00, 0x00, 0x00, 0x00, 0x00, 0x00, 0x00, 0x00, 0x00, 0x00, 0x00, 0x00, 0x00, 0x00, 0x00,
    0x00, 0x00, 0x00, 0x00, 0x00, 0x00, 0x00, 0x00, 0x00, 0x00, 0x00, 0x00, 0x00, 0x00, 0x00, 0x00,
    0x1a, 0x00, 0x25, 0x11, 0x00, 0x00, 0x00, 0x00, 0xf8, 0x00, 0x00, 0x00, 0x01, 0x00, 0x76, 0x65,
    0x72, 0x74, 0x65, 0x78, 0x4d, 0x61, 0x69, 0x6e, 0x00, 0x00, 0x00, 0x00, 0x2a, 0x00, 0x64, 0x11,
    0x0b, 0x10, 0x00, 0x00, 0x00, 0x00, 0x00, 0x00, 0x00, 0x00, 0x00, 0x00, 0x00, 0x00, 0x00, 0x00,
    0x00, 0x00, 0x00, 0x00, 0x08, 0x00, 0x50, 0x75, 0x73, 0x68, 0x43, 0x6f, 0x6e, 0x73, 0x74, 0x61,
    0x6e, 0x74, 0x5f, 0x30, 0x00, 0x00, 0x00, 0x00, 0x00, 0x00, 0x00, 0x00, 0x00, 0x00, 0x00, 0x00,
    0x00, 0x00, 0x00, 0x00, 0x00, 0x00, 0x00, 0x00, 0x00, 0x00, 0x00, 0x00, 0x00, 0x00, 0x00, 0x00,
    0x00, 0x00, 0x00, 0x00, 0x00, 0x00, 0x00, 0x00, 0x00, 0x00, 0x00, 0x00, 0x00, 0x00, 0x00, 0x00,
    0x00, 0x00, 0x00, 0x00, 0x00, 0x00, 0x00, 0x00, 0x00, 0x00, 0x00, 0x00, 0x00, 0x00, 0x00, 0x00,
    0x00, 0x00, 0x00, 0x00, 0x00, 0x00, 0x00, 0x00, 0x00, 0x00, 0x00, 0x00, 0x00, 0x00, 0x00, 0x00,
    0x00, 0x00, 0x00, 0x00, 0x00, 0x00, 0x00, 0x00, 0x00, 0x00, 0x00, 0x00, 0x00, 0x00, 0x00, 0x00,
    0x00, 0x00, 0x00, 0x00, 0x00, 0x00, 0x00, 0x00, 0x00, 0x00, 0x00, 0x00, 0x00, 0x00, 0x00, 0x00,
    0x00, 0x00, 0x00, 0x00, 0x00, 0x00, 0x00, 0x00, 0x00, 0x00, 0x00, 0x00, 0x00, 0x00, 0x00, 0x00,
    0x00, 0x00, 0x00, 0x00, 0x00, 0x00, 0x00, 0x00, 0x00, 0x00, 0x00, 0x00, 0x00, 0x00, 0x00, 0x00,
    0x00, 0x00, 0x00, 0x00, 0x00, 0x00, 0x00, 0x00, 0x00, 0x00, 0x00, 0x00, 0x00, 0x00, 0x00, 0x00,
    0x00, 0x00, 0x00, 0x00, 0x00, 0x00, 0x00, 0x00, 0x00, 0x00, 0x00, 0x00, 0x00, 0x00, 0x00, 0x00,
    0x00, 0x00, 0x00, 0x00, 0x00, 0x00, 0x00, 0x00, 0x00, 0x00, 0x00, 0x00, 0x00, 0x00, 0x00, 0x00,
    0x00, 0x00, 0x00, 0x00, 0x00, 0x00, 0x00, 0x00, 0x00, 0x00, 0x00, 0x00, 0x00, 0x00, 0x00, 0x00,
    0x00, 0x00, 0x00, 0x00, 0x00, 0x00, 0x00, 0x00, 0x00, 0x00, 0x00, 0x00, 0x00, 0x00, 0x00, 0x00,
    0x00, 0x00, 0x00, 0x00, 0x00, 0x00, 0x00, 0x00, 0x00, 0x00, 0x00, 0x00, 0x00, 0x00, 0x00, 0x00,
    0x00, 0x00, 0x00, 0x00, 0x00, 0x00, 0x00, 0x00, 0x00, 0x00, 0x00, 0x00, 0x00, 0x00, 0x00, 0x00,
    0x00, 0x00, 0x00, 0x00, 0x00, 0x00, 0x00, 0x00, 0x00, 0x00, 0x00, 0x00, 0x00, 0x00, 0x00, 0x00,
    0x00, 0x00, 0x00, 0x00, 0x00, 0x00, 0x00, 0x00, 0x00, 0x00, 0x00, 0x00, 0x00, 0x00, 0x00, 0x00,
    0x00, 0x00, 0x00, 0x00, 0x00, 0x00, 0x00, 0x00, 0x00, 0x00, 0x00, 0x00, 0x00, 0x00, 0x00, 0x00,
    0x00, 0x00, 0x00, 0x00, 0x00, 0x00, 0x00, 0x00, 0x00, 0x00, 0x00, 0x00, 0x00, 0x00, 0x00, 0x00,
    0x00, 0x00, 0x00, 0x00, 0x00, 0x00, 0x00, 0x00, 0x00, 0x00, 0x00, 0x00, 0x00, 0x00, 0x00, 0x00,
    0x00, 0x00, 0x00, 0x00, 0x00, 0x00, 0x00, 0x00, 0x00, 0x00, 0x00, 0x00, 0x00, 0x00, 0x00, 0x00,
    0x00, 0x00, 0x00, 0x00, 0x00, 0x00, 0x00, 0x00, 0x00, 0x00, 0x00, 0x00, 0x00, 0x00, 0x00, 0x00,
    0x00, 0x00, 0x00, 0x00, 0x00, 0x00, 0x00, 0x00, 0x00, 0x00, 0x00, 0x00, 0x00, 0x00, 0x00, 0x00,
    0x00, 0x00, 0x00, 0x00, 0x00, 0x00, 0x00, 0x00, 0x00, 0x00, 0x00, 0x00, 0x00, 0x00, 0x00, 0x00,
    0x00, 0x00, 0x00, 0x00, 0x00, 0x00, 0x00, 0x00, 0x00, 0x00, 0x00, 0x00, 0x00, 0x00, 0x00, 0x00,
    0x00, 0x00, 0x00, 0x00, 0x00, 0x00, 0x00, 0x00, 0x00, 0x00, 0x00, 0x00, 0x00, 0x00, 0x00, 0x00,
    0x00, 0x00, 0x00, 0x00, 0x00, 0x00, 0x00, 0x00, 0x00, 0x00, 0x00, 0x00, 0x00, 0x00, 0x00, 0x00,
    0x10, 0x00, 0x00, 0x00, 0x00, 0x00, 0x00, 0x00, 0x00, 0x00, 0x00, 0x00, 0x00, 0x00, 0x00, 0x00,
    0x00, 0x00, 0x00, 0x00, 0x00, 0x00, 0x00, 0x00, 0x00, 0x00, 0x00, 0x00, 0xff, 0xff, 0xff, 0xff,
    0x1a, 0x09, 0x2f, 0xf1, 0x00, 0x00, 0x00, 0x00, 0x00, 0x00, 0x00, 0x00, 0x00, 0x00, 0x00, 0x00,
    0x00, 0x00, 0x00, 0x00, 0x00, 0x00, 0x00, 0x00, 0x00, 0x00, 0x00, 0x00, 0x00, 0x00, 0x00, 0x00,
    0x00, 0x00, 0x00, 0x00, 0x00, 0x00, 0x00, 0x00, 0x00, 0x00, 0x00, 0x00, 0x00, 0x00, 0x00, 0x00,
    0x00, 0x00, 0x00, 0x00, 0x00, 0x00, 0x00, 0x00, 0x00, 0x00, 0x00, 0x00, 0x00, 0x00, 0x00, 0x00,
    0x00, 0x00, 0x00, 0x00, 0x00, 0x00, 0x00, 0x00, 0x00, 0x00, 0x00, 0x00, 0x00, 0x00, 0x00, 0x00,
    0x00, 0x00, 0x00, 0x00, 0x00, 0x00, 0x00, 0x00, 0x00, 0x00, 0x00, 0x00, 0x00, 0x00, 0x00, 0x00,
    0x00, 0x00, 0x00, 0x00, 0x00, 0x00, 0x00, 0x00, 0x00, 0x00, 0x00, 0x00, 0x00, 0x00, 0x00, 0x00,
    0x00, 0x00, 0x00, 0x00, 0x00, 0x00, 0x00, 0x00, 0x00, 0x00, 0x00, 0x00, 0x00, 0x00, 0x00, 0x00,
    0x00, 0x00, 0x00, 0x00, 0x00, 0x00, 0x00, 0x00, 0x00, 0x00, 0x00, 0x00, 0x00, 0x00, 0x00, 0x00,
    0x00, 0x00, 0x00, 0x00, 0x00, 0x00, 0x00, 0x00, 0x00, 0x00, 0x00, 0x00, 0x00, 0x00, 0x00, 0x00,
    0x00, 0x00, 0x00, 0x00, 0x00, 0x00, 0x00, 0x00, 0x00, 0x00, 0x00, 0x00, 0x00, 0x00, 0x00, 0x00,
    0x00, 0x00, 0x00, 0x00, 0x00, 0x00, 0x00, 0x00, 0x00, 0x00, 0x00, 0x00, 0x00, 0x00, 0x00, 0x00,
    0x00, 0x00, 0x00, 0x00, 0x00, 0x00, 0x00, 0x00, 0x00, 0x00, 0x00, 0x00, 0x00, 0x00, 0x00, 0x00,
    0x00, 0x00, 0x00, 0x00, 0x00, 0x00, 0x00, 0x00, 0x00, 0x00, 0x00, 0x00, 0x00, 0x00, 0x00, 0x00,
    0x00, 0x00, 0x00, 0x00, 0x00, 0x00, 0x00, 0x00, 0x00, 0x00, 0x00, 0x00, 0x00, 0x00, 0x00, 0x00,
    0x00, 0x00, 0x00, 0x00, 0x00, 0x00, 0x00, 0x00, 0x00, 0x00, 0x00, 0x00, 0x00, 0x00, 0x00, 0x00,
    0x00, 0x00, 0x00, 0x00, 0x00, 0x00, 0x00, 0x00, 0x00, 0x00, 0x00, 0x00, 0x00, 0x00, 0x00, 0x00,
    0x00, 0x00, 0x00, 0x00, 0x00, 0x00, 0x00, 0x00, 0x00, 0x00, 0x00, 0x00, 0x00, 0x00, 0x00, 0x00,
    0x00, 0x00, 0x00, 0x00, 0x00, 0x00, 0x00, 0x00, 0x00, 0x00, 0x00, 0x00, 0x00, 0x00, 0x00, 0x00,
    0x00, 0x00, 0x00, 0x00, 0x00, 0x00, 0x00, 0x00, 0x00, 0x00, 0x00, 0x00, 0x00, 0x00, 0x00, 0x00,
    0x00, 0x00, 0x00, 0x00, 0x00, 0x00, 0x00, 0x00, 0x00, 0x00, 0x00, 0x00, 0x00, 0x00, 0x00, 0x00,
    0x00, 0x00, 0x00, 0x00, 0x00, 0x00, 0x00, 0x00, 0x00, 0x00, 0x00, 0x00, 0x00, 0x00, 0x00, 0x00,
    0x00, 0x00, 0x00, 0x00, 0x00, 0x00, 0x00, 0x00, 0x00, 0x00, 0x00, 0x00, 0x00, 0x00, 0x00, 0x00,
    0x00, 0x00, 0x00, 0x00, 0x00, 0x00, 0x00, 0x00, 0x00, 0x00, 0x00, 0x00, 0x00, 0x00, 0x00, 0x00,
    0x00, 0x00, 0x00, 0x00, 0x00, 0x00, 0x00, 0x00, 0x00, 0x00, 0x00, 0x00, 0x00, 0x00, 0x00, 0x00,
    0x00, 0x00, 0x00, 0x00, 0x00, 0x00, 0x00, 0x00, 0x00, 0x00, 0x00, 0x00, 0x00, 0x00, 0x00, 0x00,
    0x00, 0x00, 0x00, 0x00, 0x00, 0x00, 0x00, 0x00, 0x00, 0x00, 0x00, 0x00, 0x00, 0x00, 0x00, 0x00,
    0x00, 0x00, 0x00, 0x00, 0x00, 0x00, 0x00, 0x00, 0x00, 0x00, 0x00, 0x00, 0x00, 0x00, 0x00, 0x00,
    0x00, 0x00, 0x00, 0x00, 0x00, 0x00, 0x00, 0x00, 0x00, 0x00, 0x00, 0x00, 0x00, 0x00, 0x00, 0x00,
    0x00, 0x00, 0x00, 0x00, 0x00, 0x00, 0x00, 0x00, 0x00, 0x00, 0x00, 0x00, 0x00, 0x00, 0x00, 0x00,
    0x94, 0x2e, 0x31, 0x01, 0x90, 0xa8, 0xd7, 0x68, 0x01, 0x00, 0x00, 0x00, 0xbf, 0xb6, 0x4b, 0xa3,
    0xaa, 0x6a, 0xa1, 0x4b, 0xb5, 0x4f, 0x59, 0x38, 0xc7, 0xe4, 0x0c, 0xfe, 0x2e, 0x00, 0x00, 0x00,
    0x2f, 0x4c, 0x69, 0x6e, 0x6b, 0x49, 0x6e, 0x66, 0x6f, 0x00, 0x2f, 0x6e, 0x61, 0x6d, 0x65, 0x73,
    0x00, 0x2f, 0x73, 0x72, 0x63, 0x2f, 0x68, 0x65, 0x61, 0x64, 0x65, 0x72, 0x62, 0x6c, 0x6f, 0x63,
    0x6b, 0x00, 0x2f, 0x73, 0x72, 0x63, 0x2f, 0x66, 0x69, 0x6c, 0x65, 0x73, 0x2f, 0x00, 0x04, 0x00,
    0x00, 0x00, 0x06, 0x00, 0x00, 0x00, 0x01, 0x00, 0x00, 0x00, 0x1e, 0x00, 0x00, 0x00, 0x00, 0x00,
    0x00, 0x00, 0x11, 0x00, 0x00, 0x00, 0x07, 0x00, 0x00, 0x00, 0x22, 0x00, 0x00, 0x00, 0x08, 0x00,
    0x00, 0x00, 0x0a, 0x00, 0x00, 0x00, 0x06, 0x00, 0x00, 0x00, 0x00, 0x00, 0x00, 0x00, 0x05, 0x00,
    0x00, 0x00, 0x00, 0x00, 0x00, 0x00, 0xdc, 0x51, 0x33, 0x01, 0x00, 0x6e, 0x6f, 0x6e, 0x65, 0x00,
    0x00, 0x00, 0x00, 0x00, 0x00, 0x00, 0x00, 0x00, 0x00, 0x00, 0x00, 0x00, 0x00, 0x00, 0x00, 0x00,
    0x00, 0x00, 0x00, 0x00, 0x00, 0x00, 0x00, 0x00, 0x00, 0x00, 0x00, 0x00, 0x00, 0x00, 0x00, 0x00,
    0x00, 0x00, 0x00, 0x00, 0x00, 0x00, 0x00, 0x00, 0x00, 0x00, 0x00, 0x00, 0x00, 0x00, 0x00, 0x00,
    0x00, 0x00, 0x00, 0x00, 0x00, 0x00, 0x00, 0x00, 0x00, 0x00, 0x00, 0x00, 0x00, 0x00, 0x00, 0x00,
    0x00, 0x00, 0x00, 0x00, 0x00, 0x00, 0x00, 0x00, 0x00, 0x00, 0x00, 0x00, 0x00, 0x00, 0x00, 0x00,
    0x00, 0x00, 0x00, 0x00, 0x00, 0x00, 0x00, 0x00, 0x00, 0x00, 0x00, 0x00, 0x00, 0x00, 0x00, 0x00,
    0x00, 0x00, 0x00, 0x00, 0x00, 0x00, 0x00, 0x00, 0x00, 0x00, 0x00, 0x00, 0x00, 0x00, 0x00, 0x00,
    0x00, 0x00, 0x00, 0x00, 0x00, 0x00, 0x00, 0x00, 0x00, 0x00, 0x00, 0x00, 0x00, 0x00, 0x00, 0x00,
    0x00, 0x00, 0x00, 0x00, 0x00, 0x00, 0x00, 0x00, 0x00, 0x00, 0x00, 0x00, 0x00, 0x00, 0x00, 0x00,
    0x00, 0x00, 0x00, 0x00, 0x00, 0x00, 0x00, 0x00, 0x00, 0x00, 0x00, 0x00, 0x00, 0x00, 0x00, 0x00,
    0x00, 0x00, 0x00, 0x00, 0x00, 0x00, 0x00, 0x00, 0x00, 0x00, 0x00, 0x00, 0x00, 0x00, 0x00, 0x00,
    0x00, 0x00, 0x00, 0x00, 0x00, 0x00, 0x00, 0x00, 0x00, 0x00, 0x00, 0x00, 0x00, 0x00, 0x00, 0x00,
    0x00, 0x00, 0x00, 0x00, 0x00, 0x00, 0x00, 0x00, 0x00, 0x00, 0x00, 0x00, 0x00, 0x00, 0x00, 0x00,
    0x00, 0x00, 0x00, 0x00, 0x00, 0x00, 0x00, 0x00, 0x00, 0x00, 0x00, 0x00, 0x00, 0x00, 0x00, 0x00,
    0x00, 0x00, 0x00, 0x00, 0x00, 0x00, 0x00, 0x00, 0x00, 0x00, 0x00, 0x00, 0x00, 0x00, 0x00, 0x00,
    0x00, 0x00, 0x00, 0x00, 0x00, 0x00, 0x00, 0x00, 0x00, 0x00, 0x00, 0x00, 0x00, 0x00, 0x00, 0x00,
    0x00, 0x00, 0x00, 0x00, 0x00, 0x00, 0x00, 0x00, 0x00, 0x00, 0x00, 0x00, 0x00, 0x00, 0x00, 0x00,
    0x00, 0x00, 0x00, 0x00, 0x00, 0x00, 0x00, 0x00, 0x00, 0x00, 0x00, 0x00, 0x00, 0x00, 0x00, 0x00,
    0x00, 0x00, 0x00, 0x00, 0x00, 0x00, 0x00, 0x00, 0x00, 0x00, 0x00, 0x00, 0x00, 0x00, 0x00, 0x00,
    0x00, 0x00, 0x00, 0x00, 0x00, 0x00, 0x00, 0x00, 0x00, 0x00, 0x00, 0x00, 0x00, 0x00, 0x00, 0x00,
    0x00, 0x00, 0x00, 0x00, 0x00, 0x00, 0x00, 0x00, 0x00, 0x00, 0x00, 0x00, 0x00, 0x00, 0x00, 0x00,
    0x00, 0x00, 0x00, 0x00, 0x00, 0x00, 0x00, 0x00, 0x00, 0x00, 0x00, 0x00, 0x00, 0x00, 0x00, 0x00,
    0x00, 0x00, 0x00, 0x00, 0x00, 0x00, 0x00, 0x00, 0x00, 0x00, 0x00, 0x00, 0x00, 0x00, 0x00, 0x00,
    0xff, 0xff, 0xff, 0xff, 0x77, 0x09, 0x31, 0x01, 0x01, 0x00, 0x00, 0x00, 0x0d, 0x00, 0x00, 0x8e,
    0x0e, 0x00, 0x3f, 0x5c, 0x0f, 0x00, 0x00, 0x00, 0x50, 0x00, 0x00, 0x00, 0x20, 0x00, 0x00, 0x00,
    0x2c, 0x00, 0x00, 0x00, 0x38, 0x00, 0x00, 0x00, 0x00, 0x00, 0x00, 0x00, 0x00, 0x00, 0x00, 0x00,
    0x16, 0x00, 0x00, 0x00, 0x19, 0x00, 0x00, 0x00, 0x00, 0x00, 0x00, 0x00, 0x00, 0x00, 0x00, 0x00,
    0x00, 0x00, 0x00, 0x00, 0x01, 0x00, 0x00, 0x00, 0x00, 0x00, 0x00, 0x00, 0x60, 0x02, 0x00, 0x00,
    0x20, 0x00, 0x00, 0x60, 0x00, 0x00, 0x00, 0x00, 0x00, 0x00, 0x00, 0x00, 0x00, 0x00, 0x00, 0x00,
    0x02, 0x00, 0x09, 0x00, 0x8c, 0x03, 0x00, 0x00, 0x00, 0x00, 0x00, 0x00, 0xdc, 0x02, 0x00, 0x00,
    0x02, 0x00, 0x00, 0x00, 0x00, 0x00, 0x00, 0x00, 0x00, 0x00, 0x00, 0x00, 0x00, 0x00, 0x00, 0x00,
    0x76, 0x65, 0x72, 0x74, 0x65, 0x78, 0x4d, 0x61, 0x69, 0x6e, 0x00, 0x6e, 0x6f, 0x6e, 0x65, 0x00,
    0x2d, 0xba, 0x2e, 0xf1, 0x01, 0x00, 0x00, 0x00, 0x00, 0x00, 0x00, 0x00, 0x60, 0x02, 0x00, 0x00,
    0x20, 0x00, 0x00, 0x60, 0x00, 0x00, 0x00, 0x00, 0x00, 0x00, 0x00, 0x00, 0x00, 0x00, 0x00, 0x00,
    0x02, 0x00, 0x02, 0x00, 0x07, 0x00, 0x00, 0x00, 0x00, 0x00, 0x01, 0x00, 0xff, 0xff, 0xff, 0xff,
    0x00, 0x00, 0x00, 0x00, 0x60, 0x02, 0x00, 0x00, 0x08, 0x02, 0x00, 0x00, 0x00, 0x00, 0x00, 0x00,
    0xff, 0xff, 0xff, 0xff, 0x00, 0x00, 0x00, 0x00, 0xff, 0xff, 0xff, 0xff, 0x01, 0x00, 0x02, 0x00,
    0x00, 0x00, 0x02, 0x00, 0x00, 0x00, 0x00, 0x00, 0x01, 0x00, 0x00, 0x00, 0x00, 0x72, 0x65, 0x73,
    0x6f, 0x75, 0x72, 0x63, 0x65, 0x73, 0x2f, 0x53, 0x68, 0x61, 0x64, 0x65, 0x72, 0x73, 0x2f, 0x53,
    0x6f, 0x75, 0x72, 0x63, 0x65, 0x2f, 0x42, 0x6c, 0x69, 0x74, 0x2e, 0x73, 0x6c, 0x61, 0x6e, 0x67,
    0x00, 0x00, 0x00, 0x00, 0xfe, 0xef, 0xfe, 0xef, 0x01, 0x00, 0x00, 0x00, 0x01, 0x00, 0x00, 0x00,
    0x00, 0x01, 0x00, 0x00, 0x00, 0x00, 0x00, 0x00, 0x00, 0x00, 0x00, 0x00, 0x00, 0xff, 0xff, 0xff,
    0xff, 0xff, 0xff, 0xff, 0xff, 0xff, 0xff, 0x0c, 0x00, 0xff, 0xff, 0xff, 0xff, 0xff, 0xff, 0xff,
    0xff, 0xff, 0xff, 0x00, 0x00, 0x00, 0x00, 0x00, 0x00, 0x00, 0x00, 0x00, 0x00, 0x00, 0x00, 0x00,
    0x00, 0x00, 0x00, 0x00, 0x00, 0x00, 0x00, 0x00, 0x00, 0x00, 0x00, 0x00, 0x00, 0x00, 0x00, 0x00,
    0x00, 0x00, 0x00, 0x00, 0x00, 0x00, 0x00, 0x00, 0x00, 0x00, 0x00, 0x00, 0x00, 0x00, 0x00, 0x00,
    0x00, 0x00, 0x00, 0x00, 0x00, 0x00, 0x00, 0x00, 0x00, 0x00, 0x00, 0x00, 0x00, 0x00, 0x00, 0x00,
    0x00, 0x00, 0x00, 0x00, 0x00, 0x00, 0x00, 0x00, 0x00, 0x00, 0x00, 0x00, 0x00, 0x00, 0x00, 0x00,
    0x00, 0x00, 0x00, 0x00, 0x00, 0x00, 0x00, 0x00, 0x00, 0x00, 0x00, 0x00, 0x00, 0x00, 0x00, 0x00,
    0x00, 0x00, 0x00, 0x00, 0x00, 0x00, 0x00, 0x00, 0x00, 0x00, 0x00, 0x00, 0x00, 0x00, 0x00, 0x00,
    0x00, 0x00, 0x00, 0x00, 0x00, 0x00, 0x00, 0x00, 0x00, 0x00, 0x00, 0x00, 0x00, 0x00, 0x00, 0x00,
    0x00, 0x00, 0x00, 0x00, 0x00, 0x00, 0x00, 0x00, 0x00, 0x00, 0x00, 0x00, 0x00, 0x00, 0x00, 0x00,
    0x00, 0x00, 0x00, 0x00, 0x00, 0x00, 0x00, 0x00, 0x00, 0x00, 0x00, 0x00, 0x00, 0x00, 0x00, 0x00,
    0x00, 0x00, 0x00, 0x00, 0x00, 0x00, 0x00, 0x00, 0x00, 0x00, 0x00, 0x00, 0x00, 0x00, 0x00, 0x00,
    0x00, 0x00, 0x00, 0x00, 0x00, 0x00, 0x00, 0x00, 0x00, 0x00, 0x00, 0x00, 0x00, 0x00, 0x00, 0x00,
    0x10, 0x00, 0x00, 0x00, 0x20, 0x00, 0x00, 0x00, 0x8a, 0x00, 0x00, 0x00, 0xcc, 0x01, 0x00, 0x00,
    0x43, 0x01, 0x00, 0x00, 0x38, 0x00, 0x00, 0x00, 0x00, 0x00, 0x00, 0x00, 0xf6, 0x07, 0x00, 0x00,
    0x80, 0x00, 0x00, 0x00, 0xab, 0x07, 0x00, 0x00, 0x74, 0x06, 0x00, 0x00, 0x38, 0x00, 0x00, 0x00,
    0x00, 0x00, 0x00, 0x00, 0x28, 0x00, 0x00, 0x00, 0x2c, 0x02, 0x00, 0x00, 0x2c, 0x00, 0x00, 0x00,
    0x48, 0x00, 0x00, 0x00, 0x03, 0x00, 0x00, 0x00, 0x1b, 0x00, 0x00, 0x00, 0x12, 0x00, 0x00, 0x00,
    0x1c, 0x00, 0x00, 0x00, 0x13, 0x00, 0x00, 0x00, 0x0c, 0x00, 0x00, 0x00, 0x06, 0x00, 0x00, 0x00,
    0x14, 0x00, 0x00, 0x00, 0x15, 0x00, 0x00, 0x00, 0x0d, 0x00, 0x00, 0x00, 0x08, 0x00, 0x00, 0x00,
    0x09, 0x00, 0x00, 0x00, 0x0a, 0x00, 0x00, 0x00, 0x0b, 0x00, 0x00, 0x00, 0x0e, 0x00, 0x00, 0x00,
    0x0f, 0x00, 0x00, 0x00, 0x10, 0x00, 0x00, 0x00, 0x11, 0x00, 0x00, 0x00, 0x07, 0x00, 0x00, 0x00,
    0x16, 0x00, 0x00, 0x00, 0x17, 0x00, 0x00, 0x00, 0x18, 0x00, 0x00, 0x00, 0x1a, 0x00, 0x00, 0x00,
    0x19, 0x00, 0x00, 0x00, 0x00, 0x00, 0x00, 0x00, 0x00, 0x00, 0x00, 0x00, 0x00, 0x00, 0x00, 0x00,
    0x00, 0x00, 0x00, 0x00, 0x00, 0x00, 0x00, 0x00, 0x00, 0x00, 0x00, 0x00, 0x00, 0x00, 0x00, 0x00,
    0x00, 0x00, 0x00, 0x00, 0x00, 0x00, 0x00, 0x00, 0x00, 0x00, 0x00, 0x00, 0x00, 0x00, 0x00, 0x00,
    0x00, 0x00, 0x00, 0x00, 0x00, 0x00, 0x00, 0x00, 0x00, 0x00, 0x00, 0x00, 0x00, 0x00, 0x00, 0x00,
    0x00, 0x00, 0x00, 0x00, 0x00, 0x00, 0x00, 0x00, 0x00, 0x00, 0x00, 0x00, 0x00, 0x00, 0x00, 0x00,
    0x00, 0x00, 0x00, 0x00, 0x00, 0x00, 0x00, 0x00, 0x00, 0x00, 0x00, 0x00, 0x00, 0x00, 0x00, 0x00,
    0x00, 0x00, 0x00, 0x00, 0x00, 0x00, 0x00, 0x00, 0x00, 0x00, 0x00, 0x00, 0x00, 0x00, 0x00, 0x00,
    0x00, 0x00, 0x00, 0x00, 0x00, 0x00, 0x00, 0x00, 0x00, 0x00, 0x00, 0x00, 0x00, 0x00, 0x00, 0x00,
    0x00, 0x00, 0x00, 0x00, 0x00, 0x00, 0x00, 0x00, 0x00, 0x00, 0x00, 0x00, 0x00, 0x00, 0x00, 0x00,
    0x00, 0x00, 0x00, 0x00, 0x00, 0x00, 0x00, 0x00, 0x00, 0x00, 0x00, 0x00, 0x00, 0x00, 0x00, 0x00,
    0x00, 0x00, 0x00, 0x00, 0x00, 0x00, 0x00, 0x00, 0x00, 0x00, 0x00, 0x00, 0x00, 0x00, 0x00, 0x00,
    0x00, 0x00, 0x00, 0x00, 0x00, 0x00, 0x00, 0x00, 0x00, 0x00, 0x00, 0x00, 0x00, 0x00, 0x00, 0x00,
    0x00, 0x00, 0x00, 0x00, 0x00, 0x00, 0x00, 0x00, 0x00, 0x00, 0x00, 0x00, 0x00, 0x00, 0x00, 0x00,
    0x00, 0x00, 0x00, 0x00, 0x00, 0x00, 0x00, 0x00, 0x00, 0x00, 0x00, 0x00, 0x00, 0x00, 0x00, 0x00,
    0x00, 0x00, 0x00, 0x00, 0x00, 0x00, 0x00, 0x00, 0x00, 0x00, 0x00, 0x00, 0x00, 0x00, 0x00, 0x00,
    0x00, 0x00, 0x00, 0x00, 0x00, 0x00, 0x00, 0x00, 0x00, 0x00, 0x00, 0x00, 0x00, 0x00, 0x00, 0x00,
    0x00, 0x00, 0x00, 0x00, 0x00, 0x00, 0x00, 0x00, 0x00, 0x00, 0x00, 0x00, 0x00, 0x00, 0x00, 0x00,
    0x00, 0x00, 0x00, 0x00, 0x00, 0x00, 0x00, 0x00, 0x00, 0x00, 0x00, 0x00, 0x00, 0x00, 0x00, 0x00,
    0x00, 0x00, 0x00, 0x00, 0x00, 0x00, 0x00, 0x00, 0x00, 0x00, 0x00, 0x00, 0x00, 0x00, 0x00, 0x00,
    0x00, 0x00, 0x00, 0x00, 0x00, 0x00, 0x00, 0x00, 0x00, 0x00, 0x00, 0x00, 0x00, 0x00, 0x00, 0x00,
    0x00, 0x00, 0x00, 0x00, 0x00, 0x00, 0x00, 0x00, 0x00, 0x00, 0x00, 0x00, 0x00, 0x00, 0x00, 0x00,
    0x00, 0x00, 0x00, 0x00, 0x00, 0x00, 0x00, 0x00, 0x00, 0x00, 0x00, 0x00, 0x00, 0x00, 0x00, 0x00,
    0x1d, 0x00, 0x00, 0x00, 0x00, 0x00, 0x00, 0x00, 0x00, 0x00, 0x00, 0x00, 0x00, 0x00, 0x00, 0x00,
    0x00, 0x00, 0x00, 0x00, 0x00, 0x00, 0x00, 0x00, 0x00, 0x00, 0x00, 0x00, 0x00, 0x00, 0x00, 0x00,
    0x00, 0x00, 0x00, 0x00, 0x00, 0x00, 0x00, 0x00, 0x00, 0x00, 0x00, 0x00, 0x00, 0x00, 0x00, 0x00,
    0x00, 0x00, 0x00, 0x00, 0x00, 0x00, 0x00, 0x00, 0x00, 0x00, 0x00, 0x00, 0x00, 0x00, 0x00, 0x00,
    0x00, 0x00, 0x00, 0x00, 0x00, 0x00, 0x00, 0x00, 0x00, 0x00, 0x00, 0x00, 0x00, 0x00, 0x00, 0x00,
    0x00, 0x00, 0x00, 0x00, 0x00, 0x00, 0x00, 0x00, 0x00, 0x00, 0x00, 0x00, 0x00, 0x00, 0x00, 0x00,
    0x00, 0x00, 0x00, 0x00, 0x00, 0x00, 0x00, 0x00, 0x00, 0x00, 0x00, 0x00, 0x00, 0x00, 0x00, 0x00,
    0x00, 0x00, 0x00, 0x00, 0x00, 0x00, 0x00, 0x00, 0x00, 0x00, 0x00, 0x00, 0x00, 0x00, 0x00, 0x00,
    0x00, 0x00, 0x00, 0x00, 0x00, 0x00, 0x00, 0x00, 0x00, 0x00, 0x00, 0x00, 0x00, 0x00, 0x00, 0x00,
    0x00, 0x00, 0x00, 0x00, 0x00, 0x00, 0x00, 0x00, 0x00, 0x00, 0x00, 0x00, 0x00, 0x00, 0x00, 0x00,
    0x00, 0x00, 0x00, 0x00, 0x00, 0x00, 0x00, 0x00, 0x00, 0x00, 0x00, 0x00, 0x00, 0x00, 0x00, 0x00,
    0x00, 0x00, 0x00, 0x00, 0x00, 0x00, 0x00, 0x00, 0x00, 0x00, 0x00, 0x00, 0x00, 0x00, 0x00, 0x00,
    0x00, 0x00, 0x00, 0x00, 0x00, 0x00, 0x00, 0x00, 0x00, 0x00, 0x00, 0x00, 0x00, 0x00, 0x00, 0x00,
    0x00, 0x00, 0x00, 0x00, 0x00, 0x00, 0x00, 0x00, 0x00, 0x00, 0x00, 0x00, 0x00, 0x00, 0x00, 0x00,
    0x00, 0x00, 0x00, 0x00, 0x00, 0x00, 0x00, 0x00, 0x00, 0x00, 0x00, 0x00, 0x00, 0x00, 0x00, 0x00,
    0x00, 0x00, 0x00, 0x00, 0x00, 0x00, 0x00, 0x00, 0x00, 0x00, 0x00, 0x00, 0x00, 0x00, 0x00, 0x00,
    0x00, 0x00, 0x00, 0x00, 0x00, 0x00, 0x00, 0x00, 0x00, 0x00, 0x00, 0x00, 0x00, 0x00, 0x00, 0x00,
    0x00, 0x00, 0x00, 0x00, 0x00, 0x00, 0x00, 0x00, 0x00, 0x00, 0x00, 0x00, 0x00, 0x00, 0x00, 0x00,
    0x00, 0x00, 0x00, 0x00, 0x00, 0x00, 0x00, 0x00, 0x00, 0x00, 0x00, 0x00, 0x00, 0x00, 0x00, 0x00,
    0x00, 0x00, 0x00, 0x00, 0x00, 0x00, 0x00, 0x00, 0x00, 0x00, 0x00, 0x00, 0x00, 0x00, 0x00, 0x00,
    0x00, 0x00, 0x00, 0x00, 0x00, 0x00, 0x00, 0x00, 0x00, 0x00, 0x00, 0x00, 0x00, 0x00, 0x00, 0x00,
    0x00, 0x00, 0x00, 0x00, 0x00, 0x00, 0x00, 0x00, 0x00, 0x00, 0x00, 0x00, 0x00, 0x00, 0x00, 0x00,
    0x00, 0x00, 0x00, 0x00, 0x00, 0x00, 0x00, 0x00, 0x00, 0x00, 0x00, 0x00, 0x00, 0x00, 0x00, 0x00,
    0x00, 0x00, 0x00, 0x00, 0x00, 0x00, 0x00, 0x00, 0x00, 0x00, 0x00, 0x00, 0x00, 0x00, 0x00, 0x00,
    0x00, 0x00, 0x00, 0x00, 0x00, 0x00, 0x00, 0x00, 0x00, 0x00, 0x00, 0x00, 0x00, 0x00, 0x00, 0x00,
    0x00, 0x00, 0x00, 0x00, 0x00, 0x00, 0x00, 0x00, 0x00, 0x00, 0x00, 0x00, 0x00, 0x00, 0x00, 0x00,
    0x00, 0x00, 0x00, 0x00, 0x00, 0x00, 0x00, 0x00, 0x00, 0x00, 0x00, 0x00, 0x00, 0x00, 0x00, 0x00,
    0x00, 0x00, 0x00, 0x00, 0x00, 0x00, 0x00, 0x00, 0x00, 0x00, 0x00, 0x00, 0x00, 0x00, 0x00, 0x00,
    0x00, 0x00, 0x00, 0x00, 0x00, 0x00, 0x00, 0x00, 0x00, 0x00, 0x00, 0x00, 0x00, 0x00, 0x00, 0x00,
    0x00, 0x00, 0x00, 0x00, 0x00, 0x00, 0x00, 0x00, 0x00, 0x00, 0x00, 0x00, 0x00, 0x00, 0x00, 0x00,
    0x00, 0x00, 0x00, 0x00, 0x00, 0x00, 0x00, 0x00, 0x00, 0x00, 0x00, 0x00, 0x00, 0x00, 0x00, 0x00,
    0x00, 0x00, 0x00, 0x00, 0x00, 0x00, 0x00, 0x00, 0x00, 0x00, 0x00, 0x00, 0x00, 0x00, 0x00, 0x00
};

// array size is 14540
static const unsigned char gBlitImagePS[] = {
    0x44, 0x58, 0x42, 0x43, 0x1a, 0xf0, 0xf7, 0xf1, 0x48, 0xe0, 0x93, 0x4b, 0x49, 0x4d, 0x19, 0x42,
    0x9f, 0x54, 0x44, 0xf3, 0x01, 0x00, 0x00, 0x00, 0xcc, 0x38, 0x00, 0x00, 0x06, 0x00, 0x00, 0x00,
    0x38, 0x00, 0x00, 0x00, 0x0c, 0x01, 0x00, 0x00, 0x64, 0x01, 0x00, 0x00, 0x98, 0x01, 0x00, 0x00,
    0x28, 0x02, 0x00, 0x00, 0xc4, 0x02, 0x00, 0x00, 0x52, 0x44, 0x45, 0x46, 0xcc, 0x00, 0x00, 0x00,
    0x00, 0x00, 0x00, 0x00, 0x00, 0x00, 0x00, 0x00, 0x02, 0x00, 0x00, 0x00, 0x3c, 0x00, 0x00, 0x00,
    0x01, 0x05, 0xff, 0xff, 0x01, 0x4d, 0x10, 0x00, 0xa4, 0x00, 0x00, 0x00, 0x13, 0x13, 0x44, 0x25,
    0x3c, 0x00, 0x00, 0x00, 0x18, 0x00, 0x00, 0x00, 0x28, 0x00, 0x00, 0x00, 0x28, 0x00, 0x00, 0x00,
    0x24, 0x00, 0x00, 0x00, 0x0c, 0x00, 0x00, 0x00, 0x00, 0x00, 0x00, 0x00, 0x8c, 0x00, 0x00, 0x00,
    0x03, 0x00, 0x00, 0x00, 0x00, 0x00, 0x00, 0x00, 0x00, 0x00, 0x00, 0x00, 0x00, 0x00, 0x00, 0x00,
    0x00, 0x00, 0x00, 0x00, 0x01, 0x00, 0x00, 0x00, 0x00, 0x00, 0x00, 0x00, 0x00, 0x00, 0x00, 0x00,
    0x00, 0x00, 0x00, 0x00, 0x97, 0x00, 0x00, 0x00, 0x02, 0x00, 0x00, 0x00, 0x05, 0x00, 0x00, 0x00,
    0x04, 0x00, 0x00, 0x00, 0xff, 0xff, 0xff, 0xff, 0x00, 0x00, 0x00, 0x00, 0x01, 0x00, 0x00, 0x00,
    0x0c, 0x00, 0x00, 0x00, 0x00, 0x00, 0x00, 0x00, 0x00, 0x00, 0x00, 0x00, 0x67, 0x53, 0x61, 0x6d,
    0x70, 0x6c, 0x65, 0x72, 0x5f, 0x30, 0x00, 0x67, 0x54, 0x65, 0x78, 0x74, 0x75, 0x72, 0x65, 0x32,
    0x44, 0x5f, 0x30, 0x00, 0x4d, 0x69, 0x63, 0x72, 0x6f, 0x73, 0x6f, 0x66, 0x74, 0x20, 0x28, 0x52,
    0x29, 0x20, 0x48, 0x4c, 0x53, 0x4c, 0x20, 0x53, 0x68, 0x61, 0x64, 0x65, 0x72, 0x20, 0x43, 0x6f,
    0x6d, 0x70, 0x69, 0x6c, 0x65, 0x72, 0x20, 0x31, 0x30, 0x2e, 0x31, 0x00, 0x49, 0x53, 0x47, 0x4e,
    0x50, 0x00, 0x00, 0x00, 0x02, 0x00, 0x00, 0x00, 0x08, 0x00, 0x00, 0x00, 0x38, 0x00, 0x00, 0x00,
    0x00, 0x00, 0x00, 0x00, 0x01, 0x00, 0x00, 0x00, 0x03, 0x00, 0x00, 0x00, 0x00, 0x00, 0x00, 0x00,
    0x0f, 0x00, 0x00, 0x00, 0x44, 0x00, 0x00, 0x00, 0x00, 0x00, 0x00, 0x00, 0x00, 0x00, 0x00, 0x00,
    0x03, 0x00, 0x00, 0x00, 0x01, 0x00, 0x00, 0x00, 0x03, 0x03, 0x00, 0x00, 0x53, 0x56, 0x5f, 0x50,
    0x6f, 0x73, 0x69, 0x74, 0x69, 0x6f, 0x6e, 0x00, 0x54, 0x45, 0x58, 0x43, 0x4f, 0x4f, 0x52, 0x44,
    0x00, 0xab, 0xab, 0xab, 0x4f, 0x53, 0x47, 0x4e, 0x2c, 0x00, 0x00, 0x00, 0x01, 0x00, 0x00, 0x00,
    0x08, 0x00, 0x00, 0x00, 0x20, 0x00, 0x00, 0x00, 0x00, 0x00, 0x00, 0x00, 0x00, 0x00, 0x00, 0x00,
    0x03, 0x00, 0x00, 0x00, 0x00, 0x00, 0x00, 0x00, 0x0f, 0x00, 0x00, 0x00, 0x53, 0x56, 0x5f, 0x54,
    0x41, 0x52, 0x47, 0x45, 0x54, 0x00, 0xab, 0xab, 0x53, 0x48, 0x45, 0x58, 0x88, 0x00, 0x00, 0x00,
    0x51, 0x00, 0x00, 0x00, 0x22, 0x00, 0x00, 0x00, 0x6a, 0x08, 0x00, 0x01, 0x5a, 0x00, 0x00, 0x06,
    0x46, 0x6e, 0x30, 0x00, 0x00, 0x00, 0x00, 0x00, 0x00, 0x00, 0x00, 0x00, 0x00, 0x00, 0x00, 0x00,
    0x00, 0x00, 0x00, 0x00, 0x58, 0x18, 0x00, 0x07, 0x46, 0x7e, 0x30, 0x00, 0x00, 0x00, 0x00, 0x00,
    0x00, 0x00, 0x00, 0x00, 0x00, 0x00, 0x00, 0x00, 0x55, 0x55, 0x00, 0x00, 0x00, 0x00, 0x00, 0x00,
    0x62, 0x10, 0x00, 0x03, 0x32, 0x10, 0x10, 0x00, 0x01, 0x00, 0x00, 0x00, 0x65, 0x00, 0x00, 0x03,
    0xf2, 0x20, 0x10, 0x00, 0x00, 0x00, 0x00, 0x00, 0x45, 0x00, 0x00, 0x0b, 0xf2, 0x20, 0x10, 0x00,
    0x00, 0x00, 0x00, 0x00, 0x46, 0x10, 0x10, 0x00, 0x01, 0x00, 0x00, 0x00, 0x46, 0x7e, 0x20, 0x00,
    0x00, 0x00, 0x00, 0x00, 0x00, 0x00, 0x00, 0x00, 0x00, 0x60, 0x20, 0x00, 0x00, 0x00, 0x00, 0x00,
    0x00, 0x00, 0x00, 0x00, 0x3e, 0x00, 0x00, 0x01, 0x53, 0x54, 0x41, 0x54, 0x94, 0x00, 0x00, 0x00,
    0x02, 0x00, 0x00, 0x00, 0x00, 0x00, 0x00, 0x00, 0x00, 0x00, 0x00, 0x00, 0x02, 0x00, 0x00, 0x00,
    0x00, 0x00, 0x00, 0x00, 0x00, 0x00, 0x00, 0x00, 0x00, 0x00, 0x00, 0x00, 0x01, 0x00, 0x00, 0x00,
    0x00, 0x00, 0x00, 0x00, 0x00, 0x00, 0x00, 0x00, 0x00, 0x00, 0x00, 0x00, 0x00, 0x00, 0x00, 0x00,
    0x00, 0x00, 0x00, 0x00, 0x00, 0x00, 0x00, 0x00, 0x01, 0x00, 0x00, 0x00, 0x00, 0x00, 0x00, 0x00,
    0x00, 0x00, 0x00, 0x00, 0x00, 0x00, 0x00, 0x00, 0x00, 0x00, 0x00, 0x00, 0x00, 0x00, 0x00, 0x00,
    0x00, 0x00, 0x00, 0x00, 0x00, 0x00, 0x00, 0x00, 0x00, 0x00, 0x00, 0x00, 0x00, 0x00, 0x00, 0x00,
    0x00, 0x00, 0x00, 0x00, 0x00, 0x00, 0x00, 0x00, 0x00, 0x00, 0x00, 0x00, 0x00, 0x00, 0x00, 0x00,
    0x00, 0x00, 0x00, 0x00, 0x00, 0x00, 0x00, 0x00, 0x00, 0x00, 0x00, 0x00, 0x00, 0x00, 0x00, 0x00,
    0x00, 0x00, 0x00, 0x00, 0x00, 0x00, 0x00, 0x00, 0x00, 0x00, 0x00, 0x00, 0x00, 0x00, 0x00, 0x00,
    0x00, 0x00, 0x00, 0x00, 0x53, 0x50, 0x44, 0x42, 0x00, 0x36, 0x00, 0x00, 0x4d, 0x69, 0x63, 0x72,
    0x6f, 0x73, 0x6f, 0x66, 0x74, 0x20, 0x43, 0x2f, 0x43, 0x2b, 0x2b, 0x20, 0x4d, 0x53, 0x46, 0x20,
    0x37, 0x2e, 0x30, 0x30, 0x0d, 0x0a, 0x1a, 0x44, 0x53, 0x00, 0x00, 0x00, 0x00, 0x02, 0x00, 0x00,
    0x02, 0x00, 0x00, 0x00, 0x1b, 0x00, 0x00, 0x00, 0x8c, 0x00, 0x00, 0x00, 0x00, 0x00, 0x00, 0x00,
    0x18, 0x00, 0x00, 0x00, 0x00, 0x00, 0x00, 0x00, 0x00, 0x00, 0x00, 0x00, 0x00, 0x00, 0x00, 0x00,
    0x00, 0x00, 0x00, 0x00, 0x00, 0x00, 0x00, 0x00, 0x00, 0x00, 0x00, 0x00, 0x00, 0x00, 0x00, 0x00,
    0x00, 0x00, 0x00, 0x00, 0x00, 0x00, 0x00, 0x00, 0x00, 0x00, 0x00, 0x00, 0x00, 0x00, 0x00, 0x00,
    0x00, 0x00, 0x00, 0x00, 0x00, 0x00, 0x00, 0x00, 0x00, 0x00, 0x00, 0x00, 0x00, 0x00, 0x00, 0x00,
    0x00, 0x00, 0x00, 0x00, 0x00, 0x00, 0x00, 0x00, 0x00, 0x00, 0x00, 0x00, 0x00, 0x00, 0x00, 0x00,
    0x00, 0x00, 0x00, 0x00, 0x00, 0x00, 0x00, 0x00, 0x00, 0x00, 0x00, 0x00, 0x00, 0x00, 0x00, 0x00,
    0x00, 0x00, 0x00, 0x00, 0x00, 0x00, 0x00, 0x00, 0x00, 0x00, 0x00, 0x00, 0x00, 0x00, 0x00, 0x00,
    0x00, 0x00, 0x00, 0x00, 0x00, 0x00, 0x00, 0x00, 0x00, 0x00, 0x00, 0x00, 0x00, 0x00, 0x00, 0x00,
    0x00, 0x00, 0x00, 0x00, 0x00, 0x00, 0x00, 0x00, 0x00, 0x00, 0x00, 0x00, 0x00, 0x00, 0x00, 0x00,
    0x00, 0x00, 0x00, 0x00, 0x00, 0x00, 0x00, 0x00, 0x00, 0x00, 0x00, 0x00, 0x00, 0x00, 0x00, 0x00,
    0x00, 0x00, 0x00, 0x00, 0x00, 0x00, 0x00, 0x00, 0x00, 0x00, 0x00, 0x00, 0x00, 0x00, 0x00, 0x00,
    0x00, 0x00, 0x00, 0x00, 0x00, 0x00, 0x00, 0x00, 0x00, 0x00, 0x00, 0x00, 0x00, 0x00, 0x00, 0x00,
    0x00, 0x00, 0x00, 0x00, 0x00, 0x00, 0x00, 0x00, 0x00, 0x00, 0x00, 0x00, 0x00, 0x00, 0x00, 0x00,
    0x00, 0x00, 0x00, 0x00, 0x00, 0x00, 0x00, 0x00, 0x00, 0x00, 0x00, 0x00, 0x00, 0x00, 0x00, 0x00,
    0x00, 0x00, 0x00, 0x00, 0x00, 0x00, 0x00, 0x00, 0x00, 0x00, 0x00, 0x00, 0x00, 0x00, 0x00, 0x00,
    0x00, 0x00, 0x00, 0x00, 0x00, 0x00, 0x00, 0x00, 0x00, 0x00, 0x00, 0x00, 0x00, 0x00, 0x00, 0x00,
    0x00, 0x00, 0x00, 0x00, 0x00, 0x00, 0x00, 0x00, 0x00, 0x00, 0x00, 0x00, 0x00, 0x00, 0x00, 0x00,
    0x00, 0x00, 0x00, 0x00, 0x00, 0x00, 0x00, 0x00, 0x00, 0x00, 0x00, 0x00, 0x00, 0x00, 0x00, 0x00,
    0x00, 0x00, 0x00, 0x00, 0x00, 0x00, 0x00, 0x00, 0x00, 0x00, 0x00, 0x00, 0x00, 0x00, 0x00, 0x00,
    0x00, 0x00, 0x00, 0x00, 0x00, 0x00, 0x00, 0x00, 0x00, 0x00, 0x00, 0x00, 0x00, 0x00, 0x00, 0x00,
    0x00, 0x00, 0x00, 0x00, 0x00, 0x00, 0x00, 0x00, 0x00, 0x00, 0x00, 0x00, 0x00, 0x00, 0x00, 0x00,
    0x00, 0x00, 0x00, 0x00, 0x00, 0x00, 0x00, 0x00, 0x00, 0x00, 0x00, 0x00, 0x00, 0x00, 0x00, 0x00,
    0x00, 0x00, 0x00, 0x00, 0x00, 0x00, 0x00, 0x00, 0x00, 0x00, 0x00, 0x00, 0x00, 0x00, 0x00, 0x00,
    0x00, 0x00, 0x00, 0x00, 0x00, 0x00, 0x00, 0x00, 0x00, 0x00, 0x00, 0x00, 0x00, 0x00, 0x00, 0x00,
    0x00, 0x00, 0x00, 0x00, 0x00, 0x00, 0x00, 0x00, 0x00, 0x00, 0x00, 0x00, 0x00, 0x00, 0x00, 0x00,
    0x00, 0x00, 0x00, 0x00, 0x00, 0x00, 0x00, 0x00, 0x00, 0x00, 0x00, 0x00, 0x00, 0x00, 0x00, 0x00,
    0x00, 0x00, 0x00, 0x00, 0x00, 0x00, 0x00, 0x00, 0x00, 0x00, 0x00, 0x00, 0x00, 0x00, 0x00, 0x00,
    0x00, 0x00, 0x00, 0x00, 0x00, 0x00, 0x00, 0x00, 0x00, 0x00, 0x00, 0x00, 0x00, 0x00, 0x00, 0x00,
    0x00, 0x00, 0x00, 0x00, 0x00, 0x00, 0x00, 0x00, 0x00, 0x00, 0x00, 0x00, 0xc0, 0xff, 0xff, 0xff,
    0xff, 0xff, 0xff, 0xff, 0xff, 0xff, 0xff, 0xff, 0xff, 0xff, 0xff, 0xff, 0xff, 0xff, 0xff, 0xff,
    0xff, 0xff, 0xff, 0xff, 0xff, 0xff, 0xff, 0xff, 0xff, 0xff, 0xff, 0xff, 0xff, 0xff, 0xff, 0xff,
    0xff, 0xff, 0xff, 0xff, 0xff, 0xff, 0xff, 0xff, 0xff, 0xff, 0xff, 0xff, 0xff, 0xff, 0xff, 0xff,
    0xff, 0xff, 0xff, 0xff, 0xff, 0xff, 0xff, 0xff, 0xff, 0xff, 0xff, 0xff, 0xff, 0xff, 0xff, 0xff,
    0xff, 0xff, 0xff, 0xff, 0xff, 0xff, 0xff, 0xff, 0xff, 0xff, 0xff, 0xff, 0xff, 0xff, 0xff, 0xff,
    0xff, 0xff, 0xff, 0xff, 0xff, 0xff, 0xff, 0xff, 0xff, 0xff, 0xff, 0xff, 0xff, 0xff, 0xff, 0xff,
    0xff, 0xff, 0xff, 0xff, 0xff, 0xff, 0xff, 0xff, 0xff, 0xff, 0xff, 0xff, 0xff, 0xff, 0xff, 0xff,
    0xff, 0xff, 0xff, 0xff, 0xff, 0xff, 0xff, 0xff, 0xff, 0xff, 0xff, 0xff, 0xff, 0xff, 0xff, 0xff,
    0xff, 0xff, 0xff, 0xff, 0xff, 0xff, 0xff, 0xff, 0xff, 0xff, 0xff, 0xff, 0xff, 0xff, 0xff, 0xff,
    0xff, 0xff, 0xff, 0xff, 0xff, 0xff, 0xff, 0xff, 0xff, 0xff, 0xff, 0xff, 0xff, 0xff, 0xff, 0xff,
    0xff, 0xff, 0xff, 0xff, 0xff, 0xff, 0xff, 0xff, 0xff, 0xff, 0xff, 0xff, 0xff, 0xff, 0xff, 0xff,
    0xff, 0xff, 0xff, 0xff, 0xff, 0xff, 0xff, 0xff, 0xff, 0xff, 0xff, 0xff, 0xff, 0xff, 0xff, 0xff,
    0xff, 0xff, 0xff, 0xff, 0xff, 0xff, 0xff, 0xff, 0xff, 0xff, 0xff, 0xff, 0xff, 0xff, 0xff, 0xff,
    0xff, 0xff, 0xff, 0xff, 0xff, 0xff, 0xff, 0xff, 0xff, 0xff, 0xff, 0xff, 0xff, 0xff, 0xff, 0xff,
    0xff, 0xff, 0xff, 0xff, 0xff, 0xff, 0xff, 0xff, 0xff, 0xff, 0xff, 0xff, 0xff, 0xff, 0xff, 0xff,
    0xff, 0xff, 0xff, 0xff, 0xff, 0xff, 0xff, 0xff, 0xff, 0xff, 0xff, 0xff, 0xff, 0xff, 0xff, 0xff,
    0xff, 0xff, 0xff, 0xff, 0xff, 0xff, 0xff, 0xff, 0xff, 0xff, 0xff, 0xff, 0xff, 0xff, 0xff, 0xff,
    0xff, 0xff, 0xff, 0xff, 0xff, 0xff, 0xff, 0xff, 0xff, 0xff, 0xff, 0xff, 0xff, 0xff, 0xff, 0xff,
    0xff, 0xff, 0xff, 0xff, 0xff, 0xff, 0xff, 0xff, 0xff, 0xff, 0xff, 0xff, 0xff, 0xff, 0xff, 0xff,
    0xff, 0xff, 0xff, 0xff, 0xff, 0xff, 0xff, 0xff, 0xff, 0xff, 0xff, 0xff, 0xff, 0xff, 0xff, 0xff,
    0xff, 0xff, 0xff, 0xff, 0xff, 0xff, 0xff, 0xff, 0xff, 0xff, 0xff, 0xff, 0xff, 0xff, 0xff, 0xff,
    0xff, 0xff, 0xff, 0xff, 0xff, 0xff, 0xff, 0xff, 0xff, 0xff, 0xff, 0xff, 0xff, 0xff, 0xff, 0xff,
    0xff, 0xff, 0xff, 0xff, 0xff, 0xff, 0xff, 0xff, 0xff, 0xff, 0xff, 0xff, 0xff, 0xff, 0xff, 0xff,
    0xff, 0xff, 0xff, 0xff, 0xff, 0xff, 0xff, 0xff, 0xff, 0xff, 0xff, 0xff, 0xff, 0xff, 0xff, 0xff,
    0xff, 0xff, 0xff, 0xff, 0xff, 0xff, 0xff, 0xff, 0xff, 0xff, 0xff, 0xff, 0xff, 0xff, 0xff, 0xff,
    0xff, 0xff, 0xff, 0xff, 0xff, 0xff, 0xff, 0xff, 0xff, 0xff, 0xff, 0xff, 0xff, 0xff, 0xff, 0xff,
    0xff, 0xff, 0xff, 0xff, 0xff, 0xff, 0xff, 0xff, 0xff, 0xff, 0xff, 0xff, 0xff, 0xff, 0xff, 0xff,
    0xff, 0xff, 0xff, 0xff, 0xff, 0xff, 0xff, 0xff, 0xff, 0xff, 0xff, 0xff, 0xff, 0xff, 0xff, 0xff,
    0xff, 0xff, 0xff, 0xff, 0xff, 0xff, 0xff, 0xff, 0xff, 0xff, 0xff, 0xff, 0xff, 0xff, 0xff, 0xff,
    0xff, 0xff, 0xff, 0xff, 0xff, 0xff, 0xff, 0xff, 0xff, 0xff, 0xff, 0xff, 0xff, 0xff, 0xff, 0xff,
    0xff, 0xff, 0xff, 0xff, 0xff, 0xff, 0xff, 0xff, 0xff, 0xff, 0xff, 0xff, 0xff, 0xff, 0xff, 0xff,
    0xff, 0xff, 0xff, 0xff, 0xff, 0xff, 0xff, 0xff, 0xff, 0xff, 0xff, 0xff, 0x38, 0x00, 0x00, 0xfe,
    0xff, 0xff, 0xff, 0xff, 0xff, 0xff, 0xff, 0xff, 0xff, 0xff, 0xff, 0xff, 0xff, 0xff, 0xff, 0xff,
    0xff, 0xff, 0xff, 0xff, 0xff, 0xff, 0xff, 0xff, 0xff, 0xff, 0xff, 0xff, 0xff, 0xff, 0xff, 0xff,
    0xff, 0xff, 0xff, 0xff, 0xff, 0xff, 0xff, 0xff, 0xff, 0xff, 0xff, 0xff, 0xff, 0xff, 0xff, 0xff,
    0xff, 0xff, 0xff, 0xff, 0xff, 0xff, 0xff, 0xff, 0xff, 0xff, 0xff, 0xff, 0xff, 0xff, 0xff, 0xff,
    0xff, 0xff, 0xff, 0xff, 0xff, 0xff, 0xff, 0xff, 0xff, 0xff, 0xff, 0xff, 0xff, 0xff, 0xff, 0xff,
    0xff, 0xff, 0xff, 0xff, 0xff, 0xff, 0xff, 0xff, 0xff, 0xff, 0xff, 0xff, 0xff, 0xff, 0xff, 0xff,
    0xff, 0xff, 0xff, 0xff, 0xff, 0xff, 0xff, 0xff, 0xff, 0xff, 0xff, 0xff, 0xff, 0xff, 0xff, 0xff,
    0xff, 0xff, 0xff, 0xff, 0xff, 0xff, 0xff, 0xff, 0xff, 0xff, 0xff, 0xff, 0xff, 0xff, 0xff, 0xff,
    0xff, 0xff, 0xff, 0xff, 0xff, 0xff, 0xff, 0xff, 0xff, 0xff, 0xff, 0xff, 0xff, 0xff, 0xff, 0xff,
    0xff, 0xff, 0xff, 0xff, 0xff, 0xff, 0xff, 0xff, 0xff, 0xff, 0xff, 0xff, 0xff, 0xff, 0xff, 0xff,
    0xff, 0xff, 0xff, 0xff, 0xff, 0xff, 0xff, 0xff, 0xff, 0xff, 0xff, 0xff, 0xff, 0xff, 0xff, 0xff,
    0xff, 0xff, 0xff, 0xff, 0xff, 0xff, 0xff, 0xff, 0xff, 0xff, 0xff, 0xff, 0xff, 0xff, 0xff, 0xff,
    0xff, 0xff, 0xff, 0xff, 0xff, 0xff, 0xff, 0xff, 0xff, 0xff, 0xff, 0xff, 0xff, 0xff, 0xff, 0xff,
    0xff, 0xff, 0xff, 0xff, 0xff, 0xff, 0xff, 0xff, 0xff, 0xff, 0xff, 0xff, 0xff, 0xff, 0xff, 0xff,
    0xff, 0xff, 0xff, 0xff, 0xff, 0xff, 0xff, 0xff, 0xff, 0xff, 0xff, 0xff, 0xff, 0xff, 0xff, 0xff,
    0xff, 0xff, 0xff, 0xff, 0xff, 0xff, 0xff, 0xff, 0xff, 0xff, 0xff, 0xff, 0xff, 0xff, 0xff, 0xff,
    0xff, 0xff, 0xff, 0xff, 0xff, 0xff, 0xff, 0xff, 0xff, 0xff, 0xff, 0xff, 0xff, 0xff, 0xff, 0xff,
    0xff, 0xff, 0xff, 0xff, 0xff, 0xff, 0xff, 0xff, 0xff, 0xff, 0xff, 0xff, 0xff, 0xff, 0xff, 0xff,
    0xff, 0xff, 0xff, 0xff, 0xff, 0xff, 0xff, 0xff, 0xff, 0xff, 0xff, 0xff, 0xff, 0xff, 0xff, 0xff,
    0xff, 0xff, 0xff, 0xff, 0xff, 0xff, 0xff, 0xff, 0xff, 0xff, 0xff, 0xff, 0xff, 0xff, 0xff, 0xff,
    0xff, 0xff, 0xff, 0xff, 0xff, 0xff, 0xff, 0xff, 0xff, 0xff, 0xff, 0xff, 0xff, 0xff, 0xff, 0xff,
    0xff, 0xff, 0xff, 0xff, 0xff, 0xff, 0xff, 0xff, 0xff, 0xff, 0xff, 0xff, 0xff, 0xff, 0xff, 0xff,
    0xff, 0xff, 0xff, 0xff, 0xff, 0xff, 0xff, 0xff, 0xff, 0xff, 0xff, 0xff, 0xff, 0xff, 0xff, 0xff,
    0xff, 0xff, 0xff, 0xff, 0xff, 0xff, 0xff, 0xff, 0xff, 0xff, 0xff, 0xff, 0xff, 0xff, 0xff, 0xff,
    0xff, 0xff, 0xff, 0xff, 0xff, 0xff, 0xff, 0xff, 0xff, 0xff, 0xff, 0xff, 0xff, 0xff, 0xff, 0xff,
    0xff, 0xff, 0xff, 0xff, 0xff, 0xff, 0xff, 0xff, 0xff, 0xff, 0xff, 0xff, 0xff, 0xff, 0xff, 0xff,
    0xff, 0xff, 0xff, 0xff, 0xff, 0xff, 0xff, 0xff, 0xff, 0xff, 0xff, 0xff, 0xff, 0xff, 0xff, 0xff,
    0xff, 0xff, 0xff, 0xff, 0xff, 0xff, 0xff, 0xff, 0xff, 0xff, 0xff, 0xff, 0xff, 0xff, 0xff, 0xff,
    0xff, 0xff, 0xff, 0xff, 0xff, 0xff, 0xff, 0xff, 0xff, 0xff, 0xff, 0xff, 0xff, 0xff, 0xff, 0xff,
    0xff, 0xff, 0xff, 0xff, 0xff, 0xff, 0xff, 0xff, 0xff, 0xff, 0xff, 0xff, 0xff, 0xff, 0xff, 0xff,
    0xff, 0xff, 0xff, 0xff, 0xff, 0xff, 0xff, 0xff, 0xff, 0xff, 0xff, 0xff, 0xff, 0xff, 0xff, 0xff,
    0xff, 0xff, 0xff, 0xff, 0xff, 0xff, 0xff, 0xff, 0xff, 0xff, 0xff, 0xff, 0x05, 0x00, 0x00, 0x00,
    0x20, 0x00, 0x00, 0x00, 0x3c, 0x00, 0x00, 0x00, 0x00, 0x00, 0x00, 0x00, 0xff, 0xff, 0xff, 0xff,
    0x00, 0x00, 0x00, 0x00, 0x06, 0x00, 0x00, 0x00, 0x05, 0x00, 0x00, 0x00, 0x00, 0x00, 0x00, 0x00,
    0x00, 0x00, 0x00, 0x00, 0x00, 0x00, 0x00, 0x00, 0x00, 0x00, 0x00, 0x00, 0x00, 0x00, 0x00, 0x00,
    0x00, 0x00, 0x00, 0x00, 0x00, 0x00, 0x00, 0x00, 0x00, 0x00, 0x00, 0x00, 0x00, 0x00, 0x00, 0x00,
    0x00, 0x00, 0x00, 0x00, 0x00, 0x00, 0x00, 0x00, 0x00, 0x00, 0x00, 0x00, 0x00, 0x00, 0x00, 0x00,
    0x00, 0x00, 0x00, 0x00, 0x00, 0x00, 0x00, 0x00, 0x00, 0x00, 0x00, 0x00, 0x00, 0x00, 0x00, 0x00,
    0x00, 0x00, 0x00, 0x00, 0x00, 0x00, 0x00, 0x00, 0x00, 0x00, 0x00, 0x00, 0x00, 0x00, 0x00, 0x00,
    0x00, 0x00, 0x00, 0x00, 0x00, 0x00, 0x00, 0x00, 0x00, 0x00, 0x00, 0x00, 0x00, 0x00, 0x00, 0x00,
    0x00, 0x00, 0x00, 0x00, 0x00, 0x00, 0x00, 0x00, 0x00, 0x00, 0x00, 0x00, 0x00, 0x00, 0x00, 0x00,
    0x00, 0x00, 0x00, 0x00, 0x00, 0x00, 0x00, 0x00, 0x00, 0x00, 0x00, 0x00, 0x00, 0x00, 0x00, 0x00,
    0x00, 0x00, 0x00, 0x00, 0x00, 0x00, 0x00, 0x00, 0x00, 0x00, 0x00, 0x00, 0x00, 0x00, 0x00, 0x00,
    0x00, 0x00, 0x00, 0x00, 0x00, 0x00, 0x00, 0x00, 0x00, 0x00, 0x00, 0x00, 0x00, 0x00, 0x00, 0x00,
    0x00, 0x00, 0x00, 0x00, 0x00, 0x00, 0x00, 0x00, 0x00, 0x00, 0x00, 0x00, 0x00, 0x00, 0x00, 0x00,
    0x00, 0x00, 0x00, 0x00, 0x00, 0x00, 0x00, 0x00, 0x00, 0x00, 0x00, 0x00, 0x00, 0x00, 0x00, 0x00,
    0x00, 0x00, 0x00, 0x00, 0x00, 0x00, 0x00, 0x00, 0x00, 0x00, 0x00, 0x00, 0x00, 0x00, 0x00, 0x00,
    0x00, 0x00, 0x00, 0x00, 0x00, 0x00, 0x00, 0x00, 0x00, 0x00, 0x00, 0x00, 0x00, 0x00, 0x00, 0x00,
    0x00, 0x00, 0x00, 0x00, 0x00, 0x00, 0x00, 0x00, 0x00, 0x00, 0x00, 0x00, 0x00, 0x00, 0x00, 0x00,
    0x00, 0x00, 0x00, 0x00, 0x00, 0x00, 0x00, 0x00, 0x00, 0x00, 0x00, 0x00, 0x00, 0x00, 0x00, 0x00,
    0x00, 0x00, 0x00, 0x00, 0x00, 0x00, 0x00, 0x00, 0x00, 0x00, 0x00, 0x00, 0x00, 0x00, 0x00, 0x00,
    0x00, 0x00, 0x00, 0x00, 0x00, 0x00, 0x00, 0x00, 0x00, 0x00, 0x00, 0x00, 0x00, 0x00, 0x00, 0x00,
    0x00, 0x00, 0x00, 0x00, 0x00, 0x00, 0x00, 0x00, 0x00, 0x00, 0x00, 0x00, 0x00, 0x00, 0x00, 0x00,
    0x00, 0x00, 0x00, 0x00, 0x00, 0x00, 0x00, 0x00, 0x00, 0x00, 0x00, 0x00, 0x00, 0x00, 0x00, 0x00,
    0x00, 0x00, 0x00, 0x00, 0x00, 0x00, 0x00, 0x00, 0x00, 0x00, 0x00, 0x00, 0x00, 0x00, 0x00, 0x00,
    0x00, 0x00, 0x00, 0x00, 0x00, 0x00, 0x00, 0x00, 0x00, 0x00, 0x00, 0x00, 0x00, 0x00, 0x00, 0x00,
    0x00, 0x00, 0x00, 0x00, 0x00, 0x00, 0x00, 0x00, 0x00, 0x00, 0x00, 0x00, 0x00, 0x00, 0x00, 0x00,
    0x00, 0x00, 0x00, 0x00, 0x00, 0x00, 0x00, 0x00, 0x00, 0x00, 0x00, 0x00, 0x00, 0x00, 0x00, 0x00,
    0x00, 0x00, 0x00, 0x00, 0x00, 0x00, 0x00, 0x00, 0x00, 0x00, 0x00, 0x00, 0x00, 0x00, 0x00, 0x00,
    0x00, 0x00, 0x00, 0x00, 0x00, 0x00, 0x00, 0x00, 0x00, 0x00, 0x00, 0x00, 0x00, 0x00, 0x00, 0x00,
    0x00, 0x00, 0x00, 0x00, 0x00, 0x00, 0x00, 0x00, 0x00, 0x00, 0x00, 0x00, 0x00, 0x00, 0x00, 0x00,
    0x00, 0x00, 0x00, 0x00, 0x00, 0x00, 0x00, 0x00, 0x00, 0x00, 0x00, 0x00, 0x00, 0x00, 0x00, 0x00,
    0x00, 0x00, 0x00, 0x00, 0x00, 0x00, 0x00, 0x00, 0x00, 0x00, 0x00, 0x00, 0x00, 0x00, 0x00, 0x00,
    0x00, 0x00, 0x00, 0x00, 0x00, 0x00, 0x00, 0x00, 0x00, 0x00, 0x00, 0x00, 0x03, 0x00, 0x00, 0x00,
    0x00, 0x00, 0x00, 0x00, 0x00, 0x00, 0x00, 0x00, 0x00, 0x00, 0x00, 0x00, 0x00, 0x00, 0x00, 0x00,
    0x00, 0x00, 0x00, 0x00, 0x00, 0x00, 0x00, 0x00, 0x00, 0x00, 0x00, 0x00, 0x00, 0x00, 0x00, 0x00,
    0x00, 0x00, 0x00, 0x00, 0x00, 0x00, 0x00, 0x00, 0x00, 0x00, 0x00, 0x00, 0x00, 0x00, 0x00, 0x00,
    0x00, 0x00, 0x00, 0x00, 0x00, 0x00, 0x00, 0x00, 0x00, 0x00, 0x00, 0x00, 0x00, 0x00, 0x00, 0x00,
    0x00, 0x00, 0x00, 0x00, 0x00, 0x00, 0x00, 0x00, 0x00, 0x00, 0x00, 0x00, 0x00, 0x00, 0x00, 0x00,
    0x00, 0x00, 0x00, 0x00, 0x00, 0x00, 0x00, 0x00, 0x00, 0x00, 0x00, 0x00, 0x00, 0x00, 0x00, 0x00,
    0x00, 0x00, 0x00, 0x00, 0x00, 0x00, 0x00, 0x00, 0x00, 0x00, 0x00, 0x00, 0x00, 0x00, 0x00, 0x00,
    0x00, 0x00, 0x00, 0x00, 0x00, 0x00, 0x00, 0x00, 0x00, 0x00, 0x00, 0x00, 0x00, 0x00, 0x00, 0x00,
    0x00, 0x00, 0x00, 0x00, 0x00, 0x00, 0x00, 0x00, 0x00, 0x00, 0x00, 0x00, 0x00, 0x00, 0x00, 0x00,
    0x00, 0x00, 0x00, 0x00, 0x00, 0x00, 0x00, 0x00, 0x00, 0x00, 0x00, 0x00, 0x00, 0x00, 0x00, 0x00,
    0x00, 0x00, 0x00, 0x00, 0x00, 0x00, 0x00, 0x00, 0x00, 0x00, 0x00, 0x00, 0x00, 0x00, 0x00, 0x00,
    0x00, 0x00, 0x00, 0x00, 0x00, 0x00, 0x00, 0x00, 0x00, 0x00, 0x00, 0x00, 0x00, 0x00, 0x00, 0x00,
    0x00, 0x00, 0x00, 0x00, 0x00, 0x00, 0x00, 0x00, 0x00, 0x00, 0x00, 0x00, 0x00, 0x00, 0x00, 0x00,
    0x00, 0x00, 0x00, 0x00, 0x00, 0x00, 0x00, 0x00, 0x00, 0x00, 0x00, 0x00, 0x00, 0x00, 0x00, 0x00,
    0x00, 0x00, 0x00, 0x00, 0x00, 0x00, 0x00, 0x00, 0x00, 0x00, 0x00, 0x00, 0x00, 0x00, 0x00, 0x00,
    0x00, 0x00, 0x00, 0x00, 0x00, 0x00, 0x00, 0x00, 0x00, 0x00, 0x00, 0x00, 0x00, 0x00, 0x00, 0x00,
    0x00, 0x00, 0x00, 0x00, 0x00, 0x00, 0x00, 0x00, 0x00, 0x00, 0x00, 0x00, 0x00, 0x00, 0x00, 0x00,
    0x00, 0x00, 0x00, 0x00, 0x00, 0x00, 0x00, 0x00, 0x00, 0x00, 0x00, 0x00, 0x00, 0x00, 0x00, 0x00,
    0x00, 0x00, 0x00, 0x00, 0x00, 0x00, 0x00, 0x00, 0x00, 0x00, 0x00, 0x00, 0x00, 0x00, 0x00, 0x00,
    0x00, 0x00, 0x00, 0x00, 0x00, 0x00, 0x00, 0x00, 0x00, 0x00, 0x00, 0x00, 0x00, 0x00, 0x00, 0x00,
    0x00, 0x00, 0x00, 0x00, 0x00, 0x00, 0x00, 0x00, 0x00, 0x00, 0x00, 0x00, 0x00, 0x00, 0x00, 0x00,
    0x00, 0x00, 0x00, 0x00, 0x00, 0x00, 0x00, 0x00, 0x00, 0x00, 0x00, 0x00, 0x00, 0x00, 0x00, 0x00,
    0x00, 0x00, 0x00, 0x00, 0x00, 0x00, 0x00, 0x00, 0x00, 0x00, 0x00, 0x00, 0x00, 0x00, 0x00, 0x00,
    0x00, 0x00, 0x00, 0x00, 0x00, 0x00, 0x00, 0x00, 0x00, 0x00, 0x00, 0x00, 0x00, 0x00, 0x00, 0x00,
    0x00, 0x00, 0x00, 0x00, 0x00, 0x00, 0x00, 0x00, 0x00, 0x00, 0x00, 0x00, 0x00, 0x00, 0x00, 0x00,
    0x00, 0x00, 0x00, 0x00, 0x00, 0x00, 0x00, 0x00, 0x00, 0x00, 0x00, 0x00, 0x00, 0x00, 0x00, 0x00,
    0x00, 0x00, 0x00, 0x00, 0x00, 0x00, 0x00, 0x00, 0x00, 0x00, 0x00, 0x00, 0x00, 0x00, 0x00, 0x00,
    0x00, 0x00, 0x00, 0x00, 0x00, 0x00, 0x00, 0x00, 0x00, 0x00, 0x00, 0x00, 0x00, 0x00, 0x00, 0x00,
    0x00, 0x00, 0x00, 0x00, 0x00, 0x00, 0x00, 0x00, 0x00, 0x00, 0x00, 0x00, 0x00, 0x00, 0x00, 0x00,
    0x00, 0x00, 0x00, 0x00, 0x00, 0x00, 0x00, 0x00, 0x00, 0x00, 0x00, 0x00, 0x00, 0x00, 0x00, 0x00,
    0x00, 0x00, 0x00, 0x00, 0x00, 0x00, 0x00, 0x00, 0x00, 0x00, 0x00, 0x00, 0x00, 0x00, 0x00, 0x00,
    0x00, 0x00, 0x00, 0x00, 0x00, 0x00, 0x00, 0x00, 0x00, 0x00, 0x00, 0x00, 0x94, 0x2e, 0x31, 0x01,
    0x90, 0xa8, 0xd7, 0x68, 0x01, 0x00, 0x00, 0x00, 0x2b, 0xa2, 0x82, 0x1f, 0x0e, 0xd1, 0x99, 0x48,
    0xaa, 0x35, 0x61, 0x1f, 0x57, 0x35, 0x9c, 0xd9, 0x00, 0x00, 0x00, 0x00, 0x00, 0x00, 0x00, 0x00,
    0x01, 0x00, 0x00, 0x00, 0x01, 0x00, 0x00, 0x00, 0x00, 0x00, 0x00, 0x00, 0x00, 0x00, 0x00, 0x00,
    0x00, 0x00, 0x00, 0x00, 0xdc, 0x51, 0x33, 0x01, 0x00, 0x00, 0x00, 0x00, 0x00, 0x00, 0x00, 0x00,
    0x00, 0x00, 0x00, 0x00, 0x00, 0x00, 0x00, 0x00, 0x00, 0x00, 0x00, 0x00, 0x00, 0x00, 0x00, 0x00,
    0x00, 0x00, 0x00, 0x00, 0x00, 0x00, 0x00, 0x00, 0x00, 0x00, 0x00, 0x00, 0x00, 0x00, 0x00, 0x00,
    0x00, 0x00, 0x00, 0x00, 0x00, 0x00, 0x00, 0x00, 0x00, 0x00, 0x00, 0x00, 0x00, 0x00, 0x00, 0x00,
    0x00, 0x00, 0x00, 0x00, 0x00, 0x00, 0x00, 0x00, 0x00, 0x00, 0x00, 0x00, 0x00, 0x00, 0x00, 0x00,
    0x00, 0x00, 0x00, 0x00, 0x00, 0x00, 0x00, 0x00, 0x00, 0x00, 0x00, 0x00, 0x00, 0x00, 0x00, 0x00,
    0x00, 0x00, 0x00, 0x00, 0x00, 0x00, 0x00, 0x00, 0x00, 0x00, 0x00, 0x00, 0x00, 0x00, 0x00, 0x00,
    0x00, 0x00, 0x00, 0x00, 0x00, 0x00, 0x00, 0x00, 0x00, 0x00, 0x00, 0x00, 0x00, 0x00, 0x00, 0x00,
    0x00, 0x00, 0x00, 0x00, 0x00, 0x00, 0x00, 0x00, 0x00, 0x00, 0x00, 0x00, 0x00, 0x00, 0x00, 0x00,
    0x00, 0x00, 0x00, 0x00, 0x00, 0x00, 0x00, 0x00, 0x00, 0x00, 0x00, 0x00, 0x00, 0x00, 0x00, 0x00,
    0x00, 0x00, 0x00, 0x00, 0x00, 0x00, 0x00, 0x00, 0x00, 0x00, 0x00, 0x00, 0x00, 0x00, 0x00, 0x00,
    0x00, 0x00, 0x00, 0x00, 0x00, 0x00, 0x00, 0x00, 0x00, 0x00, 0x00, 0x00, 0x00, 0x00, 0x00, 0x00,
    0x00, 0x00, 0x00, 0x00, 0x00, 0x00, 0x00, 0x00, 0x00, 0x00, 0x00, 0x00, 0x00, 0x00, 0x00, 0x00,
    0x00, 0x00, 0x00, 0x00, 0x00, 0x00, 0x00, 0x00, 0x00, 0x00, 0x00, 0x00, 0x00, 0x00, 0x00, 0x00,
    0x00, 0x00, 0x00, 0x00, 0x00, 0x00, 0x00, 0x00, 0x00, 0x00, 0x00, 0x00, 0x00, 0x00, 0x00, 0x00,
    0x00, 0x00, 0x00, 0x00, 0x00, 0x00, 0x00, 0x00, 0x00, 0x00, 0x00, 0x00, 0x00, 0x00, 0x00, 0x00,
    0x00, 0x00, 0x00, 0x00, 0x00, 0x00, 0x00, 0x00, 0x00, 0x00, 0x00, 0x00, 0x00, 0x00, 0x00, 0x00,
    0x00, 0x00, 0x00, 0x00, 0x00, 0x00, 0x00, 0x00, 0x00, 0x00, 0x00, 0x00, 0x00, 0x00, 0x00, 0x00,
    0x00, 0x00, 0x00, 0x00, 0x00, 0x00, 0x00, 0x00, 0x00, 0x00, 0x00, 0x00, 0x00, 0x00, 0x00, 0x00,
    0x00, 0x00, 0x00, 0x00, 0x00, 0x00, 0x00, 0x00, 0x00, 0x00, 0x00, 0x00, 0x00, 0x00, 0x00, 0x00,
    0x00, 0x00, 0x00, 0x00, 0x00, 0x00, 0x00, 0x00, 0x00, 0x00, 0x00, 0x00, 0x00, 0x00, 0x00, 0x00,
    0x00, 0x00, 0x00, 0x00, 0x00, 0x00, 0x00, 0x00, 0x00, 0x00, 0x00, 0x00, 0x00, 0x00, 0x00, 0x00,
    0x00, 0x00, 0x00, 0x00, 0x00, 0x00, 0x00, 0x00, 0x00, 0x00, 0x00, 0x00, 0x00, 0x00, 0x00, 0x00,
    0x00, 0x00, 0x00, 0x00, 0x00, 0x00, 0x00, 0x00, 0x00, 0x00, 0x00, 0x00, 0x00, 0x00, 0x00, 0x00,
    0x00, 0x00, 0x00, 0x00, 0x00, 0x00, 0x00, 0x00, 0x00, 0x00, 0x00, 0x00, 0x00, 0x00, 0x00, 0x00,
    0x00, 0x00, 0x00, 0x00, 0x00, 0x00, 0x00, 0x00, 0x00, 0x00, 0x00, 0x00, 0x00, 0x00, 0x00, 0x00,
    0x00, 0x00, 0x00, 0x00, 0x00, 0x00, 0x00, 0x00, 0x00, 0x00, 0x00, 0x00, 0x00, 0x00, 0x00, 0x00,
    0x00, 0x00, 0x00, 0x00, 0x00, 0x00, 0x00, 0x00, 0x00, 0x00, 0x00, 0x00, 0x00, 0x00, 0x00, 0x00,
    0x00, 0x00, 0x00, 0x00, 0x00, 0x00, 0x00, 0x00, 0x00, 0x00, 0x00, 0x00, 0x38, 0x0a, 0x66, 0x6c,
    0x6f, 0x61, 0x74, 0x34, 0x20, 0x66, 0x72, 0x61, 0x67, 0x6d, 0x65, 0x6e, 0x74, 0x4d, 0x61, 0x69,
    0x6e, 0x28, 0x56, 0x65, 0x72, 0x74, 0x65, 0x78, 0x4f, 0x75, 0x74, 0x70, 0x75, 0x74, 0x5f, 0x30,
    0x20, 0x69, 0x6e, 0x70, 0x75, 0x74, 0x5f, 0x30, 0x29, 0x20, 0x3a, 0x20, 0x53, 0x56, 0x5f, 0x54,
    0x41, 0x52, 0x47, 0x45, 0x54, 0x0a, 0x7b, 0x0a, 0x0a, 0x23, 0x6c, 0x69, 0x6e, 0x65, 0x20, 0x33,
    0x38, 0x0a, 0x20, 0x20, 0x20, 0x20, 0x56, 0x65, 0x72, 0x74, 0x65, 0x78, 0x4f, 0x75, 0x74, 0x70,
    0x75, 0x74, 0x5f, 0x30, 0x20, 0x5f, 0x53, 0x31, 0x20, 0x3d, 0x20, 0x69, 0x6e, 0x70, 0x75, 0x74,
    0x5f, 0x30, 0x3b, 0x0a, 0x0a, 0x0a, 0x0a, 0x20, 0x20, 0x20, 0x20, 0x72, 0x65, 0x74, 0x75, 0x72,
    0x6e, 0x20, 0x67, 0x54, 0x65, 0x78, 0x74, 0x75, 0x72, 0x65, 0x32, 0x44, 0x5f, 0x30, 0x2e, 0x53,
    0x61, 0x6d, 0x70, 0x6c, 0x65, 0x28, 0x67, 0x53, 0x61, 0x6d, 0x70, 0x6c, 0x65, 0x72, 0x5f, 0x30,
    0x2c, 0x20, 0x5f, 0x53, 0x31, 0x2e, 0x75, 0x76, 0x5f, 0x30, 0x29, 0x3b, 0x0a, 0x7d, 0x0a, 0x0a,
    0x00, 0x72, 0x65, 0x73, 0x6f, 0x75, 0x72, 0x63, 0x65, 0x73, 0x2f, 0x53, 0x68, 0x61, 0x64, 0x65,
    0x72, 0x73, 0x2f, 0x53, 0x6f, 0x75, 0x72, 0x63, 0x65, 0x2f, 0x42, 0x6c, 0x69, 0x74, 0x2e, 0x73,
    0x6c, 0x61, 0x6e, 0x67, 0x00, 0x04, 0x00, 0x00, 0x00, 0x01, 0x00, 0x00, 0x00, 0x99, 0x02, 0x00,
    0x00, 0x02, 0x00, 0x00, 0x00, 0x00, 0x00, 0x00, 0x00, 0x03, 0x00, 0x00, 0x00, 0x00, 0x00, 0x00,
    0x00, 0x00, 0x00, 0x00, 0x00, 0x00, 0x00, 0x00, 0x00, 0x00, 0x00, 0x00, 0x00, 0x00, 0x00, 0x00,
    0x00, 0x00, 0x00, 0x00, 0x00, 0x00, 0x00, 0x00, 0x00, 0x00, 0x00, 0x00, 0x00, 0x00, 0x00, 0x00,
    0x00, 0x00, 0x00, 0x00, 0x00, 0x00, 0x00, 0x00, 0x00, 0x00, 0x00, 0x00, 0x00, 0x00, 0x00, 0x00,
    0x00, 0x00, 0x00, 0x00, 0x00, 0x00, 0x00, 0x00, 0x00, 0x00, 0x00, 0x00, 0x00, 0x00, 0x00, 0x00,
    0x00, 0x00, 0x00, 0x00, 0x00, 0x00, 0x00, 0x00, 0x00, 0x00, 0x00, 0x00, 0x00, 0x00, 0x00, 0x00,
    0x00, 0x00, 0x00, 0x00, 0x00, 0x00, 0x00, 0x00, 0x00, 0x00, 0x00, 0x00, 0x00, 0x00, 0x00, 0x00,
    0x00, 0x00, 0x00, 0x00, 0x00, 0x00, 0x00, 0x00, 0x00, 0x00, 0x00, 0x00, 0x00, 0x00, 0x00, 0x00,
    0x00, 0x00, 0x00, 0x00, 0x00, 0x00, 0x00, 0x00, 0x00, 0x00, 0x00, 0x00, 0x00, 0x00, 0x00, 0x00,
    0x00, 0x00, 0x00, 0x00, 0x00, 0x00, 0x00, 0x00, 0x00, 0x00, 0x00, 0x00, 0x00, 0x00, 0x00, 0x00,
    0x00, 0x00, 0x00, 0x00, 0x00, 0x00, 0x00, 0x00, 0x00, 0x00, 0x00, 0x00, 0x00, 0x00, 0x00, 0x00,
    0x00, 0x00, 0x00, 0x00, 0x00, 0x00, 0x00, 0x00, 0x00, 0x00, 0x00, 0x00, 0x00, 0x00, 0x00, 0x00,
    0x00, 0x00, 0x00, 0x00, 0x00, 0x00, 0x00, 0x00, 0x00, 0x00, 0x00, 0x00, 0x00, 0x00, 0x00, 0x00,
    0x00, 0x00, 0x00, 0x00, 0x00, 0x00, 0x00, 0x00, 0x00, 0x00, 0x00, 0x00, 0x00, 0x00, 0x00, 0x00,
    0x00, 0x00, 0x00, 0x00, 0x00, 0x00, 0x00, 0x00, 0x00, 0x00, 0x00, 0x00, 0x00, 0x00, 0x00, 0x00,
    0x00, 0x00, 0x00, 0x00, 0x00, 0x00, 0x00, 0x00, 0x00, 0x00, 0x00, 0x00, 0x00, 0x00, 0x00, 0x00,
    0x00, 0x00, 0x00, 0x00, 0x00, 0x00, 0x00, 0x00, 0x00, 0x00, 0x00, 0x00, 0x00, 0x00, 0x00, 0x00,
    0x00, 0x00, 0x00, 0x00, 0x00, 0x00, 0x00, 0x00, 0x00, 0x00, 0x00, 0x00, 0x00, 0x00, 0x00, 0x00,
    0x00, 0x00, 0x00, 0x00, 0x00, 0x00, 0x00, 0x00, 0x00, 0x00, 0x00, 0x00, 0xc6, 0x5a, 0x00, 0x00,
    0x75, 0x83, 0x01, 0x00, 0x9f, 0x5c, 0x03, 0x00, 0xaa, 0xc2, 0x02, 0x00, 0x26, 0xf7, 0x02, 0x00,
    0x41, 0x24, 0x01, 0x00, 0x27, 0x52, 0x03, 0x00, 0xc9, 0x74, 0x03, 0x00, 0xd9, 0x2a, 0x02, 0x00,
    0x15, 0xe6, 0x00, 0x00, 0x8b, 0xbe, 0x02, 0x00, 0x49, 0x14, 0x01, 0x00, 0x99, 0xbd, 0x03, 0x00,
    0x00, 0x10, 0x00, 0x00, 0x00, 0x00, 0x00, 0x00, 0x00, 0x00, 0x00, 0x00, 0x00, 0x00, 0x00, 0x00,
    0x00, 0x00, 0x00, 0x00, 0x00, 0x00, 0x00, 0x00, 0x00, 0x00, 0x00, 0x00, 0x00, 0x00, 0x00, 0x00,
    0x00, 0x00, 0x00, 0x00, 0x00, 0x00, 0x00, 0x00, 0x00, 0x00, 0x00, 0x00, 0x00, 0x00, 0x00, 0x00,
    0x00, 0x00, 0x00, 0x00, 0x00, 0x00, 0x00, 0x00, 0x00, 0x00, 0x00, 0x00, 0x00, 0x00, 0x00, 0x00,
    0x00, 0x00, 0x00, 0x00, 0x00, 0x00, 0x00, 0x00, 0x00, 0x00, 0x00, 0x00, 0x00, 0x00, 0x00, 0x00,
    0x00, 0x00, 0x00, 0x00, 0x00, 0x00, 0x00, 0x00, 0x00, 0x00, 0x00, 0x00, 0x00, 0x00, 0x00, 0x00,
    0x00, 0x00, 0x00, 0x00, 0x00, 0x00, 0x00, 0x00, 0x00, 0x00, 0x00, 0x00, 0x00, 0x00, 0x00, 0x00,
    0x00, 0x00, 0x00, 0x00, 0x00, 0x00, 0x00, 0x00, 0x00, 0x00, 0x00, 0x00, 0x00, 0x00, 0x00, 0x00,
    0x00, 0x00, 0x00, 0x00, 0x00, 0x00, 0x00, 0x00, 0x00, 0x00, 0x00, 0x00, 0x00, 0x00, 0x00, 0x00,
    0x00, 0x00, 0x00, 0x00, 0x00, 0x00, 0x00, 0x00, 0x00, 0x00, 0x00, 0x00, 0x00, 0x00, 0x00, 0x00,
    0x00, 0x00, 0x00, 0x00, 0x00, 0x00, 0x00, 0x00, 0x00, 0x00, 0x00, 0x00, 0x00, 0x00, 0x00, 0x00,
    0x00, 0x00, 0x00, 0x00, 0x00, 0x00, 0x00, 0x00, 0x00, 0x00, 0x00, 0x00, 0x00, 0x00, 0x00, 0x00,
    0x00, 0x00, 0x00, 0x00, 0x00, 0x00, 0x00, 0x00, 0x00, 0x00, 0x00, 0x00, 0x00, 0x00, 0x00, 0x00,
    0x00, 0x00, 0x00, 0x00, 0x00, 0x00, 0x00, 0x00, 0x00, 0x00, 0x00, 0x00, 0x00, 0x00, 0x00, 0x00,
    0x00, 0x00, 0x00, 0x00, 0x00, 0x00, 0x00, 0x00, 0x00, 0x00, 0x00, 0x00, 0x00, 0x00, 0x00, 0x00,
    0x00, 0x00, 0x00, 0x00, 0x00, 0x00, 0x00, 0x00, 0x00, 0x00, 0x00, 0x00, 0x00, 0x00, 0x00, 0x00,
    0x00, 0x00, 0x00, 0x00, 0x00, 0x00, 0x00, 0x00, 0x00, 0x00, 0x00, 0x00, 0x00, 0x00, 0x00, 0x00,
    0x00, 0x00, 0x00, 0x00, 0x00, 0x00, 0x00, 0x00, 0x00, 0x00, 0x00, 0x00, 0x00, 0x00, 0x00, 0x00,
    0x00, 0x00, 0x00, 0x00, 0x00, 0x00, 0x00, 0x00, 0x00, 0x00, 0x00, 0x00, 0x00, 0x00, 0x00, 0x00,
    0x00, 0x00, 0x00, 0x00, 0x00, 0x00, 0x00, 0x00, 0x00, 0x00, 0x00, 0x00, 0x00, 0x00, 0x00, 0x00,
    0x00, 0x00, 0x00, 0x00, 0x00, 0x00, 0x00, 0x00, 0x00, 0x00, 0x00, 0x00, 0x00, 0x00, 0x00, 0x00,
    0x00, 0x00, 0x00, 0x00, 0x00, 0x00, 0x00, 0x00, 0x00, 0x00, 0x00, 0x00, 0x00, 0x00, 0x00, 0x00,
    0x00, 0x00, 0x00, 0x00, 0x00, 0x00, 0x00, 0x00, 0x00, 0x00, 0x00, 0x00, 0x00, 0x00, 0x00, 0x00,
    0x00, 0x00, 0x00, 0x00, 0x00, 0x00, 0x00, 0x00, 0x00, 0x00, 0x00, 0x00, 0x00, 0x00, 0x00, 0x00,
    0x00, 0x00, 0x00, 0x00, 0x00, 0x00, 0x00, 0x00, 0x00, 0x00, 0x00, 0x00, 0x00, 0x00, 0x00, 0x00,
    0x00, 0x00, 0x00, 0x00, 0x00, 0x00, 0x00, 0x00, 0x00, 0x00, 0x00, 0x00, 0x00, 0x00, 0x00, 0x00,
    0x00, 0x00, 0x00, 0x00, 0x00, 0x00, 0x00, 0x00, 0x00, 0x00, 0x00, 0x00, 0x00, 0x00, 0x00, 0x00,
    0x00, 0x00, 0x00, 0x00, 0x00, 0x00, 0x00, 0x00, 0x00, 0x00, 0x00, 0x00, 0x00, 0x00, 0x00, 0x00,
    0x00, 0x00, 0x00, 0x00, 0x00, 0x00, 0x00, 0x00, 0x00, 0x00, 0x00, 0x00, 0x23, 0x70, 0x72, 0x61,
    0x67, 0x6d, 0x61, 0x20, 0x70, 0x61, 0x63, 0x6b, 0x5f, 0x6d, 0x61, 0x74, 0x72, 0x69, 0x78, 0x28,
    0x63, 0x6f, 0x6c, 0x75, 0x6d, 0x6e, 0x5f, 0x6d, 0x61, 0x6a, 0x6f, 0x72, 0x29, 0x0a, 0x23, 0x69,
    0x66, 0x64, 0x65, 0x66, 0x20, 0x53, 0x4c, 0x41, 0x4e, 0x47, 0x5f, 0x48, 0x4c, 0x53, 0x4c, 0x5f,
    0x45, 0x4e, 0x41, 0x42, 0x4c, 0x45, 0x5f, 0x4e, 0x56, 0x41, 0x50, 0x49, 0x0a, 0x23, 0x69, 0x6e,
    0x63, 0x6c, 0x75, 0x64, 0x65, 0x20, 0x22, 0x6e, 0x76, 0x48, 0x4c, 0x53, 0x4c, 0x45, 0x78, 0x74,
    0x6e, 0x73, 0x2e, 0x68, 0x22, 0x0a, 0x23, 0x65, 0x6e, 0x64, 0x69, 0x66, 0x0a, 0x0a, 0x23, 0x69,
    0x66, 0x6e, 0x64, 0x65, 0x66, 0x20, 0x5f, 0x5f, 0x44, 0x58, 0x43, 0x5f, 0x56, 0x45, 0x52, 0x53,
    0x49, 0x4f, 0x4e, 0x5f, 0x4d, 0x41, 0x4a, 0x4f, 0x52, 0x0a, 0x2f, 0x2f, 0x20, 0x77, 0x61, 0x72,
    0x6e, 0x69, 0x6e, 0x67, 0x20, 0x58, 0x33, 0x35, 0x35, 0x37, 0x3a, 0x20, 0x6c, 0x6f, 0x6f, 0x70,
    0x20, 0x64, 0x6f, 0x65, 0x73, 0x6e, 0x27, 0x74, 0x20, 0x73, 0x65, 0x65, 0x6d, 0x20, 0x74, 0x6f,
    0x20, 0x64, 0x6f, 0x20, 0x61, 0x6e, 0x79, 0x74, 0x68, 0x69, 0x6e, 0x67, 0x2c, 0x20, 0x66, 0x6f,
    0x72, 0x63, 0x69, 0x6e, 0x67, 0x20, 0x6c, 0x6f, 0x6f, 0x70, 0x20, 0x74, 0x6f, 0x20, 0x75, 0x6e,
    0x72, 0x6f, 0x6c, 0x6c, 0x0a, 0x23, 0x70, 0x72, 0x61, 0x67, 0x6d, 0x61, 0x20, 0x77, 0x61, 0x72,
    0x6e, 0x69, 0x6e, 0x67, 0x28, 0x64, 0x69, 0x73, 0x61, 0x62, 0x6c, 0x65, 0x20, 0x3a, 0x20, 0x33,
    0x35, 0x35, 0x37, 0x29, 0x0a, 0x23, 0x65, 0x6e, 0x64, 0x69, 0x66, 0x0a, 0x0a, 0x0a, 0x23, 0x6c,
    0x69, 0x6e, 0x65, 0x20, 0x36, 0x20, 0x22, 0x72, 0x65, 0x73, 0x6f, 0x75, 0x72, 0x63, 0x65, 0x73,
    0x2f, 0x53, 0x68, 0x61, 0x64, 0x65, 0x72, 0x73, 0x2f, 0x53, 0x6f, 0x75, 0x72, 0x63, 0x65, 0x2f,
    0x42, 0x6c, 0x69, 0x74, 0x2e, 0x73, 0x6c, 0x61, 0x6e, 0x67, 0x22, 0x0a, 0x54, 0x65, 0x78, 0x74,
    0x75, 0x72, 0x65, 0x32, 0x44, 0x3c, 0x66, 0x6c, 0x6f, 0x61, 0x74, 0x34, 0x20, 0x3e, 0x20, 0x67,
    0x54, 0x65, 0x78, 0x74, 0x75, 0x72, 0x65, 0x32, 0x44, 0x5f, 0x30, 0x20, 0x3a, 0x20, 0x72, 0x65,
    0x67, 0x69, 0x73, 0x74, 0x65, 0x72, 0x28, 0x74, 0x30, 0x29, 0x3b, 0x0a, 0x0a, 0x0a, 0x23, 0x6c,
    0x69, 0x6e, 0x65, 0x20, 0x37, 0x0a, 0x53, 0x61, 0x6d, 0x70, 0x6c, 0x65, 0x72, 0x53, 0x74, 0x61,
    0x74, 0x65, 0x20, 0x67, 0x53, 0x61, 0x6d, 0x70, 0x6c, 0x65, 0x72, 0x5f, 0x30, 0x20, 0x3a, 0x20,
    0x72, 0x65, 0x67, 0x69, 0x73, 0x74, 0x65, 0x72, 0x28, 0x73, 0x30, 0x29, 0x3b, 0x0a, 0x0a, 0x0a,
    0x23, 0x6c, 0x69, 0x6e, 0x65, 0x20, 0x31, 0x0a, 0x73, 0x74, 0x72, 0x75, 0x63, 0x74, 0x20, 0x56,
    0x65, 0x72, 0x74, 0x65, 0x78, 0x4f, 0x75, 0x74, 0x70, 0x75, 0x74, 0x5f, 0x30, 0x0a, 0x7b, 0x0a,
    0x20, 0x20, 0x20, 0x20, 0x66, 0x6c, 0x6f, 0x61, 0x74, 0x34, 0x20, 0x70, 0x6f, 0x73, 0x69, 0x74,
    0x69, 0x6f, 0x6e, 0x5f, 0x30, 0x20, 0x3a, 0x20, 0x53, 0x56, 0x5f, 0x50, 0x6f, 0x73, 0x69, 0x74,
    0x69, 0x6f, 0x6e, 0x3b, 0x0a, 0x20, 0x20, 0x20, 0x20, 0x66, 0x6c, 0x6f, 0x61, 0x74, 0x32, 0x20,
    0x75, 0x76, 0x5f, 0x30, 0x20, 0x3a, 0x20, 0x54, 0x45, 0x58, 0x43, 0x4f, 0x4f, 0x52, 0x44, 0x30,
    0x3b, 0x0a, 0x7d, 0x3b, 0x0a, 0x0a, 0x0a, 0x23, 0x6c, 0x69, 0x6e, 0x65, 0x20, 0x33, 0x38, 0x0a,
    0x66, 0x6c, 0x6f, 0x61, 0x74, 0x34, 0x20, 0x66, 0x72, 0x61, 0x67, 0x6d, 0x65, 0x6e, 0x74, 0x4d,
    0x61, 0x69, 0x6e, 0x28, 0x56, 0x65, 0x72, 0x74, 0x65, 0x78, 0x4f, 0x75, 0x74, 0x70, 0x75, 0x74,
    0x5f, 0x30, 0x20, 0x69, 0x6e, 0x70, 0x75, 0x74, 0x5f, 0x30, 0x29, 0x20, 0x3a, 0x20, 0x53, 0x56,
    0x5f, 0x54, 0x41, 0x52, 0x47, 0x45, 0x54, 0x0a, 0x7b, 0x0a, 0x0a, 0x23, 0x6c, 0x69, 0x6e, 0x65,
    0x20, 0x33, 0x38, 0x0a, 0x20, 0x20, 0x20, 0x20, 0x56, 0x65, 0x72, 0x74, 0x65, 0x78, 0x4f, 0x75,
    0x74, 0x70, 0x75, 0x74, 0x5f, 0x30, 0x20, 0x5f, 0x53, 0x31, 0x20, 0x3d, 0x20, 0x69, 0x6e, 0x70,
    0x75, 0x74, 0x5f, 0x30, 0x3b, 0x0a, 0x0a, 0x0a, 0x0a, 0x20, 0x20, 0x20, 0x20, 0x72, 0x65, 0x74,
    0x75, 0x72, 0x6e, 0x20, 0x67, 0x54, 0x65, 0x78, 0x74, 0x75, 0x72, 0x65, 0x32, 0x44, 0x5f, 0x30,
    0x2e, 0x53, 0x61, 0x6d, 0x70, 0x6c, 0x65, 0x28, 0x67, 0x53, 0x61, 0x6d, 0x70, 0x6c, 0x65, 0x72,
    0x5f, 0x30, 0x2c, 0x20, 0x5f, 0x53, 0x31, 0x2e, 0x75, 0x76, 0x5f, 0x30, 0x29, 0x3b, 0x0a, 0x7d,
    0x0a, 0x0a, 0x00, 0x00, 0x00, 0x00, 0x00, 0x00, 0x00, 0x00, 0x00, 0x00, 0x00, 0x00, 0x00, 0x00,
    0x00, 0x00, 0x00, 0x00, 0x00, 0x00, 0x00, 0x00, 0x00, 0x00, 0x00, 0x00, 0x00, 0x00, 0x00, 0x00,
    0x00, 0x00, 0x00, 0x00, 0x00, 0x00, 0x00, 0x00, 0x00, 0x00, 0x00, 0x00, 0x00, 0x00, 0x00, 0x00,
    0x00, 0x00, 0x00, 0x00, 0x00, 0x00, 0x00, 0x00, 0x00, 0x00, 0x00, 0x00, 0x00, 0x00, 0x00, 0x00,
    0x00, 0x00, 0x00, 0x00, 0x00, 0x00, 0x00, 0x00, 0x00, 0x00, 0x00, 0x00, 0x00, 0x00, 0x00, 0x00,
    0x00, 0x00, 0x00, 0x00, 0x00, 0x00, 0x00, 0x00, 0x00, 0x00, 0x00, 0x00, 0x00, 0x00, 0x00, 0x00,
    0x00, 0x00, 0x00, 0x00, 0x00, 0x00, 0x00, 0x00, 0x00, 0x00, 0x00, 0x00, 0x00, 0x00, 0x00, 0x00,
    0x00, 0x00, 0x00, 0x00, 0x00, 0x00, 0x00, 0x00, 0x00, 0x00, 0x00, 0x00, 0x00, 0x00, 0x00, 0x00,
    0x00, 0x00, 0x00, 0x00, 0x00, 0x00, 0x00, 0x00, 0x00, 0x00, 0x00, 0x00, 0x00, 0x00, 0x00, 0x00,
    0x00, 0x00, 0x00, 0x00, 0x00, 0x00, 0x00, 0x00, 0x00, 0x00, 0x00, 0x00, 0x00, 0x00, 0x00, 0x00,
    0x00, 0x00, 0x00, 0x00, 0x00, 0x00, 0x00, 0x00, 0x00, 0x00, 0x00, 0x00, 0x00, 0x00, 0x00, 0x00,
    0x00, 0x00, 0x00, 0x00, 0x00, 0x00, 0x00, 0x00, 0x00, 0x00, 0x00, 0x00, 0x00, 0x00, 0x00, 0x00,
    0x00, 0x00, 0x00, 0x00, 0x00, 0x00, 0x00, 0x00, 0x00, 0x00, 0x00, 0x00, 0x00, 0x00, 0x00, 0x00,
    0x00, 0x00, 0x00, 0x00, 0x00, 0x00, 0x00, 0x00, 0x00, 0x00, 0x00, 0x00, 0x00, 0x00, 0x00, 0x00,
    0x00, 0x00, 0x00, 0x00, 0x00, 0x00, 0x00, 0x00, 0x00, 0x00, 0x00, 0x00, 0x00, 0x00, 0x00, 0x00,
    0x00, 0x00, 0x00, 0x00, 0x00, 0x00, 0x00, 0x00, 0x00, 0x00, 0x00, 0x00, 0x00, 0x00, 0x00, 0x00,
    0x00, 0x00, 0x00, 0x00, 0x00, 0x00, 0x00, 0x00, 0x00, 0x00, 0x00, 0x00, 0x00, 0x00, 0x00, 0x00,
    0x00, 0x00, 0x00, 0x00, 0x00, 0x00, 0x00, 0x00, 0x00, 0x00, 0x00, 0x00, 0x00, 0x00, 0x00, 0x00,
    0x00, 0x00, 0x00, 0x00, 0x00, 0x00, 0x00, 0x00, 0x00, 0x00, 0x00, 0x00, 0x00, 0x00, 0x00, 0x00,
    0x00, 0x00, 0x00, 0x00, 0x00, 0x00, 0x00, 0x00, 0x00, 0x00, 0x00, 0x00, 0x00, 0x00, 0x00, 0x00,
    0x00, 0x00, 0x00, 0x00, 0x00, 0x00, 0x00, 0x00, 0x00, 0x00, 0x00, 0x00, 0x00, 0x00, 0x00, 0x00,
    0x00, 0x00, 0x00, 0x00, 0x00, 0x00, 0x00, 0x00, 0x00, 0x00, 0x00, 0x00, 0x00, 0x00, 0x00, 0x00,
    0x00, 0x00, 0x00, 0x00, 0x00, 0x00, 0x00, 0x00, 0x00, 0x00, 0x00, 0x00, 0xfe, 0xef, 0xfe, 0xef,
    0x01, 0x00, 0x00, 0x00, 0xbd, 0x02, 0x00, 0x00, 0x00, 0x00, 0x23, 0x70, 0x72, 0x61, 0x67, 0x6d,
    0x61, 0x20, 0x70, 0x61, 0x63, 0x6b, 0x5f, 0x6d, 0x61, 0x74, 0x72, 0x69, 0x78, 0x28, 0x63, 0x6f,
    0x6c, 0x75, 0x6d, 0x6e, 0x5f, 0x6d, 0x61, 0x6a, 0x6f, 0x72, 0x29, 0x0a, 0x23, 0x69, 0x66, 0x64,
    0x65, 0x66, 0x20, 0x53, 0x4c, 0x41, 0x4e, 0x47, 0x5f, 0x48, 0x4c, 0x53, 0x4c, 0x5f, 0x45, 0x4e,
    0x41, 0x42, 0x4c, 0x45, 0x5f, 0x4e, 0x56, 0x41, 0x50, 0x49, 0x0a, 0x23, 0x69, 0x6e, 0x63, 0x6c,
    0x75, 0x64, 0x65, 0x20, 0x22, 0x6e, 0x76, 0x48, 0x4c, 0x53, 0x4c, 0x45, 0x78, 0x74, 0x6e, 0x73,
    0x2e, 0x68, 0x22, 0x0a, 0x23, 0x65, 0x6e, 0x64, 0x69, 0x66, 0x0a, 0x0a, 0x23, 0x69, 0x66, 0x6e,
    0x64, 0x65, 0x66, 0x20, 0x5f, 0x5f, 0x44, 0x58, 0x43, 0x5f, 0x56, 0x45, 0x52, 0x53, 0x49, 0x4f,
    0x4e, 0x5f, 0x4d, 0x41, 0x4a, 0x4f, 0x52, 0x0a, 0x2f, 0x2f, 0x20, 0x77, 0x61, 0x72, 0x6e, 0x69,
    0x6e, 0x67, 0x20, 0x58, 0x33, 0x35, 0x35, 0x37, 0x3a, 0x20, 0x6c, 0x6f, 0x6f, 0x70, 0x20, 0x64,
    0x6f, 0x65, 0x73, 0x6e, 0x27, 0x74, 0x20, 0x73, 0x65, 0x65, 0x6d, 0x20, 0x74, 0x6f, 0x20, 0x64,
    0x6f, 0x20, 0x61, 0x6e, 0x79, 0x74, 0x68, 0x69, 0x6e, 0x67, 0x2c, 0x20, 0x66, 0x6f, 0x72, 0x63,
    0x69, 0x6e, 0x67, 0x20, 0x6c, 0x6f, 0x6f, 0x70, 0x20, 0x74, 0x6f, 0x20, 0x75, 0x6e, 0x72, 0x6f,
    0x6c, 0x6c, 0x0a, 0x23, 0x70, 0x72, 0x61, 0x67, 0x6d, 0x61, 0x20, 0x77, 0x61, 0x72, 0x6e, 0x69,
    0x6e, 0x67, 0x28, 0x64, 0x69, 0x73, 0x61, 0x62, 0x6c, 0x65, 0x20, 0x3a, 0x20, 0x33, 0x35, 0x35,
    0x37, 0x29, 0x0a, 0x23, 0x65, 0x6e, 0x64, 0x69, 0x66, 0x0a, 0x0a, 0x0a, 0x23, 0x6c, 0x69, 0x6e,
    0x65, 0x20, 0x36, 0x20, 0x22, 0x72, 0x65, 0x73, 0x6f, 0x75, 0x72, 0x63, 0x65, 0x73, 0x2f, 0x53,
    0x68, 0x61, 0x64, 0x65, 0x72, 0x73, 0x2f, 0x53, 0x6f, 0x75, 0x72, 0x63, 0x65, 0x2f, 0x42, 0x6c,
    0x69, 0x74, 0x2e, 0x73, 0x6c, 0x61, 0x6e, 0x67, 0x22, 0x0a, 0x54, 0x65, 0x78, 0x74, 0x75, 0x72,
    0x65, 0x32, 0x44, 0x3c, 0x66, 0x6c, 0x6f, 0x61, 0x74, 0x34, 0x20, 0x3e, 0x20, 0x67, 0x54, 0x65,
    0x78, 0x74, 0x75, 0x72, 0x65, 0x32, 0x44, 0x5f, 0x30, 0x20, 0x3a, 0x20, 0x72, 0x65, 0x67, 0x69,
    0x73, 0x74, 0x65, 0x72, 0x28, 0x74, 0x30, 0x29, 0x3b, 0x0a, 0x0a, 0x0a, 0x23, 0x6c, 0x69, 0x6e,
    0x65, 0x20, 0x37, 0x0a, 0x53, 0x61, 0x6d, 0x70, 0x6c, 0x65, 0x72, 0x53, 0x74, 0x61, 0x74, 0x65,
    0x20, 0x67, 0x53, 0x61, 0x6d, 0x70, 0x6c, 0x65, 0x72, 0x5f, 0x30, 0x20, 0x3a, 0x20, 0x72, 0x65,
    0x67, 0x69, 0x73, 0x74, 0x65, 0x72, 0x28, 0x73, 0x30, 0x29, 0x3b, 0x0a, 0x0a, 0x0a, 0x23, 0x6c,
    0x69, 0x6e, 0x65, 0x20, 0x31, 0x0a, 0x73, 0x74, 0x72, 0x75, 0x63, 0x74, 0x20, 0x56, 0x65, 0x72,
    0x74, 0x65, 0x78, 0x4f, 0x75, 0x74, 0x70, 0x75, 0x74, 0x5f, 0x30, 0x0a, 0x7b, 0x0a, 0x20, 0x20,
    0x20, 0x20, 0x66, 0x6c, 0x6f, 0x61, 0x74, 0x34, 0x20, 0x70, 0x6f, 0x73, 0x69, 0x74, 0x69, 0x6f,
    0x6e, 0x5f, 0x30, 0x20, 0x3a, 0x20, 0x53, 0x56, 0x5f, 0x50, 0x6f, 0x73, 0x69, 0x74, 0x69, 0x6f,
    0x6e, 0x3b, 0x0a, 0x20, 0x20, 0x20, 0x20, 0x66, 0x6c, 0x6f, 0x61, 0x74, 0x32, 0x20, 0x75, 0x76,
    0x5f, 0x30, 0x20, 0x3a, 0x20, 0x54, 0x45, 0x58, 0x43, 0x4f, 0x4f, 0x52, 0x44, 0x30, 0x3b, 0x0a,
    0x7d, 0x3b, 0x0a, 0x0a, 0x0a, 0x23, 0x6c, 0x69, 0x6e, 0x65, 0x20, 0x33, 0x1b, 0xe2, 0x30, 0x01,
    0x80, 0x00, 0x00, 0x00, 0xe7, 0x45, 0x9e, 0xb3, 0x8d, 0x2f, 0xdc, 0x01, 0x01, 0x00, 0x00, 0x00,
    0x00, 0x00, 0x00, 0x00, 0x00, 0x00, 0x00, 0x00, 0x00, 0x00, 0x00, 0x00, 0x00, 0x00, 0x00, 0x00,
    0x00, 0x00, 0x00, 0x00, 0x00, 0x00, 0x00, 0x00, 0x00, 0x00, 0x00, 0x00, 0x00, 0x00, 0x00, 0x00,
    0x00, 0x00, 0x00, 0x00, 0x00, 0x00, 0x00, 0x00, 0x00, 0x00, 0x00, 0x00, 0x01, 0x00, 0x00, 0x00,
    0x02, 0x00, 0x00, 0x00, 0x01, 0x00, 0x00, 0x00, 0x02, 0x00, 0x00, 0x00, 0x00, 0x00, 0x00, 0x00,
    0x01, 0x00, 0x00, 0x00, 0x28, 0x00, 0x00, 0x00, 0x1b, 0xe2, 0x30, 0x01, 0xa3, 0x83, 0x53, 0x9f,
    0x96, 0x02, 0x00, 0x00, 0x01, 0x00, 0x00, 0x00, 0x01, 0x00, 0x00, 0x00, 0x01, 0x00, 0x00, 0x00,
    0x00, 0x00, 0x00, 0x00, 0x00, 0x00, 0x00, 0x00, 0x00, 0x00, 0x00, 0x00, 0x00, 0x00, 0x00, 0x00,
    0x00, 0x00, 0x00, 0x00, 0x00, 0x00, 0x00, 0x00, 0x00, 0x00, 0x00, 0x00, 0x00, 0x00, 0x00, 0x00,
    0x00, 0x00, 0x00, 0x00, 0x00, 0x00, 0x00, 0x00, 0x00, 0x00, 0x00, 0x00, 0x00, 0x00, 0x00, 0x00,
    0x00, 0x00, 0x00, 0x00, 0x00, 0x00, 0x00, 0x00, 0x00, 0x00, 0x00, 0x00, 0x00, 0x00, 0x00, 0x00,
    0x00, 0x00, 0x00, 0x00, 0x00, 0x00, 0x00, 0x00, 0x00, 0x00, 0x00, 0x00, 0x00, 0x00, 0x00, 0x00,
    0x00, 0x00, 0x00, 0x00, 0x00, 0x00, 0x00, 0x00, 0x00, 0x00, 0x00, 0x00, 0x00, 0x00, 0x00, 0x00,
    0x00, 0x00, 0x00, 0x00, 0x00, 0x00, 0x00, 0x00, 0x00, 0x00, 0x00, 0x00, 0x00, 0x00, 0x00, 0x00,
    0x00, 0x00, 0x00, 0x00, 0x00, 0x00, 0x00, 0x00, 0x00, 0x00, 0x00, 0x00, 0x00, 0x00, 0x00, 0x00,
    0x00, 0x00, 0x00, 0x00, 0x00, 0x00, 0x00, 0x00, 0x00, 0x00, 0x00, 0x00, 0x00, 0x00, 0x00, 0x00,
    0x00, 0x00, 0x00, 0x00, 0x00, 0x00, 0x00, 0x00, 0x00, 0x00, 0x00, 0x00, 0x00, 0x00, 0x00, 0x00,
    0x00, 0x00, 0x00, 0x00, 0x00, 0x00, 0x00, 0x00, 0x00, 0x00, 0x00, 0x00, 0x00, 0x00, 0x00, 0x00,
    0x00, 0x00, 0x00, 0x00, 0x00, 0x00, 0x00, 0x00, 0x00, 0x00, 0x00, 0x00, 0x00, 0x00, 0x00, 0x00,
    0x00, 0x00, 0x00, 0x00, 0x00, 0x00, 0x00, 0x00, 0x00, 0x00, 0x00, 0x00, 0x00, 0x00, 0x00, 0x00,
    0x00, 0x00, 0x00, 0x00, 0x00, 0x00, 0x00, 0x00, 0x00, 0x00, 0x00, 0x00, 0x00, 0x00, 0x00, 0x00,
    0x00, 0x00, 0x00, 0x00, 0x00, 0x00, 0x00, 0x00, 0x00, 0x00, 0x00, 0x00, 0x00, 0x00, 0x00, 0x00,
    0x00, 0x00, 0x00, 0x00, 0x00, 0x00, 0x00, 0x00, 0x00, 0x00, 0x00, 0x00, 0x00, 0x00, 0x00, 0x00,
    0x00, 0x00, 0x00, 0x00, 0x00, 0x00, 0x00, 0x00, 0x00, 0x00, 0x00, 0x00, 0x00, 0x00, 0x00, 0x00,
    0x00, 0x00, 0x00, 0x00, 0x00, 0x00, 0x00, 0x00, 0x00, 0x00, 0x00, 0x00, 0x00, 0x00, 0x00, 0x00,
    0x00, 0x00, 0x00, 0x00, 0x00, 0x00, 0x00, 0x00, 0x00, 0x00, 0x00, 0x00, 0x00, 0x00, 0x00, 0x00,
    0x00, 0x00, 0x00, 0x00, 0x00, 0x00, 0x00, 0x00, 0x00, 0x00, 0x00, 0x00, 0x00, 0x00, 0x00, 0x00,
    0x00, 0x00, 0x00, 0x00, 0x00, 0x00, 0x00, 0x00, 0x00, 0x00, 0x00, 0x00, 0x00, 0x00, 0x00, 0x00,
    0x00, 0x00, 0x00, 0x00, 0x00, 0x00, 0x00, 0x00, 0x00, 0x00, 0x00, 0x00, 0x00, 0x00, 0x00, 0x00,
    0x00, 0x00, 0x00, 0x00, 0x00, 0x00, 0x00, 0x00, 0x00, 0x00, 0x00, 0x00, 0x00, 0x00, 0x00, 0x00,
    0x00, 0x00, 0x00, 0x00, 0x00, 0x00, 0x00, 0x00, 0x00, 0x00, 0x00, 0x00, 0x00, 0x00, 0x00, 0x00,
    0x00, 0x00, 0x00, 0x00, 0x00, 0x00, 0x00, 0x00, 0x00, 0x00, 0x00, 0x00, 0x04, 0x00, 0x00, 0x00,
    0x42, 0x00, 0x3c, 0x11, 0x10, 0x01, 0x00, 0x00, 0x00, 0x01, 0x0a, 0x00, 0x01, 0x00, 0x34, 0x0e,
    0x61, 0x4a, 0x0a, 0x00, 0x01, 0x00, 0x34, 0x0e, 0x61, 0x4a, 0x4d, 0x69, 0x63, 0x72, 0x6f, 0x73,
    0x6f, 0x66, 0x74, 0x20, 0x28, 0x52, 0x29, 0x20, 0x48, 0x4c, 0x53, 0x4c, 0x20, 0x53, 0x68, 0x61,
    0x64, 0x65, 0x72, 0x20, 0x43, 0x6f, 0x6d, 0x70, 0x69, 0x6c, 0x65, 0x72, 0x20, 0x31, 0x30, 0x2e,
    0x31, 0x00, 0x00, 0x00, 0xb2, 0x00, 0x3d, 0x11, 0x01, 0x68, 0x6c, 0x73, 0x6c, 0x46, 0x6c, 0x61,
    0x67, 0x73, 0x00, 0x30, 0x78, 0x31, 0x30, 0x34, 0x38, 0x30, 0x31, 0x00, 0x68, 0x6c, 0x73, 0x6c,
    0x54, 0x61, 0x72, 0x67, 0x65, 0x74, 0x00, 0x70, 0x73, 0x5f, 0x35, 0x5f, 0x31, 0x00, 0x68, 0x6c,
    0x73, 0x6c, 0x45, 0x6e, 0x74, 0x72, 0x79, 0x00, 0x66, 0x72, 0x61, 0x67, 0x6d, 0x65, 0x6e, 0x74,
    0x4d, 0x61, 0x69, 0x6e, 0x00, 0x68, 0x6c, 0x73, 0x6c, 0x44, 0x65, 0x66, 0x69, 0x6e, 0x65, 0x73,
    0x00, 0x20, 0x2f, 0x44, 0x50, 0x59, 0x52, 0x4f, 0x5f, 0x53, 0x48, 0x41, 0x44, 0x45, 0x52, 0x5f,
    0x46, 0x4c, 0x41, 0x47, 0x5f, 0x52, 0x48, 0x49, 0x5f, 0x44, 0x33, 0x44, 0x31, 0x32, 0x3d, 0x31,
    0x20, 0x2f, 0x44, 0x70, 0x79, 0x72, 0x6f, 0x5f, 0x69, 0x6e, 0x74, 0x65, 0x72, 0x6e, 0x61, 0x6c,
    0x5f, 0x73, 0x68, 0x61, 0x64, 0x65, 0x72, 0x5f, 0x73, 0x74, 0x61, 0x67, 0x65, 0x5f, 0x76, 0x73,
    0x3d, 0x31, 0x20, 0x2f, 0x44, 0x70, 0x79, 0x72, 0x6f, 0x5f, 0x69, 0x6e, 0x74, 0x65, 0x72, 0x6e,
    0x61, 0x6c, 0x5f, 0x73, 0x68, 0x61, 0x64, 0x65, 0x72, 0x5f, 0x73, 0x74, 0x61, 0x67, 0x65, 0x5f,
    0x66, 0x73, 0x3d, 0x31, 0x00, 0x00, 0x00, 0x00, 0x32, 0x00, 0x10, 0x11, 0x00, 0x00, 0x00, 0x00,
    0x94, 0x02, 0x00, 0x00, 0x00, 0x00, 0x00, 0x00, 0x30, 0x00, 0x00, 0x00, 0x00, 0x00, 0x00, 0x00,
    0x30, 0x00, 0x00, 0x00, 0x06, 0x10, 0x00, 0x00, 0x58, 0x00, 0x00, 0x00, 0x01, 0x00, 0xa0, 0x66,
    0x72, 0x61, 0x67, 0x6d, 0x65, 0x6e, 0x74, 0x4d, 0x61, 0x69, 0x6e, 0x00, 0x2e, 0x00, 0x3e, 0x11,
    0x03, 0x10, 0x00, 0x00, 0x09, 0x00, 0x69, 0x6e, 0x70, 0x75, 0x74, 0x5f, 0x30, 0x00, 0x00, 0x00,
    0x00, 0x00, 0x00, 0x00, 0x00, 0x00, 0x00, 0x00, 0x00, 0x00, 0x00, 0x00, 0x00, 0x00, 0x00, 0x00,
    0x00, 0x00, 0x00, 0x00, 0x00, 0x00, 0x00, 0x00, 0x00, 0x00, 0x00, 0x00, 0x16, 0x00, 0x50, 0x11,
    0x01, 0x00, 0x05, 0x00, 0x00, 0x00, 0x04, 0x00, 0x58, 0x00, 0x00, 0x00, 0x01, 0x00, 0x30, 0x00,
    0x00, 0x00, 0x00, 0x00, 0x16, 0x00, 0x50, 0x11, 0x01, 0x00, 0x05, 0x00, 0x04, 0x00, 0x04, 0x00,
    0x58, 0x00, 0x00, 0x00, 0x01, 0x00, 0x30, 0x00, 0x04, 0x00, 0x00, 0x00, 0x16, 0x00, 0x50, 0x11,
    0x01, 0x00, 0x05, 0x00, 0x08, 0x00, 0x04, 0x00, 0x58, 0x00, 0x00, 0x00, 0x01, 0x00, 0x30, 0x00,
    0x08, 0x00, 0x00, 0x00, 0x16, 0x00, 0x50, 0x11, 0x01, 0x00, 0x05, 0x00, 0x0c, 0x00, 0x04, 0x00,
    0x58, 0x00, 0x00, 0x00, 0x01, 0x00, 0x30, 0x00, 0x0c, 0x00, 0x00, 0x00, 0x16, 0x00, 0x50, 0x11,
    0x01, 0x00, 0x05, 0x00, 0x10, 0x00, 0x04, 0x00, 0x58, 0x00, 0x00, 0x00, 0x01, 0x00, 0x30, 0x00,
    0x10, 0x00, 0x00, 0x00, 0x16, 0x00, 0x50, 0x11, 0x01, 0x00, 0x05, 0x00, 0x14, 0x00, 0x04, 0x00,
    0x58, 0x00, 0x00, 0x00, 0x01, 0x00, 0x30, 0x00, 0x14, 0x00, 0x00, 0x00, 0x42, 0x00, 0x3e, 0x11,
    0x05, 0x10, 0x00, 0x00, 0x88, 0x00, 0x3c, 0x66, 0x72, 0x61, 0x67, 0x6d, 0x65, 0x6e, 0x74, 0x4d,
    0x61, 0x69, 0x6e, 0x20, 0x72, 0x65, 0x74, 0x75, 0x72, 0x6e, 0x20, 0x76, 0x61, 0x6c, 0x75, 0x65,
    0x3e, 0x00, 0x00, 0x00, 0x00, 0x00, 0x00, 0x00, 0x00, 0x00, 0x00, 0x00, 0x00, 0x00, 0x00, 0x00,
    0x00, 0x00, 0x00, 0x00, 0x00, 0x00, 0x00, 0x00, 0x00, 0x00, 0x00, 0x00, 0x00, 0x00, 0x00, 0x00,
    0x16, 0x00, 0x50, 0x11, 0x02, 0x00, 0x05, 0x00, 0x00, 0x00, 0x04, 0x00, 0x58, 0x00, 0x00, 0x00,
    0x01, 0x00, 0x30, 0x00, 0x00, 0x00, 0x00, 0x00, 0x16, 0x00, 0x50, 0x11, 0x02, 0x00, 0x05, 0x00,
    0x04, 0x00, 0x04, 0x00, 0x58, 0x00, 0x00, 0x00, 0x01, 0x00, 0x30, 0x00, 0x04, 0x00, 0x00, 0x00,
    0x16, 0x00, 0x50, 0x11, 0x02, 0x00, 0x05, 0x00, 0x08, 0x00, 0x04, 0x00, 0x58, 0x00, 0x00, 0x00,
    0x01, 0x00, 0x30, 0x00, 0x08, 0x00, 0x00, 0x00, 0x16, 0x00, 0x50, 0x11, 0x02, 0x00, 0x05, 0x00,
    0x0c, 0x00, 0x04, 0x00, 0x58, 0x00, 0x00, 0x00, 0x01, 0x00, 0x30, 0x00, 0x0c, 0x00, 0x00, 0x00,
    0x02, 0x00, 0x06, 0x00, 0xf4, 0x00, 0x00, 0x00, 0x20, 0x00, 0x00, 0x00, 0x01, 0x00, 0x00, 0x00,
    0x10, 0x01, 0x67, 0x9e, 0x71, 0x51, 0xa5, 0x1c, 0x73, 0x8e, 0x3b, 0x69, 0x39, 0xb5, 0xd2, 0x87,
    0x6a, 0xf1, 0x00, 0x00, 0x99, 0x02, 0x00, 0x00, 0x00, 0x00, 0x00, 0x00, 0xf2, 0x00, 0x00, 0x00,
    0x48, 0x00, 0x00, 0x00, 0x00, 0x00, 0x00, 0x00, 0x01, 0x00, 0x01, 0x00, 0x88, 0x00, 0x00, 0x00,
    0x18, 0x00, 0x00, 0x00, 0x04, 0x00, 0x00, 0x00, 0x3c, 0x00, 0x00, 0x00, 0x58, 0x00, 0x00, 0x00,
    0x2a, 0x00, 0x00, 0x80, 0x58, 0x00, 0x00, 0x00, 0x2a, 0x00, 0x00, 0x00, 0x84, 0x00, 0x00, 0x00,
    0x2a, 0x00, 0x00, 0x80, 0x84, 0x00, 0x00, 0x00, 0x2a, 0x00, 0x00, 0x00, 0x05, 0x00, 0x35, 0x00,
    0x0c, 0x00, 0x34, 0x00, 0x05, 0x00, 0x35, 0x00, 0x05, 0x00, 0x35, 0x00, 0xf6, 0x00, 0x00, 0x00,
    0x04, 0x00, 0x00, 0x00, 0x00, 0x00, 0x00, 0x00, 0x0c, 0x00, 0x00, 0x00, 0x00, 0x00, 0x00, 0x00,
    0x1c, 0x00, 0x00, 0x00, 0x44, 0x00, 0x00, 0x00, 0x00, 0x00, 0x00, 0x00, 0x00, 0x00, 0x00, 0x00,
    0x00, 0x00, 0x00, 0x00, 0x00, 0x00, 0x00, 0x00, 0x00, 0x00, 0x00, 0x00, 0x00, 0x00, 0x00, 0x00,
    0x00, 0x00, 0x00, 0x00, 0x00, 0x00, 0x00, 0x00, 0x00, 0x00, 0x00, 0x00, 0x00, 0x00, 0x00, 0x00,
    0x00, 0x00, 0x00, 0x00, 0x00, 0x00, 0x00, 0x00, 0x00, 0x00, 0x00, 0x00, 0x00, 0x00, 0x00, 0x00,
    0x00, 0x00, 0x00, 0x00, 0x00, 0x00, 0x00, 0x00, 0x00, 0x00, 0x00, 0x00, 0x00, 0x00, 0x00, 0x00,
    0x00, 0x00, 0x00, 0x00, 0x00, 0x00, 0x00, 0x00, 0x00, 0x00, 0x00, 0x00, 0x00, 0x00, 0x00, 0x00,
    0x00, 0x00, 0x00, 0x00, 0x00, 0x00, 0x00, 0x00, 0x00, 0x00, 0x00, 0x00, 0x00, 0x00, 0x00, 0x00,
    0x00, 0x00, 0x00, 0x00, 0x00, 0x00, 0x00, 0x00, 0x00, 0x00, 0x00, 0x00, 0x00, 0x00, 0x00, 0x00,
    0x00, 0x00, 0x00, 0x00, 0x00, 0x00, 0x00, 0x00, 0x00, 0x00, 0x00, 0x00, 0x00, 0x00, 0x00, 0x00,
    0x00, 0x00, 0x00, 0x00, 0x00, 0x00, 0x00, 0x00, 0x00, 0x00, 0x00, 0x00, 0x00, 0x00, 0x00, 0x00,
    0x00, 0x00, 0x00, 0x00, 0x00, 0x00, 0x00, 0x00, 0x00, 0x00, 0x00, 0x00, 0x00, 0x00, 0x00, 0x00,
    0x00, 0x00, 0x00, 0x00, 0x00, 0x00, 0x00, 0x00, 0x00, 0x00, 0x00, 0x00, 0x00, 0x00, 0x00, 0x00,
    0x00, 0x00, 0x00, 0x00, 0x00, 0x00, 0x00, 0x00, 0x00, 0x00, 0x00, 0x00, 0x00, 0x00, 0x00, 0x00,
    0x00, 0x00, 0x00, 0x00, 0x00, 0x00, 0x00, 0x00, 0x00, 0x00, 0x00, 0x00, 0x0b, 0xca, 0x31, 0x01,
    0x38, 0x00, 0x00, 0x00, 0x00, 0x10, 0x00, 0x00, 0x0d, 0x10, 0x00, 0x00, 0xfc, 0x00, 0x00, 0x00,
    0x0a, 0x00, 0xff, 0xff, 0x04, 0x00, 0x00, 0x00, 0xff, 0xff, 0x03, 0x00, 0x00, 0x00, 0x00, 0x00,
    0x34, 0x00, 0x00, 0x00, 0x34, 0x00, 0x00, 0x00, 0x08, 0x00, 0x00, 0x00, 0x3c, 0x00, 0x00, 0x00,
    0x00, 0x00, 0x00, 0x00, 0x16, 0x00, 0x1b, 0x15, 0x40, 0x00, 0x00, 0x00, 0x04, 0x00, 0x00, 0x00,
    0x10, 0x00, 0x66, 0x6c, 0x6f, 0x61, 0x74, 0x34, 0x00, 0xf3, 0xf2, 0xf1, 0x16, 0x00, 0x1b, 0x15,
    0x40, 0x00, 0x00, 0x00, 0x02, 0x00, 0x00, 0x00, 0x08, 0x00, 0x66, 0x6c, 0x6f, 0x61, 0x74, 0x32,
    0x00, 0xf3, 0xf2, 0xf1, 0x2a, 0x00, 0x03, 0x12, 0x0d, 0x15, 0x03, 0x00, 0x00, 0x10, 0x00, 0x00,
    0x00, 0x00, 0x70, 0x6f, 0x73, 0x69, 0x74, 0x69, 0x6f, 0x6e, 0x5f, 0x30, 0x00, 0xf3, 0xf2, 0xf1,
    0x0d, 0x15, 0x03, 0x00, 0x01, 0x10, 0x00, 0x00, 0x10, 0x00, 0x75, 0x76, 0x5f, 0x30, 0x00, 0xf1,
    0x26, 0x00, 0x05, 0x15, 0x02, 0x00, 0x00, 0x00, 0x02, 0x10, 0x00, 0x00, 0x00, 0x00, 0x00, 0x00,
    0x00, 0x00, 0x00, 0x00, 0x18, 0x00, 0x56, 0x65, 0x72, 0x74, 0x65, 0x78, 0x4f, 0x75, 0x74, 0x70,
    0x75, 0x74, 0x5f, 0x30, 0x00, 0xf3, 0xf2, 0xf1, 0x0a, 0x00, 0x01, 0x12, 0x01, 0x00, 0x00, 0x00,
    0x03, 0x10, 0x00, 0x00, 0x0a, 0x00, 0x18, 0x15, 0x00, 0x10, 0x00, 0x00, 0x01, 0x00, 0x01, 0x00,
    0x0e, 0x00, 0x08, 0x10, 0x05, 0x10, 0x00, 0x00, 0x17, 0x00, 0x01, 0x00, 0x04, 0x10, 0x00, 0x00,
    0x0e, 0x00, 0x17, 0x15, 0x00, 0x10, 0x00, 0x00, 0x03, 0x02, 0x50, 0x72, 0x00, 0x00, 0xf2, 0xf1,
    0x0a, 0x00, 0x18, 0x15, 0x07, 0x10, 0x00, 0x00, 0x01, 0x00, 0x01, 0x00, 0x0a, 0x00, 0x18, 0x15,
    0x08, 0x10, 0x00, 0x00, 0x01, 0x00, 0x00, 0x02, 0x0e, 0x00, 0x17, 0x15, 0x00, 0x00, 0x00, 0x00,
    0x0a, 0x02, 0x50, 0x72, 0x00, 0x00, 0xf2, 0xf1, 0x0a, 0x00, 0x18, 0x15, 0x0a, 0x10, 0x00, 0x00,
    0x01, 0x00, 0x01, 0x00, 0x0a, 0x00, 0x18, 0x15, 0x0b, 0x10, 0x00, 0x00, 0x01, 0x00, 0x00, 0x02,
    0x00, 0x00, 0x00, 0x00, 0x00, 0x00, 0x00, 0x00, 0x00, 0x00, 0x00, 0x00, 0x00, 0x00, 0x00, 0x00,
    0x00, 0x00, 0x00, 0x00, 0x00, 0x00, 0x00, 0x00, 0x00, 0x00, 0x00, 0x00, 0x00, 0x00, 0x00, 0x00,
    0x00, 0x00, 0x00, 0x00, 0x00, 0x00, 0x00, 0x00, 0x00, 0x00, 0x00, 0x00, 0x00, 0x00, 0x00, 0x00,
    0x00, 0x00, 0x00, 0x00, 0x00, 0x00, 0x00, 0x00, 0x00, 0x00, 0x00, 0x00, 0x00, 0x00, 0x00, 0x00,
    0x00, 0x00, 0x00, 0x00, 0x00, 0x00, 0x00, 0x00, 0x00, 0x00, 0x00, 0x00, 0x00, 0x00, 0x00, 0x00,
    0x00, 0x00, 0x00, 0x00, 0x00, 0x00, 0x00, 0x00, 0x00, 0x00, 0x00, 0x00, 0x00, 0x00, 0x00, 0x00,
    0x00, 0x00, 0x00, 0x00, 0x00, 0x00, 0x00, 0x00, 0x00, 0x00, 0x00, 0x00, 0x00, 0x00, 0x00, 0x00,
    0x00, 0x00, 0x00, 0x00, 0x00, 0x00, 0x00, 0x00, 0x00, 0x00, 0x00, 0x00, 0x00, 0x00, 0x00, 0x00,
    0x00, 0x00, 0x00, 0x00, 0x00, 0x00, 0x00, 0x00, 0x00, 0x00, 0x00, 0x00, 0x00, 0x00, 0x00, 0x00,
    0x00, 0x00, 0x00, 0x00, 0x00, 0x00, 0x00, 0x00, 0x00, 0x00, 0x00, 0x00, 0x00, 0x00, 0x00, 0x00,
    0x00, 0x00, 0x00, 0x00, 0x00, 0x00, 0x00, 0x00, 0x00, 0x00, 0x00, 0x00, 0x00, 0x00, 0x00, 0x00,
    0x00, 0x00, 0x00, 0x00, 0x00, 0x00, 0x00, 0x00, 0x00, 0x00, 0x00, 0x00, 0x00, 0x00, 0x00, 0x00,
    0x00, 0x00, 0x00, 0x00, 0x00, 0x00, 0x00, 0x00, 0x00, 0x00, 0x00, 0x00, 0x0b, 0xca, 0x31, 0x01,
    0x38, 0x00, 0x00, 0x00, 0x00, 0x10, 0x00, 0x00, 0x00, 0x10, 0x00, 0x00, 0x00, 0x00, 0x00, 0x00,
    0x0b, 0x00, 0xff, 0xff, 0x04, 0x00, 0x00, 0x00, 0xff, 0xff, 0x03, 0x00, 0x00, 0x00, 0x00, 0x00,
    0x00, 0x00, 0x00, 0x00, 0x00, 0x00, 0x00, 0x00, 0x00, 0x00, 0x00, 0x00, 0x00, 0x00, 0x00, 0x00,
    0x00, 0x00, 0x00, 0x00, 0x00, 0x00, 0x00, 0x00, 0x00, 0x00, 0x00, 0x00, 0x00, 0x00, 0x00, 0x00,
    0x00, 0x00, 0x00, 0x00, 0x00, 0x00, 0x00, 0x00, 0x00, 0x00, 0x00, 0x00, 0x00, 0x00, 0x00, 0x00,
    0x00, 0x00, 0x00, 0x00, 0x00, 0x00, 0x00, 0x00, 0x00, 0x00, 0x00, 0x00, 0x00, 0x00, 0x00, 0x00,
    0x00, 0x00, 0x00, 0x00, 0x00, 0x00, 0x00, 0x00, 0x00, 0x00, 0x00, 0x00, 0x00, 0x00, 0x00, 0x00,
    0x00, 0x00, 0x00, 0x00, 0x00, 0x00, 0x00, 0x00, 0x00, 0x00, 0x00, 0x00, 0x00, 0x00, 0x00, 0x00,
    0x00, 0x00, 0x00, 0x00, 0x00, 0x00, 0x00, 0x00, 0x00, 0x00, 0x00, 0x00, 0x00, 0x00, 0x00, 0x00,
    0x00, 0x00, 0x00, 0x00, 0x00, 0x00, 0x00, 0x00, 0x00, 0x00, 0x00, 0x00, 0x00, 0x00, 0x00, 0x00,
    0x00, 0x00, 0x00, 0x00, 0x00, 0x00, 0x00, 0x00, 0x00, 0x00, 0x00, 0x00, 0x00, 0x00, 0x00, 0x00,
    0x00, 0x00, 0x00, 0x00, 0x00, 0x00, 0x00, 0x00, 0x00, 0x00, 0x00, 0x00, 0x00, 0x00, 0x00, 0x00,
    0x00, 0x00, 0x00, 0x00, 0x00, 0x00, 0x00, 0x00, 0x00, 0x00, 0x00, 0x00, 0x00, 0x00, 0x00, 0x00,
    0x00, 0x00, 0x00, 0x00, 0x00, 0x00, 0x00, 0x00, 0x00, 0x00, 0x00, 0x00, 0x00, 0x00, 0x00, 0x00,
    0x00, 0x00, 0x00, 0x00, 0x00, 0x00, 0x00, 0x00, 0x00, 0x00, 0x00, 0x00, 0x00, 0x00, 0x00, 0x00,
    0x00, 0x00, 0x00, 0x00, 0x00, 0x00, 0x00, 0x00, 0x00, 0x00, 0x00, 0x00, 0x00, 0x00, 0x00, 0x00,
    0x00, 0x00, 0x00, 0x00, 0x00, 0x00, 0x00, 0x00, 0x00, 0x00, 0x00, 0x00, 0x00, 0x00, 0x00, 0x00,
    0x00, 0x00, 0x00, 0x00, 0x00, 0x00, 0x00, 0x00, 0x00, 0x00, 0x00, 0x00, 0x00, 0x00, 0x00, 0x00,
    0x00, 0x00, 0x00, 0x00, 0x00, 0x00, 0x00, 0x00, 0x00, 0x00, 0x00, 0x00, 0x00, 0x00, 0x00, 0x00,
    0x00, 0x00, 0x00, 0x00, 0x00, 0x00, 0x00, 0x00, 0x00, 0x00, 0x00, 0x00, 0x00, 0x00, 0x00, 0x00,
    0x00, 0x00, 0x00, 0x00, 0x00, 0x00, 0x00, 0x00, 0x00, 0x00, 0x00, 0x00, 0x00, 0x00, 0x00, 0x00,
    0x00, 0x00, 0x00, 0x00, 0x00, 0x00, 0x00, 0x00, 0x00, 0x00, 0x00, 0x00, 0x00, 0x00, 0x00, 0x00,
    0x00, 0x00, 0x00, 0x00, 0x00, 0x00, 0x00, 0x00, 0x00, 0x00, 0x00, 0x00, 0x00, 0x00, 0x00, 0x00,
    0x00, 0x00, 0x00, 0x00, 0x00, 0x00, 0x00, 0x00, 0x00, 0x00, 0x00, 0x00, 0x00, 0x00, 0x00, 0x00,
    0x00, 0x00, 0x00, 0x00, 0x00, 0x00, 0x00, 0x00, 0x00, 0x00, 0x00, 0x00, 0x00, 0x00, 0x00, 0x00,
    0x00, 0x00, 0x00, 0x00, 0x00, 0x00, 0x00, 0x00, 0x00, 0x00, 0x00, 0x00, 0x00, 0x00, 0x00, 0x00,
    0x00, 0x00, 0x00, 0x00, 0x00, 0x00, 0x00, 0x00, 0x00, 0x00, 0x00, 0x00, 0x00, 0x00, 0x00, 0x00,
    0x00, 0x00, 0x00, 0x00, 0x00, 0x00, 0x00, 0x00, 0x00, 0x00, 0x00, 0x00, 0x00, 0x00, 0x00, 0x00,
    0x00, 0x00, 0x00, 0x00, 0x00, 0x00, 0x00, 0x00, 0x00, 0x00, 0x00, 0x00, 0x00, 0x00, 0x00, 0x00,
    0x00, 0x00, 0x00, 0x00, 0x00, 0x00, 0x00, 0x00, 0x00, 0x00, 0x00, 0x00, 0x00, 0x00, 0x00, 0x00,
    0x00, 0x00, 0x00, 0x00, 0x00, 0x00, 0x00, 0x00, 0x00, 0x00, 0x00, 0x00, 0x00, 0x00, 0x00, 0x00,
    0x00, 0x00, 0x00, 0x00, 0x00, 0x00, 0x00, 0x00, 0x00, 0x00, 0x00, 0x00, 0x44, 0x33, 0x44, 0x53,
    0x48, 0x44, 0x52, 0x00, 0x88, 0x00, 0x00, 0x00, 0x00, 0x00, 0x00, 0x00, 0x00, 0x00, 0x00, 0x00,
    0x00, 0x00, 0x00, 0x00, 0x00, 0x00, 0x00, 0x00, 0x00, 0x00, 0x00, 0x00, 0x00, 0x00, 0x00, 0x00,
    0x20, 0x00, 0x00, 0x60, 0x00, 0x00, 0x00, 0x00, 0x00, 0x00, 0x00, 0x00, 0x00, 0x00, 0x00, 0x00,
    0x00, 0x00, 0x00, 0x00, 0x00, 0x00, 0x00, 0x00, 0x00, 0x00, 0x00, 0x00, 0x00, 0x00, 0x00, 0x00,
    0x00, 0x00, 0x00, 0x00, 0x00, 0x00, 0x00, 0x00, 0x00, 0x00, 0x00, 0x00, 0x00, 0x00, 0x00, 0x00,
    0x00, 0x00, 0x00, 0x00, 0x00, 0x00, 0x00, 0x00, 0x00, 0x00, 0x00, 0x00, 0x00, 0x00, 0x00, 0x00,
    0x00, 0x00, 0x00, 0x00, 0x00, 0x00, 0x00, 0x00, 0x00, 0x00, 0x00, 0x00, 0x00, 0x00, 0x00, 0x00,
    0x00, 0x00, 0x00, 0x00, 0x00, 0x00, 0x00, 0x00, 0x00, 0x00, 0x00, 0x00, 0x00, 0x00, 0x00, 0x00,
    0x00, 0x00, 0x00, 0x00, 0x00, 0x00, 0x00, 0x00, 0x00, 0x00, 0x00, 0x00, 0x00, 0x00, 0x00, 0x00,
    0x00, 0x00, 0x00, 0x00, 0x00, 0x00, 0x00, 0x00, 0x00, 0x00, 0x00, 0x00, 0x00, 0x00, 0x00, 0x00,
    0x00, 0x00, 0x00, 0x00, 0x00, 0x00, 0x00, 0x00, 0x00, 0x00, 0x00, 0x00, 0x00, 0x00, 0x00, 0x00,
    0x00, 0x00, 0x00, 0x00, 0x00, 0x00, 0x00, 0x00, 0x00, 0x00, 0x00, 0x00, 0x00, 0x00, 0x00, 0x00,
    0x00, 0x00, 0x00, 0x00, 0x00, 0x00, 0x00, 0x00, 0x00, 0x00, 0x00, 0x00, 0x00, 0x00, 0x00, 0x00,
    0x00, 0x00, 0x00, 0x00, 0x00, 0x00, 0x00, 0x00, 0x00, 0x00, 0x00, 0x00, 0x00, 0x00, 0x00, 0x00,
    0x00, 0x00, 0x00, 0x00, 0x00, 0x00, 0x00, 0x00, 0x00, 0x00, 0x00, 0x00, 0x00, 0x00, 0x00, 0x00,
    0x00, 0x00, 0x00, 0x00, 0x00, 0x00, 0x00, 0x00, 0x00, 0x00, 0x00, 0x00, 0x00, 0x00, 0x00, 0x00,
    0x00, 0x00, 0x00, 0x00, 0x00, 0x00, 0x00, 0x00, 0x00, 0x00, 0x00, 0x00, 0x00, 0x00, 0x00, 0x00,
    0x00, 0x00, 0x00, 0x00, 0x00, 0x00, 0x00, 0x00, 0x00, 0x00, 0x00, 0x00, 0x00, 0x00, 0x00, 0x00,
    0x00, 0x00, 0x00, 0x00, 0x00, 0x00, 0x00, 0x00, 0x00, 0x00, 0x00, 0x00, 0x00, 0x00, 0x00, 0x00,
    0x00, 0x00, 0x00, 0x00, 0x00, 0x00, 0x00, 0x00, 0x00, 0x00, 0x00, 0x00, 0x00, 0x00, 0x00, 0x00,
    0x00, 0x00, 0x00, 0x00, 0x00, 0x00, 0x00, 0x00, 0x00, 0x00, 0x00, 0x00, 0x00, 0x00, 0x00, 0x00,
    0x00, 0x00, 0x00, 0x00, 0x00, 0x00, 0x00, 0x00, 0x00, 0x00, 0x00, 0x00, 0x00, 0x00, 0x00, 0x00,
    0x00, 0x00, 0x00, 0x00, 0x00, 0x00, 0x00, 0x00, 0x00, 0x00, 0x00, 0x00, 0x00, 0x00, 0x00, 0x00,
    0x00, 0x00, 0x00, 0x00, 0x00, 0x00, 0x00, 0x00, 0x00, 0x00, 0x00, 0x00, 0x00, 0x00, 0x00, 0x00,
    0x00, 0x00, 0x00, 0x00, 0x00, 0x00, 0x00, 0x00, 0x00, 0x00, 0x00, 0x00, 0x00, 0x00, 0x00, 0x00,
    0x00, 0x00, 0x00, 0x00, 0x00, 0x00, 0x00, 0x00, 0x00, 0x00, 0x00, 0x00, 0x00, 0x00, 0x00, 0x00,
    0x00, 0x00, 0x00, 0x00, 0x00, 0x00, 0x00, 0x00, 0x00, 0x00, 0x00, 0x00, 0x00, 0x00, 0x00, 0x00,
    0x00, 0x00, 0x00, 0x00, 0x00, 0x00, 0x00, 0x00, 0x00, 0x00, 0x00, 0x00, 0x00, 0x00, 0x00, 0x00,
    0x00, 0x00, 0x00, 0x00, 0x00, 0x00, 0x00, 0x00, 0x00, 0x00, 0x00, 0x00, 0x00, 0x00, 0x00, 0x00,
    0x00, 0x00, 0x00, 0x00, 0x00, 0x00, 0x00, 0x00, 0x00, 0x00, 0x00, 0x00, 0x00, 0x00, 0x00, 0x00,
    0x00, 0x00, 0x00, 0x00, 0x00, 0x00, 0x00, 0x00, 0x00, 0x00, 0x00, 0x00, 0x00, 0x00, 0x00, 0x00,
    0x00, 0x00, 0x00, 0x00, 0x00, 0x00, 0x00, 0x00, 0x00, 0x00, 0x00, 0x00, 0xff, 0xff, 0xff, 0xff,
    0x1a, 0x09, 0x2f, 0xf1, 0x18, 0x00, 0x00, 0x00, 0x10, 0x02, 0x00, 0x00, 0x45, 0x00, 0x00, 0x00,
    0x01, 0x00, 0x00, 0x00, 0x1d, 0x00, 0x00, 0x00, 0x01, 0x00, 0x00, 0x00, 0x01, 0x00, 0x00, 0x00,
    0x01, 0x00, 0x00, 0x00, 0x00, 0x00, 0x00, 0x00, 0x00, 0x00, 0x00, 0x00, 0x00, 0x00, 0x00, 0x00,
    0x00, 0x00, 0x00, 0x00, 0x00, 0x00, 0x00, 0x00, 0x00, 0x00, 0x00, 0x00, 0x00, 0x00, 0x00, 0x00,
    0x00, 0x00, 0x00, 0x00, 0x00, 0x00, 0x00, 0x00, 0x00, 0x00, 0x00, 0x00, 0x00, 0x00, 0x00, 0x00,
    0x00, 0x00, 0x00, 0x00, 0x00, 0x00, 0x00, 0x00, 0x00, 0x00, 0x00, 0x00, 0x00, 0x00, 0x00, 0x00,
    0x00, 0x00, 0x00, 0x00, 0x00, 0x00, 0x00, 0x00, 0x00, 0x00, 0x00, 0x00, 0x00, 0x00, 0x00, 0x00,
    0x00, 0x00, 0x00, 0x00, 0x00, 0x00, 0x00, 0x00, 0x00, 0x00, 0x00, 0x00, 0x00, 0x00, 0x00, 0x00,
    0x00, 0x00, 0x00, 0x00, 0x00, 0x00, 0x00, 0x00, 0x00, 0x00, 0x00, 0x00, 0x00, 0x00, 0x00, 0x00,
    0x00, 0x00, 0x00, 0x00, 0x00, 0x00, 0x00, 0x00, 0x00, 0x00, 0x00, 0x00, 0x00, 0x00, 0x00, 0x00,
    0x00, 0x00, 0x00, 0x00, 0x00, 0x00, 0x00, 0x00, 0x00, 0x00, 0x00, 0x00, 0x00, 0x00, 0x00, 0x00,
    0x00, 0x00, 0x00, 0x00, 0x00, 0x00, 0x00, 0x00, 0x00, 0x00, 0x00, 0x00, 0x00, 0x40, 0x00, 0x00,
    0x00, 0x00, 0x00, 0x00, 0x00, 0x00, 0x00, 0x00, 0x00, 0x00, 0x00, 0x00, 0x01, 0x00, 0x00, 0x00,
    0x00, 0x00, 0x00, 0x00, 0x00, 0x00, 0x00, 0x00, 0x00, 0x00, 0x00, 0x00, 0x00, 0x00, 0x00, 0x00,
    0x00, 0x00, 0x00, 0x00, 0x00, 0x00, 0x00, 0x00, 0x00, 0x00, 0x00, 0x00, 0x00, 0x00, 0x00, 0x00,
    0x00, 0x00, 0x00, 0x00, 0x00, 0x00, 0x00, 0x00, 0x00, 0x00, 0x00, 0x00, 0x00, 0x00, 0x00, 0x00,
    0x00, 0x00, 0x00, 0x00, 0x00, 0x00, 0x00, 0x00, 0x00, 0x00, 0x00, 0x00, 0x00, 0x00, 0x00, 0x00,
    0x00, 0x00, 0x00, 0x00, 0x00, 0x00, 0x00, 0x00, 0x00, 0x00, 0x00, 0x00, 0x02, 0x00, 0x00, 0x00,
    0x00, 0x00, 0x00, 0x00, 0x00, 0x00, 0x00, 0x00, 0x00, 0x00, 0x00, 0x00, 0x00, 0x00, 0x00, 0x00,
    0x00, 0x00, 0x00, 0x00, 0x00, 0x00, 0x00, 0x00, 0x00, 0x00, 0x00, 0x00, 0x00, 0x00, 0x00, 0x00,
    0x00, 0x00, 0x00, 0x00, 0x00, 0x00, 0x00, 0x00, 0x00, 0x00, 0x00, 0x00, 0x00, 0x00, 0x00, 0x00,
    0x00, 0x00, 0x00, 0x00, 0x00, 0x00, 0x00, 0x00, 0x00, 0x00, 0x00, 0x00, 0x00, 0x00, 0x00, 0x00,
    0x00, 0x00, 0x00, 0x00, 0x00, 0x00, 0x00, 0x00, 0x00, 0x00, 0x00, 0x00, 0x00, 0x00, 0x00, 0x00,
    0x00, 0x00, 0x00, 0x00, 0x00, 0x00, 0x00, 0x00, 0x00, 0x00, 0x00, 0x00, 0x00, 0x00, 0x00, 0x00,
    0x00, 0x00, 0x00, 0x00, 0x00, 0x00, 0x00, 0x00, 0x00, 0x00, 0x00, 0x00, 0x00, 0x00, 0x00, 0x00,
    0x00, 0x00, 0x00, 0x00, 0x00, 0x00, 0x00, 0x00, 0x00, 0x00, 0x00, 0x00, 0x00, 0x00, 0x00, 0x00,
    0x00, 0x00, 0x00, 0x00, 0x00, 0x00, 0x00, 0x00, 0x00, 0x00, 0x00, 0x00, 0x00, 0x00, 0x00, 0x00,
    0x00, 0x00, 0x00, 0x00, 0x00, 0x00, 0x00, 0x00, 0x00, 0x00, 0x00, 0x00, 0x00, 0x00, 0x00, 0x00,
    0x00, 0x00, 0x00, 0x00, 0x00, 0x00, 0x00, 0x00, 0x00, 0x00, 0x00, 0x00, 0x00, 0x00, 0x00, 0x00,
    0x00, 0x00, 0x00, 0x00, 0x00, 0x00, 0x00, 0x00, 0x00, 0x00, 0x00, 0x00, 0x00, 0x00, 0x00, 0x00,
    0x00, 0x00, 0x00, 0x00, 0x00, 0x00, 0x00, 0x00, 0x00, 0x00, 0x00, 0x00, 0x00, 0x00, 0x00, 0x00,
    0x00, 0x00, 0x00, 0x00, 0x00, 0x00, 0x00, 0x00, 0x00, 0x00, 0x00, 0x00, 0x00, 0x00, 0x00, 0x00,
    0x00, 0x00, 0x00, 0x00, 0x00, 0x00, 0x00, 0x00, 0x00, 0x00, 0x00, 0x00, 0x00, 0x00, 0x00, 0x00,
    0x00, 0x00, 0x00, 0x00, 0x00, 0x00, 0x00, 0x00, 0x00, 0x00, 0x00, 0x00, 0x00, 0x00, 0x00, 0x00,
    0x00, 0x00, 0x00, 0x00, 0x00, 0x00, 0x00, 0x00, 0x00, 0x00, 0x00, 0x00, 0x0c, 0x00, 0x00, 0x00,
    0x18, 0x00, 0x00, 0x00, 0x00, 0x00, 0x00, 0x00, 0x00, 0x00, 0x00, 0x00, 0x00, 0x00, 0x00, 0x00,
    0x00, 0x00, 0x00, 0x00, 0x00, 0x00, 0x00, 0x00, 0x00, 0x00, 0x00, 0x00, 0x00, 0x00, 0x00, 0x00,
    0x00, 0x00, 0x00, 0x00, 0x00, 0x00, 0x00, 0x00, 0x00, 0x00, 0x00, 0x00, 0x00, 0x00, 0x00, 0x00,
    0x00, 0x00, 0x00, 0x00, 0x00, 0x00, 0x00, 0x00, 0x00, 0x00, 0x00, 0x00, 0x00, 0x00, 0x00, 0x00,
    0x00, 0x00, 0x00, 0x00, 0x00, 0x00, 0x00, 0x00, 0x00, 0x00, 0x00, 0x00, 0x00, 0x00, 0x00, 0x00,
    0x00, 0x00, 0x00, 0x00, 0x00, 0x00, 0x00, 0x00, 0x00, 0x00, 0x00, 0x00, 0x00, 0x00, 0x00, 0x00,
    0x00, 0x00, 0x00, 0x00, 0x00, 0x00, 0x00, 0x00, 0x00, 0x00, 0x00, 0x00, 0x00, 0x00, 0x00, 0x00,
    0x00, 0x00, 0x00, 0x00, 0x00, 0x00, 0x00, 0x00, 0x00, 0x00, 0x00, 0x00, 0x00, 0x00, 0x00, 0x00,
    0x00, 0x00, 0x00, 0x00, 0x00, 0x00, 0x00, 0x00, 0x00, 0x00, 0x00, 0x00, 0x00, 0x00, 0x00, 0x00,
    0x00, 0x00, 0x00, 0x00, 0x00, 0x00, 0x00, 0x00, 0x00, 0x00, 0x00, 0x00, 0x00, 0x00, 0x00, 0x00,
    0x00, 0x00, 0x00, 0x00, 0x00, 0x00, 0x00, 0x00, 0x00, 0x00, 0x00, 0x00, 0x00, 0x00, 0x00, 0x00,
    0x00, 0x00, 0x00, 0x00, 0x00, 0x00, 0x00, 0x00, 0x00, 0x00, 0x00, 0x00, 0x00, 0x00, 0x00, 0x00,
    0x00, 0x00, 0x00, 0x00, 0x00, 0x00, 0x00, 0x00, 0x00, 0x00, 0x00, 0x00, 0x00, 0x00, 0x00, 0x00,
    0x00, 0x00, 0x00, 0x00, 0x00, 0x00, 0x00, 0x00, 0x00, 0x00, 0x00, 0x00, 0x00, 0x00, 0x00, 0x00,
    0x00, 0x00, 0x00, 0x00, 0x00, 0x00, 0x00, 0x00, 0x00, 0x00, 0x00, 0x00, 0x00, 0x00, 0x00, 0x00,
    0x00, 0x00, 0x00, 0x00, 0x00, 0x00, 0x00, 0x00, 0x00, 0x00, 0x00, 0x00, 0x00, 0x00, 0x00, 0x00,
    0x00, 0x00, 0x00, 0x00, 0x00, 0x00, 0x00, 0x00, 0x00, 0x00, 0x00, 0x00, 0x00, 0x00, 0x00, 0x00,
    0x00, 0x00, 0x00, 0x00, 0x00, 0x00, 0x00, 0x00, 0x00, 0x00, 0x00, 0x00, 0x00, 0x00, 0x00, 0x00,
    0x00, 0x00, 0x00, 0x00, 0x00, 0x00, 0x00, 0x00, 0x00, 0x00, 0x00, 0x00, 0x00, 0x00, 0x00, 0x00,
    0x00, 0x00, 0x00, 0x00, 0x00, 0x00, 0x00, 0x00, 0x00, 0x00, 0x00, 0x00, 0x00, 0x00, 0x00, 0x00,
    0x00, 0x00, 0x00, 0x00, 0x00, 0x00, 0x00, 0x00, 0x00, 0x00, 0x00, 0x00, 0x00, 0x00, 0x00, 0x00,
    0x00, 0x00, 0x00, 0x00, 0x00, 0x00, 0x00, 0x00, 0x00, 0x00, 0x00, 0x00, 0x00, 0x00, 0x00, 0x00,
    0x00, 0x00, 0x00, 0x00, 0x00, 0x00, 0x00, 0x00, 0x00, 0x00, 0x00, 0x00, 0x00, 0x00, 0x00, 0x00,
    0x00, 0x00, 0x00, 0x00, 0x00, 0x00, 0x00, 0x00, 0x00, 0x00, 0x00, 0x00, 0x00, 0x00, 0x00, 0x00,
    0x00, 0x00, 0x00, 0x00, 0x00, 0x00, 0x00, 0x00, 0x00, 0x00, 0x00, 0x00, 0x00, 0x00, 0x00, 0x00,
    0x00, 0x00, 0x00, 0x00, 0x00, 0x00, 0x00, 0x00, 0x00, 0x00, 0x00, 0x00, 0x00, 0x00, 0x00, 0x00,
    0x00, 0x00, 0x00, 0x00, 0x00, 0x00, 0x00, 0x00, 0x00, 0x00, 0x00, 0x00, 0x00, 0x00, 0x00, 0x00,
    0x00, 0x00, 0x00, 0x00, 0x00, 0x00, 0x00, 0x00, 0x00, 0x00, 0x00, 0x00, 0x00, 0x00, 0x00, 0x00,
    0x00, 0x00, 0x00, 0x00, 0x00, 0x00, 0x00, 0x00, 0x00, 0x00, 0x00, 0x00, 0x1a, 0x00, 0x25, 0x11,
    0x00, 0x00, 0x00, 0x00, 0xfc, 0x00, 0x00, 0x00, 0x01, 0x00, 0x66, 0x72, 0x61, 0x67, 0x6d, 0x65,
    0x6e, 0x74, 0x4d, 0x61, 0x69, 0x6e, 0x00, 0x00, 0x26, 0x00, 0x64, 0x11, 0x09, 0x10, 0x00, 0x00,
    0x00, 0x00, 0x00, 0x00, 0x00, 0x00, 0x00, 0x00, 0x00, 0x00, 0x00, 0x00, 0x00, 0x00, 0x00, 0x00,
    0x07, 0x00, 0x67, 0x54, 0x65, 0x78, 0x74, 0x75, 0x72, 0x65, 0x32, 0x44, 0x5f, 0x30, 0x00, 0x00,
    0x26, 0x00, 0x64, 0x11, 0x0c, 0x10, 0x00, 0x00, 0x00, 0x00, 0x00, 0x00, 0x00, 0x00, 0x00, 0x00,
    0x00, 0x00, 0x00, 0x00, 0x00, 0x00, 0x00, 0x00, 0x06, 0x00, 0x67, 0x53, 0x61, 0x6d, 0x70, 0x6c,
    0x65, 0x72, 0x5f, 0x30, 0x00, 0x00, 0x00, 0x00, 0x00, 0x00, 0x00, 0x00, 0x00, 0x00, 0x00, 0x00,
    0x00, 0x00, 0x00, 0x00, 0x00, 0x00, 0x00, 0x00, 0x00, 0x00, 0x00, 0x00, 0x00, 0x00, 0x00, 0x00,
    0x00, 0x00, 0x00, 0x00, 0x00, 0x00, 0x00, 0x00, 0x00, 0x00, 0x00, 0x00, 0x00, 0x00, 0x00, 0x00,
    0x00, 0x00, 0x00, 0x00, 0x00, 0x00, 0x00, 0x00, 0x00, 0x00, 0x00, 0x00, 0x00, 0x00, 0x00, 0x00,
    0x00, 0x00, 0x00, 0x00, 0x00, 0x00, 0x00, 0x00, 0x00, 0x00, 0x00, 0x00, 0x00, 0x00, 0x00, 0x00,
    0x00, 0x00, 0x00, 0x00, 0x00, 0x00, 0x00, 0x00, 0x00, 0x00, 0x00, 0x00, 0x00, 0x00, 0x00, 0x00,
    0x00, 0x00, 0x00, 0x00, 0x00, 0x00, 0x00, 0x00, 0x00, 0x00, 0x00, 0x00, 0x00, 0x00, 0x00, 0x00,
    0x00, 0x00, 0x00, 0x00, 0x00, 0x00, 0x00, 0x00, 0x00, 0x00, 0x00, 0x00, 0x00, 0x00, 0x00, 0x00,
    0x00, 0x00, 0x00, 0x00, 0x00, 0x00, 0x00, 0x00, 0x00, 0x00, 0x00, 0x00, 0x00, 0x00, 0x00, 0x00,
    0x00, 0x00, 0x00, 0x00, 0x00, 0x00, 0x00, 0x00, 0x00, 0x00, 0x00, 0x00, 0x00, 0x00, 0x00, 0x00,
    0x00, 0x00, 0x00, 0x00, 0x00, 0x00, 0x00, 0x00, 0x00, 0x00, 0x00, 0x00, 0x00, 0x00, 0x00, 0x00,
    0x00, 0x00, 0x00, 0x00, 0x00, 0x00, 0x00, 0x00, 0x00, 0x00, 0x00, 0x00, 0x00, 0x00, 0x00, 0x00,
    0x00, 0x00, 0x00, 0x00, 0x00, 0x00, 0x00, 0x00, 0x00, 0x00, 0x00, 0x00, 0x00, 0x00, 0x00, 0x00,
    0x00, 0x00, 0x00, 0x00, 0x00, 0x00, 0x00, 0x00, 0x00, 0x00, 0x00, 0x00, 0x00, 0x00, 0x00, 0x00,
    0x00, 0x00, 0x00, 0x00, 0x00, 0x00, 0x00, 0x00, 0x00, 0x00, 0x00, 0x00, 0x00, 0x00, 0x00, 0x00,
    0x00, 0x00, 0x00, 0x00, 0x00, 0x00, 0x00, 0x00, 0x00, 0x00, 0x00, 0x00, 0x00, 0x00, 0x00, 0x00,
    0x00, 0x00, 0x00, 0x00, 0x00, 0x00, 0x00, 0x00, 0x00, 0x00, 0x00, 0x00, 0x00, 0x00, 0x00, 0x00,
    0x00, 0x00, 0x00, 0x00, 0x00, 0x00, 0x00, 0x00, 0x00, 0x00, 0x00, 0x00, 0x00, 0x00, 0x00, 0x00,
    0x00, 0x00, 0x00, 0x00, 0x00, 0x00, 0x00, 0x00, 0x00, 0x00, 0x00, 0x00, 0x00, 0x00, 0x00, 0x00,
    0x00, 0x00, 0x00, 0x00, 0x00, 0x00, 0x00, 0x00, 0x00, 0x00, 0x00, 0x00, 0x00, 0x00, 0x00, 0x00,
    0x00, 0x00, 0x00, 0x00, 0x00, 0x00, 0x00, 0x00, 0x00, 0x00, 0x00, 0x00, 0x00, 0x00, 0x00, 0x00,
    0x00, 0x00, 0x00, 0x00, 0x00, 0x00, 0x00, 0x00, 0x00, 0x00, 0x00, 0x00, 0x00, 0x00, 0x00, 0x00,
    0x00, 0x00, 0x00, 0x00, 0x00, 0x00, 0x00, 0x00, 0x00, 0x00, 0x00, 0x00, 0x00, 0x00, 0x00, 0x00,
    0x00, 0x00, 0x00, 0x00, 0x00, 0x00, 0x00, 0x00, 0x00, 0x00, 0x00, 0x00, 0x00, 0x00, 0x00, 0x00,
    0x00, 0x00, 0x00, 0x00, 0x00, 0x00, 0x00, 0x00, 0x00, 0x00, 0x00, 0x00, 0x00, 0x00, 0x00, 0x00,
    0x00, 0x00, 0x00, 0x00, 0x00, 0x00, 0x00, 0x00, 0x00, 0x00, 0x00, 0x00, 0x10, 0x00, 0x00, 0x00,
    0x00, 0x00, 0x00, 0x00, 0x00, 0x00, 0x00, 0x00, 0x00, 0x00, 0x00, 0x00, 0x00, 0x00, 0x00, 0x00,
    0x00, 0x00, 0x00, 0x00, 0x00, 0x00, 0x00, 0x00, 0xff, 0xff, 0xff, 0xff, 0x1a, 0x09, 0x2f, 0xf1,
    0x00, 0x00, 0x00, 0x00, 0x00, 0x00, 0x00, 0x00, 0x00, 0x00, 0x00, 0x00, 0x00, 0x00, 0x00, 0x00,
    0x00, 0x00, 0x00, 0x00, 0x00, 0x00, 0x00, 0x00, 0x00, 0x00, 0x00, 0x00, 0x00, 0x00, 0x00, 0x00,
    0x00, 0x00, 0x00, 0x00, 0x00, 0x00, 0x00, 0x00, 0x00, 0x00, 0x00, 0x00, 0x00, 0x00, 0x00, 0x00,
    0x00, 0x00, 0x00, 0x00, 0x00, 0x00, 0x00, 0x00, 0x00, 0x00, 0x00, 0x00, 0x00, 0x00, 0x00, 0x00,
    0x00, 0x00, 0x00, 0x00, 0x00, 0x00, 0x00, 0x00, 0x00, 0x00, 0x00, 0x00, 0x00, 0x00, 0x00, 0x00,
    0x00, 0x00, 0x00, 0x00, 0x00, 0x00, 0x00, 0x00, 0x00, 0x00, 0x00, 0x00, 0x00, 0x00, 0x00, 0x00,
    0x00, 0x00, 0x00, 0x00, 0x00, 0x00, 0x00, 0x00, 0x00, 0x00, 0x00, 0x00, 0x00, 0x00, 0x00, 0x00,
    0x00, 0x00, 0x00, 0x00, 0x00, 0x00, 0x00, 0x00, 0x00, 0x00, 0x00, 0x00, 0x00, 0x00, 0x00, 0x00,
    0x00, 0x00, 0x00, 0x00, 0x00, 0x00, 0x00, 0x00, 0x00, 0x00, 0x00, 0x00, 0x00, 0x00, 0x00, 0x00,
    0x00, 0x00, 0x00, 0x00, 0x00, 0x00, 0x00, 0x00, 0x00, 0x00, 0x00, 0x00, 0x00, 0x00, 0x00, 0x00,
    0x00, 0x00, 0x00, 0x00, 0x00, 0x00, 0x00, 0x00, 0x00, 0x00, 0x00, 0x00, 0x00, 0x00, 0x00, 0x00,
    0x00, 0x00, 0x00, 0x00, 0x00, 0x00, 0x00, 0x00, 0x00, 0x00, 0x00, 0x00, 0x00, 0x00, 0x00, 0x00,
    0x00, 0x00, 0x00, 0x00, 0x00, 0x00, 0x00, 0x00, 0x00, 0x00, 0x00, 0x00, 0x00, 0x00, 0x00, 0x00,
    0x00, 0x00, 0x00, 0x00, 0x00, 0x00, 0x00, 0x00, 0x00, 0x00, 0x00, 0x00, 0x00, 0x00, 0x00, 0x00,
    0x00, 0x00, 0x00, 0x00, 0x00, 0x00, 0x00, 0x00, 0x00, 0x00, 0x00, 0x00, 0x00, 0x00, 0x00, 0x00,
    0x00, 0x00, 0x00, 0x00, 0x00, 0x00, 0x00, 0x00, 0x00, 0x00, 0x00, 0x00, 0x00, 0x00, 0x00, 0x00,
    0x00, 0x00, 0x00, 0x00, 0x00, 0x00, 0x00, 0x00, 0x00, 0x00, 0x00, 0x00, 0x00, 0x00, 0x00, 0x00,
    0x00, 0x00, 0x00, 0x00, 0x00, 0x00, 0x00, 0x00, 0x00, 0x00, 0x00, 0x00, 0x00, 0x00, 0x00, 0x00,
    0x00, 0x00, 0x00, 0x00, 0x00, 0x00, 0x00, 0x00, 0x00, 0x00, 0x00, 0x00, 0x00, 0x00, 0x00, 0x00,
    0x00, 0x00, 0x00, 0x00, 0x00, 0x00, 0x00, 0x00, 0x00, 0x00, 0x00, 0x00, 0x00, 0x00, 0x00, 0x00,
    0x00, 0x00, 0x00, 0x00, 0x00, 0x00, 0x00, 0x00, 0x00, 0x00, 0x00, 0x00, 0x00, 0x00, 0x00, 0x00,
    0x00, 0x00, 0x00, 0x00, 0x00, 0x00, 0x00, 0x00, 0x00, 0x00, 0x00, 0x00, 0x00, 0x00, 0x00, 0x00,
    0x00, 0x00, 0x00, 0x00, 0x00, 0x00, 0x00, 0x00, 0x00, 0x00, 0x00, 0x00, 0x00, 0x00, 0x00, 0x00,
    0x00, 0x00, 0x00, 0x00, 0x00, 0x00, 0x00, 0x00, 0x00, 0x00, 0x00, 0x00, 0x00, 0x00, 0x00, 0x00,
    0x00, 0x00, 0x00, 0x00, 0x00, 0x00, 0x00, 0x00, 0x00, 0x00, 0x00, 0x00, 0x00, 0x00, 0x00, 0x00,
    0x00, 0x00, 0x00, 0x00, 0x00, 0x00, 0x00, 0x00, 0x00, 0x00, 0x00, 0x00, 0x00, 0x00, 0x00, 0x00,
    0x00, 0x00, 0x00, 0x00, 0x00, 0x00, 0x00, 0x00, 0x00, 0x00, 0x00, 0x00, 0x00, 0x00, 0x00, 0x00,
    0x00, 0x00, 0x00, 0x00, 0x00, 0x00, 0x00, 0x00, 0x00, 0x00, 0x00, 0x00, 0x00, 0x00, 0x00, 0x00,
    0x00, 0x00, 0x00, 0x00, 0x00, 0x00, 0x00, 0x00, 0x00, 0x00, 0x00, 0x00, 0x00, 0x00, 0x00, 0x00,
    0x00, 0x00, 0x00, 0x00, 0x00, 0x00, 0x00, 0x00, 0x00, 0x00, 0x00, 0x00, 0x94, 0x2e, 0x31, 0x01,
    0x90, 0xa8, 0xd7, 0x68, 0x01, 0x00, 0x00, 0x00, 0x2b, 0xa2, 0x82, 0x1f, 0x0e, 0xd1, 0x99, 0x48,
    0xaa, 0x35, 0x61, 0x1f, 0x57, 0x35, 0x9c, 0xd9, 0x2e, 0x00, 0x00, 0x00, 0x2f, 0x4c, 0x69, 0x6e,
    0x6b, 0x49, 0x6e, 0x66, 0x6f, 0x00, 0x2f, 0x6e, 0x61, 0x6d, 0x65, 0x73, 0x00, 0x2f, 0x73, 0x72,
    0x63, 0x2f, 0x68, 0x65, 0x61, 0x64, 0x65, 0x72, 0x62, 0x6c, 0x6f, 0x63, 0x6b, 0x00, 0x2f, 0x73,
    0x72, 0x63, 0x2f, 0x66, 0x69, 0x6c, 0x65, 0x73, 0x2f, 0x00, 0x04, 0x00, 0x00, 0x00, 0x06, 0x00,
    0x00, 0x00, 0x01, 0x00, 0x00, 0x00, 0x1e, 0x00, 0x00, 0x00, 0x00, 0x00, 0x00, 0x00, 0x11, 0x00,
    0x00, 0x00, 0x07, 0x00, 0x00, 0x00, 0x22, 0x00, 0x00, 0x00, 0x08, 0x00, 0x00, 0x00, 0x0a, 0x00,
    0x00, 0x00, 0x06, 0x00, 0x00, 0x00, 0x00, 0x00, 0x00, 0x00, 0x05, 0x00, 0x00, 0x00, 0x00, 0x00,
    0x00, 0x00, 0xdc, 0x51, 0x33, 0x01, 0x69, 0x6e, 0x00, 0x6e, 0x6f, 0x6e, 0x65, 0x00, 0x00, 0x00,
    0x00, 0x00, 0x00, 0x00, 0x00, 0x00, 0x00, 0x00, 0x00, 0x00, 0x00, 0x00, 0x00, 0x00, 0x00, 0x00,
    0x00, 0x00, 0x00, 0x00, 0x00, 0x00, 0x00, 0x00, 0x00, 0x00, 0x00, 0x00, 0x00, 0x00, 0x00, 0x00,
    0x00, 0x00, 0x00, 0x00, 0x00, 0x00, 0x00, 0x00, 0x00, 0x00, 0x00, 0x00, 0x00, 0x00, 0x00, 0x00,
    0x00, 0x00, 0x00, 0x00, 0x00, 0x00, 0x00, 0x00, 0x00, 0x00, 0x00, 0x00, 0x00, 0x00, 0x00, 0x00,
    0x00, 0x00, 0x00, 0x00, 0x00, 0x00, 0x00, 0x00, 0x00, 0x00, 0x00, 0x00, 0x00, 0x00, 0x00, 0x00,
    0x00, 0x00, 0x00, 0x00, 0x00, 0x00, 0x00, 0x00, 0x00, 0x00, 0x00, 0x00, 0x00, 0x00, 0x00, 0x00,
    0x00, 0x00, 0x00, 0x00, 0x00, 0x00, 0x00, 0x00, 0x00, 0x00, 0x00, 0x00, 0x00, 0x00, 0x00, 0x00,
    0x00, 0x00, 0x00, 0x00, 0x00, 0x00, 0x00, 0x00, 0x00, 0x00, 0x00, 0x00, 0x00, 0x00, 0x00, 0x00,
    0x00, 0x00, 0x00, 0x00, 0x00, 0x00, 0x00, 0x00, 0x00, 0x00, 0x00, 0x00, 0x00, 0x00, 0x00, 0x00,
    0x00, 0x00, 0x00, 0x00, 0x00, 0x00, 0x00, 0x00, 0x00, 0x00, 0x00, 0x00, 0x00, 0x00, 0x00, 0x00,
    0x00, 0x00, 0x00, 0x00, 0x00, 0x00, 0x00, 0x00, 0x00, 0x00, 0x00, 0x00, 0x00, 0x00, 0x00, 0x00,
    0x00, 0x00, 0x00, 0x00, 0x00, 0x00, 0x00, 0x00, 0x00, 0x00, 0x00, 0x00, 0x00, 0x00, 0x00, 0x00,
    0x00, 0x00, 0x00, 0x00, 0x00, 0x00, 0x00, 0x00, 0x00, 0x00, 0x00, 0x00, 0x00, 0x00, 0x00, 0x00,
    0x00, 0x00, 0x00, 0x00, 0x00, 0x00, 0x00, 0x00, 0x00, 0x00, 0x00, 0x00, 0x00, 0x00, 0x00, 0x00,
    0x00, 0x00, 0x00, 0x00, 0x00, 0x00, 0x00, 0x00, 0x00, 0x00, 0x00, 0x00, 0x00, 0x00, 0x00, 0x00,
    0x00, 0x00, 0x00, 0x00, 0x00, 0x00, 0x00, 0x00, 0x00, 0x00, 0x00, 0x00, 0x00, 0x00, 0x00, 0x00,
    0x00, 0x00, 0x00, 0x00, 0x00, 0x00, 0x00, 0x00, 0x00, 0x00, 0x00, 0x00, 0x00, 0x00, 0x00, 0x00,
    0x00, 0x00, 0x00, 0x00, 0x00, 0x00, 0x00, 0x00, 0x00, 0x00, 0x00, 0x00, 0x00, 0x00, 0x00, 0x00,
    0x00, 0x00, 0x00, 0x00, 0x00, 0x00, 0x00, 0x00, 0x00, 0x00, 0x00, 0x00, 0x00, 0x00, 0x00, 0x00,
    0x00, 0x00, 0x00, 0x00, 0x00, 0x00, 0x00, 0x00, 0x00, 0x00, 0x00, 0x00, 0x00, 0x00, 0x00, 0x00,
    0x00, 0x00, 0x00, 0x00, 0x00, 0x00, 0x00, 0x00, 0x00, 0x00, 0x00, 0x00, 0x00, 0x00, 0x00, 0x00,
    0x00, 0x00, 0x00, 0x00, 0x00, 0x00, 0x00, 0x00, 0x00, 0x00, 0x00, 0x00, 0x00, 0x00, 0x00, 0x00,
    0x00, 0x00, 0x00, 0x00, 0x00, 0x00, 0x00, 0x00, 0x00, 0x00, 0x00, 0x00, 0xff, 0xff, 0xff, 0xff,
    0x77, 0x09, 0x31, 0x01, 0x01, 0x00, 0x00, 0x00, 0x0d, 0x00, 0x00, 0x8e, 0x0e, 0x00, 0x3f, 0x5c,
    0x0f, 0x00, 0x00, 0x00, 0x54, 0x00, 0x00, 0x00, 0x20, 0x00, 0x00, 0x00, 0x2c, 0x00, 0x00, 0x00,
    0x38, 0x00, 0x00, 0x00, 0x00, 0x00, 0x00, 0x00, 0x00, 0x00, 0x00, 0x00, 0x16, 0x00, 0x00, 0x00,
    0x19, 0x00, 0x00, 0x00, 0x00, 0x00, 0x00, 0x00, 0x00, 0x00, 0x00, 0x00, 0x00, 0x00, 0x00, 0x00,
    0x01, 0x00, 0x00, 0x00, 0x00, 0x00, 0x00, 0x00, 0x88, 0x00, 0x00, 0x00, 0x20, 0x00, 0x00, 0x60,
    0x00, 0x00, 0x00, 0x00, 0x00, 0x00, 0x00, 0x00, 0x00, 0x00, 0x00, 0x00, 0x02, 0x00, 0x09, 0x00,
    0x98, 0x02, 0x00, 0x00, 0x00, 0x00, 0x00, 0x00, 0x84, 0x00, 0x00, 0x00, 0x02, 0x00, 0x00, 0x00,
    0x00, 0x00, 0x00, 0x00, 0x00, 0x00, 0x00, 0x00, 0x00, 0x00, 0x00, 0x00, 0x66, 0x72, 0x61, 0x67,
    0x6d, 0x65, 0x6e, 0x74, 0x4d, 0x61, 0x69, 0x6e, 0x00, 0x6e, 0x6f, 0x6e, 0x65, 0x00, 0x00, 0x00,
    0x2d, 0xba, 0x2e, 0xf1, 0x01, 0x00, 0x00, 0x00, 0x00, 0x00, 0x00, 0x00, 0x88, 0x00, 0x00, 0x00,
    0x20, 0x00, 0x00, 0x60, 0x00, 0x00, 0x00, 0x00, 0x00, 0x00, 0x00, 0x00, 0x00, 0x00, 0x00, 0x00,
    0x02, 0x00, 0x02, 0x00, 0x07, 0x00, 0x00, 0x00, 0x00, 0x00, 0x01, 0x00, 0xff, 0xff, 0xff, 0xff,
    0x00, 0x00, 0x00, 0x00, 0x88, 0x00, 0x00, 0x00, 0x08, 0x02, 0x00, 0x00, 0x00, 0x00, 0x00, 0x00,
    0xff, 0xff, 0xff, 0xff, 0x00, 0x00, 0x00, 0x00, 0xff, 0xff, 0xff, 0xff, 0x01, 0x00, 0x02, 0x00,
    0x00, 0x00, 0x02, 0x00, 0x00, 0x00, 0x00, 0x00, 0x01, 0x00, 0x00, 0x00, 0x00, 0x72, 0x65, 0x73,
    0x6f, 0x75, 0x72, 0x63, 0x65, 0x73, 0x2f, 0x53, 0x68, 0x61, 0x64, 0x65, 0x72, 0x73, 0x2f, 0x53,
    0x6f, 0x75, 0x72, 0x63, 0x65, 0x2f, 0x42, 0x6c, 0x69, 0x74, 0x2e, 0x73, 0x6c, 0x61, 0x6e, 0x67,
    0x00, 0x00, 0x00, 0x00, 0xfe, 0xef, 0xfe, 0xef, 0x01, 0x00, 0x00, 0x00, 0x01, 0x00, 0x00, 0x00,
    0x00, 0x01, 0x00, 0x00, 0x00, 0x00, 0x00, 0x00, 0x00, 0x00, 0x00, 0x00, 0x00, 0xff, 0xff, 0xff,
    0xff, 0xff, 0xff, 0xff, 0xff, 0xff, 0xff, 0x0c, 0x00, 0xff, 0xff, 0xff, 0xff, 0xff, 0xff, 0xff,
    0xff, 0xff, 0xff, 0x00, 0x00, 0x00, 0x00, 0x00, 0x00, 0x00, 0x00, 0x00, 0x00, 0x00, 0x00, 0x00,
    0x00, 0x00, 0x00, 0x00, 0x00, 0x00, 0x00, 0x00, 0x00, 0x00, 0x00, 0x00, 0x00, 0x00, 0x00, 0x00,
    0x00, 0x00, 0x00, 0x00, 0x00, 0x00, 0x00, 0x00, 0x00, 0x00, 0x00, 0x00, 0x00, 0x00, 0x00, 0x00,
    0x00, 0x00, 0x00, 0x00, 0x00, 0x00, 0x00, 0x00, 0x00, 0x00, 0x00, 0x00, 0x00, 0x00, 0x00, 0x00,
    0x00, 0x00, 0x00, 0x00, 0x00, 0x00, 0x00, 0x00, 0x00, 0x00, 0x00, 0x00, 0x00, 0x00, 0x00, 0x00,
    0x00, 0x00, 0x00, 0x00, 0x00, 0x00, 0x00, 0x00, 0x00, 0x00, 0x00, 0x00, 0x00, 0x00, 0x00, 0x00,
    0x00, 0x00, 0x00, 0x00, 0x00, 0x00, 0x00, 0x00, 0x00, 0x00, 0x00, 0x00, 0x00, 0x00, 0x00, 0x00,
    0x00, 0x00, 0x00, 0x00, 0x00, 0x00, 0x00, 0x00, 0x00, 0x00, 0x00, 0x00, 0x00, 0x00, 0x00, 0x00,
    0x00, 0x00, 0x00, 0x00, 0x00, 0x00, 0x00, 0x00, 0x00, 0x00, 0x00, 0x00, 0x00, 0x00, 0x00, 0x00,
    0x00, 0x00, 0x00, 0x00, 0x00, 0x00, 0x00, 0x00, 0x00, 0x00, 0x00, 0x00, 0x00, 0x00, 0x00, 0x00,
    0x00, 0x00, 0x00, 0x00, 0x00, 0x00, 0x00, 0x00, 0x00, 0x00, 0x00, 0x00, 0x00, 0x00, 0x00, 0x00,
    0x00, 0x00, 0x00, 0x00, 0x00, 0x00, 0x00, 0x00, 0x00, 0x00, 0x00, 0x00, 0x10, 0x00, 0x00, 0x00,
    0x20, 0x00, 0x00, 0x00, 0x8a, 0x00, 0x00, 0x00, 0x34, 0x01, 0x00, 0x00, 0x47, 0x01, 0x00, 0x00,
    0x38, 0x00, 0x00, 0x00, 0x00, 0x00, 0x00, 0x00, 0xe1, 0x02, 0x00, 0x00, 0x80, 0x00, 0x00, 0x00,
    0x96, 0x02, 0x00, 0x00, 0x2c, 0x03, 0x00, 0x00, 0x3c, 0x00, 0x00, 0x00, 0x00, 0x00, 0x00, 0x00,
    0x28, 0x00, 0x00, 0x00, 0x38, 0x02, 0x00, 0x00, 0x2c, 0x00, 0x00, 0x00, 0x6c, 0x00, 0x00, 0x00,
    0x03, 0x00, 0x00, 0x00, 0x15, 0x00, 0x00, 0x00, 0x0e, 0x00, 0x00, 0x00, 0x16, 0x00, 0x00, 0x00,
    0x0f, 0x00, 0x00, 0x00, 0x0a, 0x00, 0x00, 0x00, 0x06, 0x00, 0x00, 0x00, 0x0b, 0x00, 0x00, 0x00,
    0x08, 0x00, 0x00, 0x00, 0x09, 0x00, 0x00, 0x00, 0x0c, 0x00, 0x00, 0x00, 0x0d, 0x00, 0x00, 0x00,
    0x07, 0x00, 0x00, 0x00, 0x10, 0x00, 0x00, 0x00, 0x11, 0x00, 0x00, 0x00, 0x12, 0x00, 0x00, 0x00,
    0x14, 0x00, 0x00, 0x00, 0x13, 0x00, 0x00, 0x00, 0x00, 0x00, 0x00, 0x00, 0x00, 0x00, 0x00, 0x00,
    0x00, 0x00, 0x00, 0x00, 0x00, 0x00, 0x00, 0x00, 0x00, 0x00, 0x00, 0x00, 0x00, 0x00, 0x00, 0x00,
    0x00, 0x00, 0x00, 0x00, 0x00, 0x00, 0x00, 0x00, 0x00, 0x00, 0x00, 0x00, 0x00, 0x00, 0x00, 0x00,
    0x00, 0x00, 0x00, 0x00, 0x00, 0x00, 0x00, 0x00, 0x00, 0x00, 0x00, 0x00, 0x00, 0x00, 0x00, 0x00,
    0x00, 0x00, 0x00, 0x00, 0x00, 0x00, 0x00, 0x00, 0x00, 0x00, 0x00, 0x00, 0x00, 0x00, 0x00, 0x00,
    0x00, 0x00, 0x00, 0x00, 0x00, 0x00, 0x00, 0x00, 0x00, 0x00, 0x00, 0x00, 0x00, 0x00, 0x00, 0x00,
    0x00, 0x00, 0x00, 0x00, 0x00, 0x00, 0x00, 0x00, 0x00, 0x00, 0x00, 0x00, 0x00, 0x00, 0x00, 0x00,
    0x00, 0x00, 0x00, 0x00, 0x00, 0x00, 0x00, 0x00, 0x00, 0x00, 0x00, 0x00, 0x00, 0x00, 0x00, 0x00,
    0x00, 0x00, 0x00, 0x00, 0x00, 0x00, 0x00, 0x00, 0x00, 0x00, 0x00, 0x00, 0x00, 0x00, 0x00, 0x00,
    0x00, 0x00, 0x00, 0x00, 0x00, 0x00, 0x00, 0x00, 0x00, 0x00, 0x00, 0x00, 0x00, 0x00, 0x00, 0x00,
    0x00, 0x00, 0x00, 0x00, 0x00, 0x00, 0x00, 0x00, 0x00, 0x00, 0x00, 0x00, 0x00, 0x00, 0x00, 0x00,
    0x00, 0x00, 0x00, 0x00, 0x00, 0x00, 0x00, 0x00, 0x00, 0x00, 0x00, 0x00, 0x00, 0x00, 0x00, 0x00,
    0x00, 0x00, 0x00, 0x00, 0x00, 0x00, 0x00, 0x00, 0x00, 0x00, 0x00, 0x00, 0x00, 0x00, 0x00, 0x00,
    0x00, 0x00, 0x00, 0x00, 0x00, 0x00, 0x00, 0x00, 0x00, 0x00, 0x00, 0x00, 0x00, 0x00, 0x00, 0x00,
    0x00, 0x00, 0x00, 0x00, 0x00, 0x00, 0x00, 0x00, 0x00, 0x00, 0x00, 0x00, 0x00, 0x00, 0x00, 0x00,
    0x00, 0x00, 0x00, 0x00, 0x00, 0x00, 0x00, 0x00, 0x00, 0x00, 0x00, 0x00, 0x00, 0x00, 0x00, 0x00,
    0x00, 0x00, 0x00, 0x00, 0x00, 0x00, 0x00, 0x00, 0x00, 0x00, 0x00, 0x00, 0x00, 0x00, 0x00, 0x00,
    0x00, 0x00, 0x00, 0x00, 0x00, 0x00, 0x00, 0x00, 0x00, 0x00, 0x00, 0x00, 0x00, 0x00, 0x00, 0x00,
    0x00, 0x00, 0x00, 0x00, 0x00, 0x00, 0x00, 0x00, 0x00, 0x00, 0x00, 0x00, 0x00, 0x00, 0x00, 0x00,
    0x00, 0x00, 0x00, 0x00, 0x00, 0x00, 0x00, 0x00, 0x00, 0x00, 0x00, 0x00, 0x00, 0x00, 0x00, 0x00,
    0x00, 0x00, 0x00, 0x00, 0x00, 0x00, 0x00, 0x00, 0x00, 0x00, 0x00, 0x00, 0x00, 0x00, 0x00, 0x00,
    0x00, 0x00, 0x00, 0x00, 0x00, 0x00, 0x00, 0x00, 0x00, 0x00, 0x00, 0x00, 0x00, 0x00, 0x00, 0x00,
    0x00, 0x00, 0x00, 0x00, 0x00, 0x00, 0x00, 0x00, 0x00, 0x00, 0x00, 0x00, 0x00, 0x00, 0x00, 0x00,
    0x00, 0x00, 0x00, 0x00, 0x00, 0x00, 0x00, 0x00, 0x00, 0x00, 0x00, 0x00, 0x17, 0x00, 0x00, 0x00,
    0x00, 0x00, 0x00, 0x00, 0x00, 0x00, 0x00, 0x00, 0x00, 0x00, 0x00, 0x00, 0x00, 0x00, 0x00, 0x00,
    0x00, 0x00, 0x00, 0x00, 0x00, 0x00, 0x00, 0x00, 0x00, 0x00, 0x00, 0x00, 0x00, 0x00, 0x00, 0x00,
    0x00, 0x00, 0x00, 0x00, 0x00, 0x00, 0x00, 0x00, 0x00, 0x00, 0x00, 0x00, 0x00, 0x00, 0x00, 0x00,
    0x00, 0x00, 0x00, 0x00, 0x00, 0x00, 0x00, 0x00, 0x00, 0x00, 0x00, 0x00, 0x00, 0x00, 0x00, 0x00,
    0x00, 0x00, 0x00, 0x00, 0x00, 0x00, 0x00, 0x00, 0x00, 0x00, 0x00, 0x00, 0x00, 0x00, 0x00, 0x00,
    0x00, 0x00, 0x00, 0x00, 0x00, 0x00, 0x00, 0x00, 0x00, 0x00, 0x00, 0x00, 0x00, 0x00, 0x00, 0x00,
    0x00, 0x00, 0x00, 0x00, 0x00, 0x00, 0x00, 0x00, 0x00, 0x00, 0x00, 0x00, 0x00, 0x00, 0x00, 0x00,
    0x00, 0x00, 0x00, 0x00, 0x00, 0x00, 0x00, 0x00, 0x00, 0x00, 0x00, 0x00, 0x00, 0x00, 0x00, 0x00,
    0x00, 0x00, 0x00, 0x00, 0x00, 0x00, 0x00, 0x00, 0x00, 0x00, 0x00, 0x00, 0x00, 0x00, 0x00, 0x00,
    0x00, 0x00, 0x00, 0x00, 0x00, 0x00, 0x00, 0x00, 0x00, 0x00, 0x00, 0x00, 0x00, 0x00, 0x00, 0x00,
    0x00, 0x00, 0x00, 0x00, 0x00, 0x00, 0x00, 0x00, 0x00, 0x00, 0x00, 0x00, 0x00, 0x00, 0x00, 0x00,
    0x00, 0x00, 0x00, 0x00, 0x00, 0x00, 0x00, 0x00, 0x00, 0x00, 0x00, 0x00, 0x00, 0x00, 0x00, 0x00,
    0x00, 0x00, 0x00, 0x00, 0x00, 0x00, 0x00, 0x00, 0x00, 0x00, 0x00, 0x00, 0x00, 0x00, 0x00, 0x00,
    0x00, 0x00, 0x00, 0x00, 0x00, 0x00, 0x00, 0x00, 0x00, 0x00, 0x00, 0x00, 0x00, 0x00, 0x00, 0x00,
    0x00, 0x00, 0x00, 0x00, 0x00, 0x00, 0x00, 0x00, 0x00, 0x00, 0x00, 0x00, 0x00, 0x00, 0x00, 0x00,
    0x00, 0x00, 0x00, 0x00, 0x00, 0x00, 0x00, 0x00, 0x00, 0x00, 0x00, 0x00, 0x00, 0x00, 0x00, 0x00,
    0x00, 0x00, 0x00, 0x00, 0x00, 0x00, 0x00, 0x00, 0x00, 0x00, 0x00, 0x00, 0x00, 0x00, 0x00, 0x00,
    0x00, 0x00, 0x00, 0x00, 0x00, 0x00, 0x00, 0x00, 0x00, 0x00, 0x00, 0x00, 0x00, 0x00, 0x00, 0x00,
    0x00, 0x00, 0x00, 0x00, 0x00, 0x00, 0x00, 0x00, 0x00, 0x00, 0x00, 0x00, 0x00, 0x00, 0x00, 0x00,
    0x00, 0x00, 0x00, 0x00, 0x00, 0x00, 0x00, 0x00, 0x00, 0x00, 0x00, 0x00, 0x00, 0x00, 0x00, 0x00,
    0x00, 0x00, 0x00, 0x00, 0x00, 0x00, 0x00, 0x00, 0x00, 0x00, 0x00, 0x00, 0x00, 0x00, 0x00, 0x00,
    0x00, 0x00, 0x00, 0x00, 0x00, 0x00, 0x00, 0x00, 0x00, 0x00, 0x00, 0x00, 0x00, 0x00, 0x00, 0x00,
    0x00, 0x00, 0x00, 0x00, 0x00, 0x00, 0x00, 0x00, 0x00, 0x00, 0x00, 0x00, 0x00, 0x00, 0x00, 0x00,
    0x00, 0x00, 0x00, 0x00, 0x00, 0x00, 0x00, 0x00, 0x00, 0x00, 0x00, 0x00, 0x00, 0x00, 0x00, 0x00,
    0x00, 0x00, 0x00, 0x00, 0x00, 0x00, 0x00, 0x00, 0x00, 0x00, 0x00, 0x00, 0x00, 0x00, 0x00, 0x00,
    0x00, 0x00, 0x00, 0x00, 0x00, 0x00, 0x00, 0x00, 0x00, 0x00, 0x00, 0x00, 0x00, 0x00, 0x00, 0x00,
    0x00, 0x00, 0x00, 0x00, 0x00, 0x00, 0x00, 0x00, 0x00, 0x00, 0x00, 0x00, 0x00, 0x00, 0x00, 0x00,
    0x00, 0x00, 0x00, 0x00, 0x00, 0x00, 0x00, 0x00, 0x00, 0x00, 0x00, 0x00, 0x00, 0x00, 0x00, 0x00,
    0x00, 0x00, 0x00, 0x00, 0x00, 0x00, 0x00, 0x00, 0x00, 0x00, 0x00, 0x00, 0x00, 0x00, 0x00, 0x00,
    0x00, 0x00, 0x00, 0x00, 0x00, 0x00, 0x00, 0x00, 0x00, 0x00, 0x00, 0x00, 0x00, 0x00, 0x00, 0x00,
    0x00, 0x00, 0x00, 0x00, 0x00, 0x00, 0x00, 0x00, 0x00, 0x00, 0x00, 0x00, 0x00, 0x00, 0x00, 0x00,
    0x00, 0x00, 0x00, 0x00, 0x00, 0x00, 0x00, 0x00, 0x00, 0x00, 0x00, 0x00, 0x00, 0x00, 0x00, 0x00,
    0x00, 0x00, 0x00, 0x00, 0x00, 0x00, 0x00, 0x00, 0x00, 0x00, 0x00, 0x00, 0x00, 0x00, 0x00, 0x00,
    0x00, 0x00, 0x00, 0x00, 0x00, 0x00, 0x00, 0x00, 0x00, 0x00, 0x00, 0x00, 0x00, 0x00, 0x00, 0x00,
    0x00, 0x00, 0x00, 0x00, 0x00, 0x00, 0x00, 0x00, 0x00, 0x00, 0x00, 0x00, 0x00, 0x00, 0x00, 0x00,
    0x00, 0x00, 0x00, 0x00, 0x00, 0x00, 0x00, 0x00, 0x00, 0x00, 0x00, 0x00, 0x00, 0x00, 0x00, 0x00,
    0x00, 0x00, 0x00, 0x00, 0x00, 0x00, 0x00, 0x00, 0x00, 0x00, 0x00, 0x00, 0x00, 0x00, 0x00, 0x00,
    0x00, 0x00, 0x00, 0x00, 0x00, 0x00, 0x00, 0x00, 0x00, 0x00, 0x00, 0x00, 0x00, 0x00, 0x00, 0x00,
    0x00, 0x00, 0x00, 0x00, 0x00, 0x00, 0x00, 0x00, 0x00, 0x00, 0x00, 0x00, 0x00, 0x00, 0x00, 0x00,
    0x00, 0x00, 0x00, 0x00, 0x00, 0x00, 0x00, 0x00, 0x00, 0x00, 0x00, 0x00, 0x00, 0x00, 0x00, 0x00,
    0x00, 0x00, 0x00, 0x00, 0x00, 0x00, 0x00, 0x00, 0x00, 0x00, 0x00, 0x00, 0x00, 0x00, 0x00, 0x00,
    0x00, 0x00, 0x00, 0x00, 0x00, 0x00, 0x00, 0x00, 0x00, 0x00, 0x00, 0x00, 0x00, 0x00, 0x00, 0x00,
    0x00, 0x00, 0x00, 0x00, 0x00, 0x00, 0x00, 0x00, 0x00, 0x00, 0x00, 0x00, 0x00, 0x00, 0x00, 0x00,
    0x00, 0x00, 0x00, 0x00, 0x00, 0x00, 0x00, 0x00, 0x00, 0x00, 0x00, 0x00, 0x00, 0x00, 0x00, 0x00,
    0x00, 0x00, 0x00, 0x00, 0x00, 0x00, 0x00, 0x00, 0x00, 0x00, 0x00, 0x00, 0x00, 0x00, 0x00, 0x00,
    0x00, 0x00, 0x00, 0x00, 0x00, 0x00, 0x00, 0x00, 0x00, 0x00, 0x00, 0x00, 0x00, 0x00, 0x00, 0x00,
    0x00, 0x00, 0x00, 0x00, 0x00, 0x00, 0x00, 0x00, 0x00, 0x00, 0x00, 0x00, 0x00, 0x00, 0x00, 0x00,
    0x00, 0x00, 0x00, 0x00, 0x00, 0x00, 0x00, 0x00, 0x00, 0x00, 0x00, 0x00, 0x00, 0x00, 0x00, 0x00,
    0x00, 0x00, 0x00, 0x00, 0x00, 0x00, 0x00, 0x00, 0x00, 0x00, 0x00, 0x00, 0x00, 0x00, 0x00, 0x00,
    0x00, 0x00, 0x00, 0x00, 0x00, 0x00, 0x00, 0x00, 0x00, 0x00, 0x00, 0x00, 0x00, 0x00, 0x00, 0x00,
    0x00, 0x00, 0x00, 0x00, 0x00, 0x00, 0x00, 0x00, 0x00, 0x00, 0x00, 0x00, 0x00, 0x00, 0x00, 0x00,
    0x00, 0x00, 0x00, 0x00, 0x00, 0x00, 0x00, 0x00, 0x00, 0x00, 0x00, 0x00, 0x00, 0x00, 0x00, 0x00,
    0x00, 0x00, 0x00, 0x00, 0x00, 0x00, 0x00, 0x00, 0x00, 0x00, 0x00, 0x00, 0x00, 0x00, 0x00, 0x00,
    0x00, 0x00, 0x00, 0x00, 0x00, 0x00, 0x00, 0x00, 0x00, 0x00, 0x00, 0x00, 0x00, 0x00, 0x00, 0x00,
    0x00, 0x00, 0x00, 0x00, 0x00, 0x00, 0x00, 0x00, 0x00, 0x00, 0x00, 0x00, 0x00, 0x00, 0x00, 0x00,
    0x00, 0x00, 0x00, 0x00, 0x00, 0x00, 0x00, 0x00, 0x00, 0x00, 0x00, 0x00, 0x00, 0x00, 0x00, 0x00,
    0x00, 0x00, 0x00, 0x00, 0x00, 0x00, 0x00, 0x00, 0x00, 0x00, 0x00, 0x00, 0x00, 0x00, 0x00, 0x00,
    0x00, 0x00, 0x00, 0x00, 0x00, 0x00, 0x00, 0x00, 0x00, 0x00, 0x00, 0x00, 0x00, 0x00, 0x00, 0x00,
    0x00, 0x00, 0x00, 0x00, 0x00, 0x00, 0x00, 0x00, 0x00, 0x00, 0x00, 0x00, 0x00, 0x00, 0x00, 0x00,
    0x00, 0x00, 0x00, 0x00, 0x00, 0x00, 0x00, 0x00, 0x00, 0x00, 0x00, 0x00, 0x00, 0x00, 0x00, 0x00,
    0x00, 0x00, 0x00, 0x00, 0x00, 0x00, 0x00, 0x00, 0x00, 0x00, 0x00, 0x00, 0x00, 0x00, 0x00, 0x00,
    0x00, 0x00, 0x00, 0x00, 0x00, 0x00, 0x00, 0x00, 0x00, 0x00, 0x00, 0x00, 0x00, 0x00, 0x00, 0x00,
    0x00, 0x00, 0x00, 0x00, 0x00, 0x00, 0x00, 0x00, 0x00, 0x00, 0x00, 0x00, 0x00, 0x00, 0x00, 0x00,
    0x00, 0x00, 0x00, 0x00, 0x00, 0x00, 0x00, 0x00, 0x00, 0x00, 0x00, 0x00, 0x00, 0x00, 0x00, 0x00,
    0x00, 0x00, 0x00, 0x00, 0x00, 0x00, 0x00, 0x00, 0x00, 0x00, 0x00, 0x00, 0x00, 0x00, 0x00, 0x00,
    0x00, 0x00, 0x00, 0x00, 0x00, 0x00, 0x00, 0x00, 0x00, 0x00, 0x00, 0x00, 0x00, 0x00, 0x00, 0x00,
    0x00, 0x00, 0x00, 0x00, 0x00, 0x00, 0x00, 0x00, 0x00, 0x00, 0x00, 0x00, 0x00, 0x00, 0x00, 0x00,
    0x00, 0x00, 0x00, 0x00, 0x00, 0x00, 0x00, 0x00, 0x00, 0x00, 0x00, 0x00, 0x00, 0x00, 0x00, 0x00,
    0x00, 0x00, 0x00, 0x00, 0x00, 0x00, 0x00, 0x00, 0x00, 0x00, 0x00, 0x00, 0x00, 0x00, 0x00, 0x00,
    0x00, 0x00, 0x00, 0x00, 0x00, 0x00, 0x00, 0x00, 0x00, 0x00, 0x00, 0x00, 0x00, 0x00, 0x00, 0x00,
    0x00, 0x00, 0x00, 0x00, 0x00, 0x00, 0x00, 0x00, 0x00, 0x00, 0x00, 0x00, 0x00, 0x00, 0x00, 0x00,
    0x00, 0x00, 0x00, 0x00, 0x00, 0x00, 0x00, 0x00, 0x00, 0x00, 0x00, 0x00, 0x00, 0x00, 0x00, 0x00,
    0x00, 0x00, 0x00, 0x00, 0x00, 0x00, 0x00, 0x00, 0x00, 0x00, 0x00, 0x00, 0x00, 0x00, 0x00, 0x00,
    0x00, 0x00, 0x00, 0x00, 0x00, 0x00, 0x00, 0x00, 0x00, 0x00, 0x00, 0x00, 0x00, 0x00, 0x00, 0x00,
    0x00, 0x00, 0x00, 0x00, 0x00, 0x00, 0x00, 0x00, 0x00, 0x00, 0x00, 0x00, 0x00, 0x00, 0x00, 0x00,
    0x00, 0x00, 0x00, 0x00, 0x00, 0x00, 0x00, 0x00, 0x00, 0x00, 0x00, 0x00, 0x00, 0x00, 0x00, 0x00,
    0x00, 0x00, 0x00, 0x00, 0x00, 0x00, 0x00, 0x00, 0x00, 0x00, 0x00, 0x00, 0x00, 0x00, 0x00, 0x00,
    0x00, 0x00, 0x00, 0x00, 0x00, 0x00, 0x00, 0x00, 0x00, 0x00, 0x00, 0x00, 0x00, 0x00, 0x00, 0x00,
    0x00, 0x00, 0x00, 0x00, 0x00, 0x00, 0x00, 0x00, 0x00, 0x00, 0x00, 0x00, 0x00, 0x00, 0x00, 0x00,
    0x00, 0x00, 0x00, 0x00, 0x00, 0x00, 0x00, 0x00, 0x00, 0x00, 0x00, 0x00, 0x00, 0x00, 0x00, 0x00,
    0x00, 0x00, 0x00, 0x00, 0x00, 0x00, 0x00, 0x00, 0x00, 0x00, 0x00, 0x00, 0x00, 0x00, 0x00, 0x00,
    0x00, 0x00, 0x00, 0x00, 0x00, 0x00, 0x00, 0x00, 0x00, 0x00, 0x00, 0x00, 0x00, 0x00, 0x00, 0x00,
    0x00, 0x00, 0x00, 0x00, 0x00, 0x00, 0x00, 0x00, 0x00, 0x00, 0x00, 0x00, 0x00, 0x00, 0x00, 0x00,
    0x00, 0x00, 0x00, 0x00, 0x00, 0x00, 0x00, 0x00, 0x00, 0x00, 0x00, 0x00, 0x00, 0x00, 0x00, 0x00,
    0x00, 0x00, 0x00, 0x00, 0x00, 0x00, 0x00, 0x00, 0x00, 0x00, 0x00, 0x00, 0x00, 0x00, 0x00, 0x00,
    0x00, 0x00, 0x00, 0x00, 0x00, 0x00, 0x00, 0x00, 0x00, 0x00, 0x00, 0x00, 0x00, 0x00, 0x00, 0x00,
    0x00, 0x00, 0x00, 0x00, 0x00, 0x00, 0x00, 0x00, 0x00, 0x00, 0x00, 0x00, 0x00, 0x00, 0x00, 0x00,
    0x00, 0x00, 0x00, 0x00, 0x00, 0x00, 0x00, 0x00, 0x00, 0x00, 0x00, 0x00, 0x00, 0x00, 0x00, 0x00,
    0x00, 0x00, 0x00, 0x00, 0x00, 0x00, 0x00, 0x00, 0x00, 0x00, 0x00, 0x00, 0x00, 0x00, 0x00, 0x00,
    0x00, 0x00, 0x00, 0x00, 0x00, 0x00, 0x00, 0x00, 0x00, 0x00, 0x00, 0x00, 0x00, 0x00, 0x00, 0x00,
    0x00, 0x00, 0x00, 0x00, 0x00, 0x00, 0x00, 0x00, 0x00, 0x00, 0x00, 0x00, 0x00, 0x00, 0x00, 0x00,
    0x00, 0x00, 0x00, 0x00, 0x00, 0x00, 0x00, 0x00, 0x00, 0x00, 0x00, 0x00, 0x00, 0x00, 0x00, 0x00,
    0x00, 0x00, 0x00, 0x00, 0x00, 0x00, 0x00, 0x00, 0x00, 0x00, 0x00, 0x00, 0x00, 0x00, 0x00, 0x00,
    0x00, 0x00, 0x00, 0x00, 0x00, 0x00, 0x00, 0x00, 0x00, 0x00, 0x00, 0x00, 0x00, 0x00, 0x00, 0x00,
    0x00, 0x00, 0x00, 0x00, 0x00, 0x00, 0x00, 0x00, 0x00, 0x00, 0x00, 0x00, 0x00, 0x00, 0x00, 0x00,
    0x00, 0x00, 0x00, 0x00, 0x00, 0x00, 0x00, 0x00, 0x00, 0x00, 0x00, 0x00
};


// array size is 17328
static const unsigned char gBlitImageArrayVS [] = {
    0x44, 0x58, 0x42, 0x43, 0x89, 0xf2, 0x7f, 0x2d, 0x56, 0x79, 0x24, 0xe6, 0xd7, 0x3b, 0xe3, 0x74,
    0x43, 0x2e, 0x93, 0x55, 0x01, 0x00, 0x00, 0x00, 0xb0, 0x43, 0x00, 0x00, 0x06, 0x00, 0x00, 0x00,
    0x38, 0x00, 0x00, 0x00, 0x18, 0x02, 0x00, 0x00, 0x4c, 0x02, 0x00, 0x00, 0xa4, 0x02, 0x00, 0x00,
    0x0c, 0x05, 0x00, 0x00, 0xa8, 0x05, 0x00, 0x00, 0x52, 0x44, 0x45, 0x46, 0xd8, 0x01, 0x00, 0x00,
    0x01, 0x00, 0x00, 0x00, 0x74, 0x00, 0x00, 0x00, 0x01, 0x00, 0x00, 0x00, 0x3c, 0x00, 0x00, 0x00,
    0x01, 0x05, 0xfe, 0xff, 0x01, 0x4d, 0x10, 0x00, 0xb0, 0x01, 0x00, 0x00, 0x13, 0x13, 0x44, 0x25,
    0x3c, 0x00, 0x00, 0x00, 0x18, 0x00, 0x00, 0x00, 0x28, 0x00, 0x00, 0x00, 0x28, 0x00, 0x00, 0x00,
    0x24, 0x00, 0x00, 0x00, 0x0c, 0x00, 0x00, 0x00, 0x00, 0x00, 0x00, 0x00, 0x64, 0x00, 0x00, 0x00,
    0x00, 0x00, 0x00, 0x00, 0x00, 0x00, 0x00, 0x00, 0x00, 0x00, 0x00, 0x00, 0x00, 0x00, 0x00, 0x00,
    0x00, 0x00, 0x00, 0x00, 0x01, 0x00, 0x00, 0x00, 0x01, 0x00, 0x00, 0x00, 0x00, 0x00, 0x00, 0x00,
    0x00, 0x00, 0x00, 0x00, 0x50, 0x75, 0x73, 0x68, 0x43, 0x6f, 0x6e, 0x73, 0x74, 0x61, 0x6e, 0x74,
    0x5f, 0x30, 0x00, 0xab, 0x64, 0x00, 0x00, 0x00, 0x01, 0x00, 0x00, 0x00, 0x8c, 0x00, 0x00, 0x00,
    0x20, 0x00, 0x00, 0x00, 0x00, 0x00, 0x00, 0x00, 0x00, 0x00, 0x00, 0x00, 0x64, 0x00, 0x00, 0x00,
    0x00, 0x00, 0x00, 0x00, 0x20, 0x00, 0x00, 0x00, 0x02, 0x00, 0x00, 0x00, 0x8c, 0x01, 0x00, 0x00,
    0x00, 0x00, 0x00, 0x00, 0xff, 0xff, 0xff, 0xff, 0x00, 0x00, 0x00, 0x00, 0xff, 0xff, 0xff, 0xff,
    0x00, 0x00, 0x00, 0x00, 0x53, 0x4c, 0x41, 0x4e, 0x47, 0x5f, 0x50, 0x61, 0x72, 0x61, 0x6d, 0x65,
    0x74, 0x65, 0x72, 0x47, 0x72, 0x6f, 0x75, 0x70, 0x5f, 0x50, 0x75, 0x73, 0x68, 0x43, 0x6f, 0x6e,
    0x73, 0x74, 0x61, 0x6e, 0x74, 0x5f, 0x30, 0x00, 0x73, 0x72, 0x63, 0x43, 0x6f, 0x72, 0x6e, 0x65,
    0x72, 0x4c, 0x6f, 0x77, 0x65, 0x72, 0x4c, 0x65, 0x66, 0x74, 0x5f, 0x30, 0x00, 0x66, 0x6c, 0x6f,
    0x61, 0x74, 0x32, 0x00, 0x01, 0x00, 0x03, 0x00, 0x01, 0x00, 0x02, 0x00, 0x00, 0x00, 0x00, 0x00,
    0x00, 0x00, 0x00, 0x00, 0x00, 0x00, 0x00, 0x00, 0x00, 0x00, 0x00, 0x00, 0x00, 0x00, 0x00, 0x00,
    0x00, 0x00, 0x00, 0x00, 0xed, 0x00, 0x00, 0x00, 0x73, 0x72, 0x63, 0x43, 0x6f, 0x72, 0x6e, 0x65,
    0x72, 0x55, 0x70, 0x70, 0x65, 0x72, 0x52, 0x69, 0x67, 0x68, 0x74, 0x5f, 0x30, 0x00, 0x64, 0x73,
    0x74, 0x43, 0x6f, 0x72, 0x6e, 0x65, 0x72, 0x4c, 0x6f, 0x77, 0x65, 0x72, 0x4c, 0x65, 0x66, 0x74,
    0x5f, 0x30, 0x00, 0x64, 0x73, 0x74, 0x43, 0x6f, 0x72, 0x6e, 0x65, 0x72, 0x55, 0x70, 0x70, 0x65,
    0x72, 0x52, 0x69, 0x67, 0x68, 0x74, 0x5f, 0x30, 0x00, 0xab, 0xab, 0xab, 0xd8, 0x00, 0x00, 0x00,
    0xf4, 0x00, 0x00, 0x00, 0x00, 0x00, 0x00, 0x00, 0x18, 0x01, 0x00, 0x00, 0xf4, 0x00, 0x00, 0x00,
    0x08, 0x00, 0x00, 0x00, 0x2e, 0x01, 0x00, 0x00, 0xf4, 0x00, 0x00, 0x00, 0x10, 0x00, 0x00, 0x00,
    0x43, 0x01, 0x00, 0x00, 0xf4, 0x00, 0x00, 0x00, 0x18, 0x00, 0x00, 0x00, 0x05, 0x00, 0x00, 0x00,
    0x01, 0x00, 0x08, 0x00, 0x00, 0x00, 0x04, 0x00, 0x5c, 0x01, 0x00, 0x00, 0x00, 0x00, 0x00, 0x00,
    0x00, 0x00, 0x00, 0x00, 0x00, 0x00, 0x00, 0x00, 0x00, 0x00, 0x00, 0x00, 0xb4, 0x00, 0x00, 0x00,
    0x4d, 0x69, 0x63, 0x72, 0x6f, 0x73, 0x6f, 0x66, 0x74, 0x20, 0x28, 0x52, 0x29, 0x20, 0x48, 0x4c,
    0x53, 0x4c, 0x20, 0x53, 0x68, 0x61, 0x64, 0x65, 0x72, 0x20, 0x43, 0x6f, 0x6d, 0x70, 0x69, 0x6c,
    0x65, 0x72, 0x20, 0x31, 0x30, 0x2e, 0x31, 0x00, 0x49, 0x53, 0x47, 0x4e, 0x2c, 0x00, 0x00, 0x00,
    0x01, 0x00, 0x00, 0x00, 0x08, 0x00, 0x00, 0x00, 0x20, 0x00, 0x00, 0x00, 0x00, 0x00, 0x00, 0x00,
    0x06, 0x00, 0x00, 0x00, 0x01, 0x00, 0x00, 0x00, 0x00, 0x00, 0x00, 0x00, 0x01, 0x01, 0x00, 0x00,
    0x53, 0x56, 0x5f, 0x56, 0x65, 0x72, 0x74, 0x65, 0x78, 0x49, 0x44, 0x00, 0x4f, 0x53, 0x47, 0x4e,
    0x50, 0x00, 0x00, 0x00, 0x02, 0x00, 0x00, 0x00, 0x08, 0x00, 0x00, 0x00, 0x38, 0x00, 0x00, 0x00,
    0x00, 0x00, 0x00, 0x00, 0x01, 0x00, 0x00, 0x00, 0x03, 0x00, 0x00, 0x00, 0x00, 0x00, 0x00, 0x00,
    0x0f, 0x00, 0x00, 0x00, 0x44, 0x00, 0x00, 0x00, 0x00, 0x00, 0x00, 0x00, 0x00, 0x00, 0x00, 0x00,
    0x03, 0x00, 0x00, 0x00, 0x01, 0x00, 0x00, 0x00, 0x03, 0x0c, 0x00, 0x00, 0x53, 0x56, 0x5f, 0x50,
    0x6f, 0x73, 0x69, 0x74, 0x69, 0x6f, 0x6e, 0x00, 0x54, 0x45, 0x58, 0x43, 0x4f, 0x4f, 0x52, 0x44,
    0x00, 0xab, 0xab, 0xab, 0x53, 0x48, 0x45, 0x58, 0x60, 0x02, 0x00, 0x00, 0x51, 0x00, 0x01, 0x00,
    0x98, 0x00, 0x00, 0x00, 0x6a, 0x08, 0x00, 0x01, 0x59, 0x00, 0x00, 0x07, 0x46, 0x8e, 0x30, 0x00,
    0x00, 0x00, 0x00, 0x00, 0x00, 0x00, 0x00, 0x00, 0x00, 0x00, 0x00, 0x00, 0x02, 0x00, 0x00, 0x00,
    0x00, 0x00, 0x00, 0x00, 0x60, 0x00, 0x00, 0x04, 0x12, 0x10, 0x10, 0x00, 0x00, 0x00, 0x00, 0x00,
    0x06, 0x00, 0x00, 0x00, 0x67, 0x00, 0x00, 0x04, 0xf2, 0x20, 0x10, 0x00, 0x00, 0x00, 0x00, 0x00,
    0x01, 0x00, 0x00, 0x00, 0x65, 0x00, 0x00, 0x03, 0x32, 0x20, 0x10, 0x00, 0x01, 0x00, 0x00, 0x00,
    0x68, 0x00, 0x00, 0x02, 0x02, 0x00, 0x00, 0x00, 0x20, 0x00, 0x00, 0x0a, 0x32, 0x00, 0x10, 0x00,
    0x00, 0x00, 0x00, 0x00, 0x06, 0x10, 0x10, 0x00, 0x00, 0x00, 0x00, 0x00, 0x02, 0x40, 0x00, 0x00,
    0x02, 0x00, 0x00, 0x00, 0x01, 0x00, 0x00, 0x00, 0x00, 0x00, 0x00, 0x00, 0x00, 0x00, 0x00, 0x00,
    0x1f, 0x00, 0x04, 0x03, 0x0a, 0x00, 0x10, 0x00, 0x00, 0x00, 0x00, 0x00, 0x36, 0x00, 0x00, 0x05,
    0x12, 0x00, 0x10, 0x00, 0x00, 0x00, 0x00, 0x00, 0x01, 0x40, 0x00, 0x00, 0xff, 0xff, 0xff, 0xff,
    0x12, 0x00, 0x00, 0x01, 0x20, 0x00, 0x00, 0x07, 0x12, 0x00, 0x10, 0x00, 0x00, 0x00, 0x00, 0x00,
    0x0a, 0x10, 0x10, 0x00, 0x00, 0x00, 0x00, 0x00, 0x01, 0x40, 0x00, 0x00, 0x03, 0x00, 0x00, 0x00,
    0x15, 0x00, 0x00, 0x01, 0x1f, 0x00, 0x04, 0x03, 0x0a, 0x00, 0x10, 0x00, 0x00, 0x00, 0x00, 0x00,
    0x36, 0x00, 0x00, 0x05, 0x12, 0x00, 0x10, 0x00, 0x01, 0x00, 0x00, 0x00, 0x01, 0x40, 0x00, 0x00,
    0x00, 0x00, 0x80, 0x3f, 0x12, 0x00, 0x00, 0x01, 0x36, 0x00, 0x00, 0x05, 0x12, 0x00, 0x10, 0x00,
    0x01, 0x00, 0x00, 0x00, 0x01, 0x40, 0x00, 0x00, 0x00, 0x00, 0x00, 0x00, 0x15, 0x00, 0x00, 0x01,
    0x1f, 0x00, 0x04, 0x03, 0x1a, 0x00, 0x10, 0x00, 0x00, 0x00, 0x00, 0x00, 0x36, 0x00, 0x00, 0x05,
    0x12, 0x00, 0x10, 0x00, 0x00, 0x00, 0x00, 0x00, 0x01, 0x40, 0x00, 0x00, 0xff, 0xff, 0xff, 0xff,
    0x12, 0x00, 0x00, 0x01, 0x20, 0x00, 0x00, 0x07, 0x12, 0x00, 0x10, 0x00, 0x00, 0x00, 0x00, 0x00,
    0x0a, 0x10, 0x10, 0x00, 0x00, 0x00, 0x00, 0x00, 0x01, 0x40, 0x00, 0x00, 0x03, 0x00, 0x00, 0x00,
    0x15, 0x00, 0x00, 0x01, 0x1f, 0x00, 0x04, 0x03, 0x0a, 0x00, 0x10, 0x00, 0x00, 0x00, 0x00, 0x00,
    0x36, 0x00, 0x00, 0x05, 0x22, 0x00, 0x10, 0x00, 0x01, 0x00, 0x00, 0x00, 0x01, 0x40, 0x00, 0x00,
    0x00, 0x00, 0x80, 0x3f, 0x12, 0x00, 0x00, 0x01, 0x36, 0x00, 0x00, 0x05, 0x22, 0x00, 0x10, 0x00,
    0x01, 0x00, 0x00, 0x00, 0x01, 0x40, 0x00, 0x00, 0x00, 0x00, 0x00, 0x00, 0x15, 0x00, 0x00, 0x01,
    0x00, 0x00, 0x00, 0x0c, 0x32, 0x00, 0x10, 0x00, 0x00, 0x00, 0x00, 0x00, 0x46, 0x80, 0x30, 0x80,
    0x41, 0x00, 0x00, 0x00, 0x00, 0x00, 0x00, 0x00, 0x00, 0x00, 0x00, 0x00, 0x01, 0x00, 0x00, 0x00,
    0xe6, 0x8a, 0x30, 0x00, 0x00, 0x00, 0x00, 0x00, 0x00, 0x00, 0x00, 0x00, 0x01, 0x00, 0x00, 0x00,
    0x32, 0x00, 0x00, 0x0b, 0x32, 0x20, 0x10, 0x00, 0x00, 0x00, 0x00, 0x00, 0x46, 0x00, 0x10, 0x00,
    0x01, 0x00, 0x00, 0x00, 0x46, 0x00, 0x10, 0x00, 0x00, 0x00, 0x00, 0x00, 0x46, 0x80, 0x30, 0x00,
    0x00, 0x00, 0x00, 0x00, 0x00, 0x00, 0x00, 0x00, 0x01, 0x00, 0x00, 0x00, 0x00, 0x00, 0x00, 0x0c,
    0x32, 0x00, 0x10, 0x00, 0x00, 0x00, 0x00, 0x00, 0x46, 0x80, 0x30, 0x80, 0x41, 0x00, 0x00, 0x00,
    0x00, 0x00, 0x00, 0x00, 0x00, 0x00, 0x00, 0x00, 0x00, 0x00, 0x00, 0x00, 0xe6, 0x8a, 0x30, 0x00,
    0x00, 0x00, 0x00, 0x00, 0x00, 0x00, 0x00, 0x00, 0x00, 0x00, 0x00, 0x00, 0x32, 0x00, 0x00, 0x0b,
    0x32, 0x20, 0x10, 0x00, 0x01, 0x00, 0x00, 0x00, 0x46, 0x00, 0x10, 0x00, 0x01, 0x00, 0x00, 0x00,
    0x46, 0x00, 0x10, 0x00, 0x00, 0x00, 0x00, 0x00, 0x46, 0x80, 0x30, 0x00, 0x00, 0x00, 0x00, 0x00,
    0x00, 0x00, 0x00, 0x00, 0x00, 0x00, 0x00, 0x00, 0x36, 0x00, 0x00, 0x08, 0xc2, 0x20, 0x10, 0x00,
    0x00, 0x00, 0x00, 0x00, 0x02, 0x40, 0x00, 0x00, 0x00, 0x00, 0x00, 0x00, 0x00, 0x00, 0x00, 0x00,
    0x00, 0x00, 0x00, 0x00, 0x00, 0x00, 0x80, 0x3f, 0x3e, 0x00, 0x00, 0x01, 0x53, 0x54, 0x41, 0x54,
    0x94, 0x00, 0x00, 0x00, 0x1b, 0x00, 0x00, 0x00, 0x02, 0x00, 0x00, 0x00, 0x00, 0x00, 0x00, 0x00,
    0x03, 0x00, 0x00, 0x00, 0x04, 0x00, 0x00, 0x00, 0x03, 0x00, 0x00, 0x00, 0x00, 0x00, 0x00, 0x00,
    0x05, 0x00, 0x00, 0x00, 0x04, 0x00, 0x00, 0x00, 0x00, 0x00, 0x00, 0x00, 0x00, 0x00, 0x00, 0x00,
    0x00, 0x00, 0x00, 0x00, 0x00, 0x00, 0x00, 0x00, 0x00, 0x00, 0x00, 0x00, 0x00, 0x00, 0x00, 0x00,
    0x00, 0x00, 0x00, 0x00, 0x00, 0x00, 0x00, 0x00, 0x00, 0x00, 0x00, 0x00, 0x00, 0x00, 0x00, 0x00,
    0x07, 0x00, 0x00, 0x00, 0x00, 0x00, 0x00, 0x00, 0x00, 0x00, 0x00, 0x00, 0x00, 0x00, 0x00, 0x00,
    0x00, 0x00, 0x00, 0x00, 0x00, 0x00, 0x00, 0x00, 0x00, 0x00, 0x00, 0x00, 0x00, 0x00, 0x00, 0x00,
    0x00, 0x00, 0x00, 0x00, 0x00, 0x00, 0x00, 0x00, 0x00, 0x00, 0x00, 0x00, 0x00, 0x00, 0x00, 0x00,
    0x00, 0x00, 0x00, 0x00, 0x00, 0x00, 0x00, 0x00, 0x00, 0x00, 0x00, 0x00, 0x00, 0x00, 0x00, 0x00,
    0x00, 0x00, 0x00, 0x00, 0x00, 0x00, 0x00, 0x00, 0x53, 0x50, 0x44, 0x42, 0x00, 0x3e, 0x00, 0x00,
    0x4d, 0x69, 0x63, 0x72, 0x6f, 0x73, 0x6f, 0x66, 0x74, 0x20, 0x43, 0x2f, 0x43, 0x2b, 0x2b, 0x20,
    0x4d, 0x53, 0x46, 0x20, 0x37, 0x2e, 0x30, 0x30, 0x0d, 0x0a, 0x1a, 0x44, 0x53, 0x00, 0x00, 0x00,
    0x00, 0x02, 0x00, 0x00, 0x02, 0x00, 0x00, 0x00, 0x1f, 0x00, 0x00, 0x00, 0xa4, 0x00, 0x00, 0x00,
    0x00, 0x00, 0x00, 0x00, 0x1e, 0x00, 0x00, 0x00, 0x00, 0x00, 0x00, 0x00, 0x00, 0x00, 0x00, 0x00,
    0x00, 0x00, 0x00, 0x00, 0x00, 0x00, 0x00, 0x00, 0x00, 0x00, 0x00, 0x00, 0x00, 0x00, 0x00, 0x00,
    0x00, 0x00, 0x00, 0x00, 0x00, 0x00, 0x00, 0x00, 0x00, 0x00, 0x00, 0x00, 0x00, 0x00, 0x00, 0x00,
    0x00, 0x00, 0x00, 0x00, 0x00, 0x00, 0x00, 0x00, 0x00, 0x00, 0x00, 0x00, 0x00, 0x00, 0x00, 0x00,
    0x00, 0x00, 0x00, 0x00, 0x00, 0x00, 0x00, 0x00, 0x00, 0x00, 0x00, 0x00, 0x00, 0x00, 0x00, 0x00,
    0x00, 0x00, 0x00, 0x00, 0x00, 0x00, 0x00, 0x00, 0x00, 0x00, 0x00, 0x00, 0x00, 0x00, 0x00, 0x00,
    0x00, 0x00, 0x00, 0x00, 0x00, 0x00, 0x00, 0x00, 0x00, 0x00, 0x00, 0x00, 0x00, 0x00, 0x00, 0x00,
    0x00, 0x00, 0x00, 0x00, 0x00, 0x00, 0x00, 0x00, 0x00, 0x00, 0x00, 0x00, 0x00, 0x00, 0x00, 0x00,
    0x00, 0x00, 0x00, 0x00, 0x00, 0x00, 0x00, 0x00, 0x00, 0x00, 0x00, 0x00, 0x00, 0x00, 0x00, 0x00,
    0x00, 0x00, 0x00, 0x00, 0x00, 0x00, 0x00, 0x00, 0x00, 0x00, 0x00, 0x00, 0x00, 0x00, 0x00, 0x00,
    0x00, 0x00, 0x00, 0x00, 0x00, 0x00, 0x00, 0x00, 0x00, 0x00, 0x00, 0x00, 0x00, 0x00, 0x00, 0x00,
    0x00, 0x00, 0x00, 0x00, 0x00, 0x00, 0x00, 0x00, 0x00, 0x00, 0x00, 0x00, 0x00, 0x00, 0x00, 0x00,
    0x00, 0x00, 0x00, 0x00, 0x00, 0x00, 0x00, 0x00, 0x00, 0x00, 0x00, 0x00, 0x00, 0x00, 0x00, 0x00,
    0x00, 0x00, 0x00, 0x00, 0x00, 0x00, 0x00, 0x00, 0x00, 0x00, 0x00, 0x00, 0x00, 0x00, 0x00, 0x00,
    0x00, 0x00, 0x00, 0x00, 0x00, 0x00, 0x00, 0x00, 0x00, 0x00, 0x00, 0x00, 0x00, 0x00, 0x00, 0x00,
    0x00, 0x00, 0x00, 0x00, 0x00, 0x00, 0x00, 0x00, 0x00, 0x00, 0x00, 0x00, 0x00, 0x00, 0x00, 0x00,
    0x00, 0x00, 0x00, 0x00, 0x00, 0x00, 0x00, 0x00, 0x00, 0x00, 0x00, 0x00, 0x00, 0x00, 0x00, 0x00,
    0x00, 0x00, 0x00, 0x00, 0x00, 0x00, 0x00, 0x00, 0x00, 0x00, 0x00, 0x00, 0x00, 0x00, 0x00, 0x00,
    0x00, 0x00, 0x00, 0x00, 0x00, 0x00, 0x00, 0x00, 0x00, 0x00, 0x00, 0x00, 0x00, 0x00, 0x00, 0x00,
    0x00, 0x00, 0x00, 0x00, 0x00, 0x00, 0x00, 0x00, 0x00, 0x00, 0x00, 0x00, 0x00, 0x00, 0x00, 0x00,
    0x00, 0x00, 0x00, 0x00, 0x00, 0x00, 0x00, 0x00, 0x00, 0x00, 0x00, 0x00, 0x00, 0x00, 0x00, 0x00,
    0x00, 0x00, 0x00, 0x00, 0x00, 0x00, 0x00, 0x00, 0x00, 0x00, 0x00, 0x00, 0x00, 0x00, 0x00, 0x00,
    0x00, 0x00, 0x00, 0x00, 0x00, 0x00, 0x00, 0x00, 0x00, 0x00, 0x00, 0x00, 0x00, 0x00, 0x00, 0x00,
    0x00, 0x00, 0x00, 0x00, 0x00, 0x00, 0x00, 0x00, 0x00, 0x00, 0x00, 0x00, 0x00, 0x00, 0x00, 0x00,
    0x00, 0x00, 0x00, 0x00, 0x00, 0x00, 0x00, 0x00, 0x00, 0x00, 0x00, 0x00, 0x00, 0x00, 0x00, 0x00,
    0x00, 0x00, 0x00, 0x00, 0x00, 0x00, 0x00, 0x00, 0x00, 0x00, 0x00, 0x00, 0x00, 0x00, 0x00, 0x00,
    0x00, 0x00, 0x00, 0x00, 0x00, 0x00, 0x00, 0x00, 0x00, 0x00, 0x00, 0x00, 0x00, 0x00, 0x00, 0x00,
    0x00, 0x00, 0x00, 0x00, 0x00, 0x00, 0x00, 0x00, 0x00, 0x00, 0x00, 0x00, 0x00, 0x00, 0x00, 0x00,
    0x00, 0x00, 0x00, 0x00, 0x00, 0x00, 0x00, 0x00, 0x00, 0x00, 0x00, 0x00, 0x00, 0x00, 0x00, 0x00,
    0xc0, 0xff, 0xff, 0xff, 0xff, 0xff, 0xff, 0xff, 0xff, 0xff, 0xff, 0xff, 0xff, 0xff, 0xff, 0xff,
    0xff, 0xff, 0xff, 0xff, 0xff, 0xff, 0xff, 0xff, 0xff, 0xff, 0xff, 0xff, 0xff, 0xff, 0xff, 0xff,
    0xff, 0xff, 0xff, 0xff, 0xff, 0xff, 0xff, 0xff, 0xff, 0xff, 0xff, 0xff, 0xff, 0xff, 0xff, 0xff,
    0xff, 0xff, 0xff, 0xff, 0xff, 0xff, 0xff, 0xff, 0xff, 0xff, 0xff, 0xff, 0xff, 0xff, 0xff, 0xff,
    0xff, 0xff, 0xff, 0xff, 0xff, 0xff, 0xff, 0xff, 0xff, 0xff, 0xff, 0xff, 0xff, 0xff, 0xff, 0xff,
    0xff, 0xff, 0xff, 0xff, 0xff, 0xff, 0xff, 0xff, 0xff, 0xff, 0xff, 0xff, 0xff, 0xff, 0xff, 0xff,
    0xff, 0xff, 0xff, 0xff, 0xff, 0xff, 0xff, 0xff, 0xff, 0xff, 0xff, 0xff, 0xff, 0xff, 0xff, 0xff,
    0xff, 0xff, 0xff, 0xff, 0xff, 0xff, 0xff, 0xff, 0xff, 0xff, 0xff, 0xff, 0xff, 0xff, 0xff, 0xff,
    0xff, 0xff, 0xff, 0xff, 0xff, 0xff, 0xff, 0xff, 0xff, 0xff, 0xff, 0xff, 0xff, 0xff, 0xff, 0xff,
    0xff, 0xff, 0xff, 0xff, 0xff, 0xff, 0xff, 0xff, 0xff, 0xff, 0xff, 0xff, 0xff, 0xff, 0xff, 0xff,
    0xff, 0xff, 0xff, 0xff, 0xff, 0xff, 0xff, 0xff, 0xff, 0xff, 0xff, 0xff, 0xff, 0xff, 0xff, 0xff,
    0xff, 0xff, 0xff, 0xff, 0xff, 0xff, 0xff, 0xff, 0xff, 0xff, 0xff, 0xff, 0xff, 0xff, 0xff, 0xff,
    0xff, 0xff, 0xff, 0xff, 0xff, 0xff, 0xff, 0xff, 0xff, 0xff, 0xff, 0xff, 0xff, 0xff, 0xff, 0xff,
    0xff, 0xff, 0xff, 0xff, 0xff, 0xff, 0xff, 0xff, 0xff, 0xff, 0xff, 0xff, 0xff, 0xff, 0xff, 0xff,
    0xff, 0xff, 0xff, 0xff, 0xff, 0xff, 0xff, 0xff, 0xff, 0xff, 0xff, 0xff, 0xff, 0xff, 0xff, 0xff,
    0xff, 0xff, 0xff, 0xff, 0xff, 0xff, 0xff, 0xff, 0xff, 0xff, 0xff, 0xff, 0xff, 0xff, 0xff, 0xff,
    0xff, 0xff, 0xff, 0xff, 0xff, 0xff, 0xff, 0xff, 0xff, 0xff, 0xff, 0xff, 0xff, 0xff, 0xff, 0xff,
    0xff, 0xff, 0xff, 0xff, 0xff, 0xff, 0xff, 0xff, 0xff, 0xff, 0xff, 0xff, 0xff, 0xff, 0xff, 0xff,
    0xff, 0xff, 0xff, 0xff, 0xff, 0xff, 0xff, 0xff, 0xff, 0xff, 0xff, 0xff, 0xff, 0xff, 0xff, 0xff,
    0xff, 0xff, 0xff, 0xff, 0xff, 0xff, 0xff, 0xff, 0xff, 0xff, 0xff, 0xff, 0xff, 0xff, 0xff, 0xff,
    0xff, 0xff, 0xff, 0xff, 0xff, 0xff, 0xff, 0xff, 0xff, 0xff, 0xff, 0xff, 0xff, 0xff, 0xff, 0xff,
    0xff, 0xff, 0xff, 0xff, 0xff, 0xff, 0xff, 0xff, 0xff, 0xff, 0xff, 0xff, 0xff, 0xff, 0xff, 0xff,
    0xff, 0xff, 0xff, 0xff, 0xff, 0xff, 0xff, 0xff, 0xff, 0xff, 0xff, 0xff, 0xff, 0xff, 0xff, 0xff,
    0xff, 0xff, 0xff, 0xff, 0xff, 0xff, 0xff, 0xff, 0xff, 0xff, 0xff, 0xff, 0xff, 0xff, 0xff, 0xff,
    0xff, 0xff, 0xff, 0xff, 0xff, 0xff, 0xff, 0xff, 0xff, 0xff, 0xff, 0xff, 0xff, 0xff, 0xff, 0xff,
    0xff, 0xff, 0xff, 0xff, 0xff, 0xff, 0xff, 0xff, 0xff, 0xff, 0xff, 0xff, 0xff, 0xff, 0xff, 0xff,
    0xff, 0xff, 0xff, 0xff, 0xff, 0xff, 0xff, 0xff, 0xff, 0xff, 0xff, 0xff, 0xff, 0xff, 0xff, 0xff,
    0xff, 0xff, 0xff, 0xff, 0xff, 0xff, 0xff, 0xff, 0xff, 0xff, 0xff, 0xff, 0xff, 0xff, 0xff, 0xff,
    0xff, 0xff, 0xff, 0xff, 0xff, 0xff, 0xff, 0xff, 0xff, 0xff, 0xff, 0xff, 0xff, 0xff, 0xff, 0xff,
    0xff, 0xff, 0xff, 0xff, 0xff, 0xff, 0xff, 0xff, 0xff, 0xff, 0xff, 0xff, 0xff, 0xff, 0xff, 0xff,
    0xff, 0xff, 0xff, 0xff, 0xff, 0xff, 0xff, 0xff, 0xff, 0xff, 0xff, 0xff, 0xff, 0xff, 0xff, 0xff,
    0xff, 0xff, 0xff, 0xff, 0xff, 0xff, 0xff, 0xff, 0xff, 0xff, 0xff, 0xff, 0xff, 0xff, 0xff, 0xff,
    0x38, 0x00, 0x00, 0x80, 0xff, 0xff, 0xff, 0xff, 0xff, 0xff, 0xff, 0xff, 0xff, 0xff, 0xff, 0xff,
    0xff, 0xff, 0xff, 0xff, 0xff, 0xff, 0xff, 0xff, 0xff, 0xff, 0xff, 0xff, 0xff, 0xff, 0xff, 0xff,
    0xff, 0xff, 0xff, 0xff, 0xff, 0xff, 0xff, 0xff, 0xff, 0xff, 0xff, 0xff, 0xff, 0xff, 0xff, 0xff,
    0xff, 0xff, 0xff, 0xff, 0xff, 0xff, 0xff, 0xff, 0xff, 0xff, 0xff, 0xff, 0xff, 0xff, 0xff, 0xff,
    0xff, 0xff, 0xff, 0xff, 0xff, 0xff, 0xff, 0xff, 0xff, 0xff, 0xff, 0xff, 0xff, 0xff, 0xff, 0xff,
    0xff, 0xff, 0xff, 0xff, 0xff, 0xff, 0xff, 0xff, 0xff, 0xff, 0xff, 0xff, 0xff, 0xff, 0xff, 0xff,
    0xff, 0xff, 0xff, 0xff, 0xff, 0xff, 0xff, 0xff, 0xff, 0xff, 0xff, 0xff, 0xff, 0xff, 0xff, 0xff,
    0xff, 0xff, 0xff, 0xff, 0xff, 0xff, 0xff, 0xff, 0xff, 0xff, 0xff, 0xff, 0xff, 0xff, 0xff, 0xff,
    0xff, 0xff, 0xff, 0xff, 0xff, 0xff, 0xff, 0xff, 0xff, 0xff, 0xff, 0xff, 0xff, 0xff, 0xff, 0xff,
    0xff, 0xff, 0xff, 0xff, 0xff, 0xff, 0xff, 0xff, 0xff, 0xff, 0xff, 0xff, 0xff, 0xff, 0xff, 0xff,
    0xff, 0xff, 0xff, 0xff, 0xff, 0xff, 0xff, 0xff, 0xff, 0xff, 0xff, 0xff, 0xff, 0xff, 0xff, 0xff,
    0xff, 0xff, 0xff, 0xff, 0xff, 0xff, 0xff, 0xff, 0xff, 0xff, 0xff, 0xff, 0xff, 0xff, 0xff, 0xff,
    0xff, 0xff, 0xff, 0xff, 0xff, 0xff, 0xff, 0xff, 0xff, 0xff, 0xff, 0xff, 0xff, 0xff, 0xff, 0xff,
    0xff, 0xff, 0xff, 0xff, 0xff, 0xff, 0xff, 0xff, 0xff, 0xff, 0xff, 0xff, 0xff, 0xff, 0xff, 0xff,
    0xff, 0xff, 0xff, 0xff, 0xff, 0xff, 0xff, 0xff, 0xff, 0xff, 0xff, 0xff, 0xff, 0xff, 0xff, 0xff,
    0xff, 0xff, 0xff, 0xff, 0xff, 0xff, 0xff, 0xff, 0xff, 0xff, 0xff, 0xff, 0xff, 0xff, 0xff, 0xff,
    0xff, 0xff, 0xff, 0xff, 0xff, 0xff, 0xff, 0xff, 0xff, 0xff, 0xff, 0xff, 0xff, 0xff, 0xff, 0xff,
    0xff, 0xff, 0xff, 0xff, 0xff, 0xff, 0xff, 0xff, 0xff, 0xff, 0xff, 0xff, 0xff, 0xff, 0xff, 0xff,
    0xff, 0xff, 0xff, 0xff, 0xff, 0xff, 0xff, 0xff, 0xff, 0xff, 0xff, 0xff, 0xff, 0xff, 0xff, 0xff,
    0xff, 0xff, 0xff, 0xff, 0xff, 0xff, 0xff, 0xff, 0xff, 0xff, 0xff, 0xff, 0xff, 0xff, 0xff, 0xff,
    0xff, 0xff, 0xff, 0xff, 0xff, 0xff, 0xff, 0xff, 0xff, 0xff, 0xff, 0xff, 0xff, 0xff, 0xff, 0xff,
    0xff, 0xff, 0xff, 0xff, 0xff, 0xff, 0xff, 0xff, 0xff, 0xff, 0xff, 0xff, 0xff, 0xff, 0xff, 0xff,
    0xff, 0xff, 0xff, 0xff, 0xff, 0xff, 0xff, 0xff, 0xff, 0xff, 0xff, 0xff, 0xff, 0xff, 0xff, 0xff,
    0xff, 0xff, 0xff, 0xff, 0xff, 0xff, 0xff, 0xff, 0xff, 0xff, 0xff, 0xff, 0xff, 0xff, 0xff, 0xff,
    0xff, 0xff, 0xff, 0xff, 0xff, 0xff, 0xff, 0xff, 0xff, 0xff, 0xff, 0xff, 0xff, 0xff, 0xff, 0xff,
    0xff, 0xff, 0xff, 0xff, 0xff, 0xff, 0xff, 0xff, 0xff, 0xff, 0xff, 0xff, 0xff, 0xff, 0xff, 0xff,
    0xff, 0xff, 0xff, 0xff, 0xff, 0xff, 0xff, 0xff, 0xff, 0xff, 0xff, 0xff, 0xff, 0xff, 0xff, 0xff,
    0xff, 0xff, 0xff, 0xff, 0xff, 0xff, 0xff, 0xff, 0xff, 0xff, 0xff, 0xff, 0xff, 0xff, 0xff, 0xff,
    0xff, 0xff, 0xff, 0xff, 0xff, 0xff, 0xff, 0xff, 0xff, 0xff, 0xff, 0xff, 0xff, 0xff, 0xff, 0xff,
    0xff, 0xff, 0xff, 0xff, 0xff, 0xff, 0xff, 0xff, 0xff, 0xff, 0xff, 0xff, 0xff, 0xff, 0xff, 0xff,
    0xff, 0xff, 0xff, 0xff, 0xff, 0xff, 0xff, 0xff, 0xff, 0xff, 0xff, 0xff, 0xff, 0xff, 0xff, 0xff,
    0xff, 0xff, 0xff, 0xff, 0xff, 0xff, 0xff, 0xff, 0xff, 0xff, 0xff, 0xff, 0xff, 0xff, 0xff, 0xff,
    0x05, 0x00, 0x00, 0x00, 0x20, 0x00, 0x00, 0x00, 0x3c, 0x00, 0x00, 0x00, 0x00, 0x00, 0x00, 0x00,
    0xff, 0xff, 0xff, 0xff, 0x00, 0x00, 0x00, 0x00, 0x06, 0x00, 0x00, 0x00, 0x05, 0x00, 0x00, 0x00,
    0x00, 0x00, 0x00, 0x00, 0x00, 0x00, 0x00, 0x00, 0x00, 0x00, 0x00, 0x00, 0x00, 0x00, 0x00, 0x00,
    0x00, 0x00, 0x00, 0x00, 0x00, 0x00, 0x00, 0x00, 0x00, 0x00, 0x00, 0x00, 0x00, 0x00, 0x00, 0x00,
    0x00, 0x00, 0x00, 0x00, 0x00, 0x00, 0x00, 0x00, 0x00, 0x00, 0x00, 0x00, 0x00, 0x00, 0x00, 0x00,
    0x00, 0x00, 0x00, 0x00, 0x00, 0x00, 0x00, 0x00, 0x00, 0x00, 0x00, 0x00, 0x00, 0x00, 0x00, 0x00,
    0x00, 0x00, 0x00, 0x00, 0x00, 0x00, 0x00, 0x00, 0x00, 0x00, 0x00, 0x00, 0x00, 0x00, 0x00, 0x00,
    0x00, 0x00, 0x00, 0x00, 0x00, 0x00, 0x00, 0x00, 0x00, 0x00, 0x00, 0x00, 0x00, 0x00, 0x00, 0x00,
    0x00, 0x00, 0x00, 0x00, 0x00, 0x00, 0x00, 0x00, 0x00, 0x00, 0x00, 0x00, 0x00, 0x00, 0x00, 0x00,
    0x00, 0x00, 0x00, 0x00, 0x00, 0x00, 0x00, 0x00, 0x00, 0x00, 0x00, 0x00, 0x00, 0x00, 0x00, 0x00,
    0x00, 0x00, 0x00, 0x00, 0x00, 0x00, 0x00, 0x00, 0x00, 0x00, 0x00, 0x00, 0x00, 0x00, 0x00, 0x00,
    0x00, 0x00, 0x00, 0x00, 0x00, 0x00, 0x00, 0x00, 0x00, 0x00, 0x00, 0x00, 0x00, 0x00, 0x00, 0x00,
    0x00, 0x00, 0x00, 0x00, 0x00, 0x00, 0x00, 0x00, 0x00, 0x00, 0x00, 0x00, 0x00, 0x00, 0x00, 0x00,
    0x00, 0x00, 0x00, 0x00, 0x00, 0x00, 0x00, 0x00, 0x00, 0x00, 0x00, 0x00, 0x00, 0x00, 0x00, 0x00,
    0x00, 0x00, 0x00, 0x00, 0x00, 0x00, 0x00, 0x00, 0x00, 0x00, 0x00, 0x00, 0x00, 0x00, 0x00, 0x00,
    0x00, 0x00, 0x00, 0x00, 0x00, 0x00, 0x00, 0x00, 0x00, 0x00, 0x00, 0x00, 0x00, 0x00, 0x00, 0x00,
    0x00, 0x00, 0x00, 0x00, 0x00, 0x00, 0x00, 0x00, 0x00, 0x00, 0x00, 0x00, 0x00, 0x00, 0x00, 0x00,
    0x00, 0x00, 0x00, 0x00, 0x00, 0x00, 0x00, 0x00, 0x00, 0x00, 0x00, 0x00, 0x00, 0x00, 0x00, 0x00,
    0x00, 0x00, 0x00, 0x00, 0x00, 0x00, 0x00, 0x00, 0x00, 0x00, 0x00, 0x00, 0x00, 0x00, 0x00, 0x00,
    0x00, 0x00, 0x00, 0x00, 0x00, 0x00, 0x00, 0x00, 0x00, 0x00, 0x00, 0x00, 0x00, 0x00, 0x00, 0x00,
    0x00, 0x00, 0x00, 0x00, 0x00, 0x00, 0x00, 0x00, 0x00, 0x00, 0x00, 0x00, 0x00, 0x00, 0x00, 0x00,
    0x00, 0x00, 0x00, 0x00, 0x00, 0x00, 0x00, 0x00, 0x00, 0x00, 0x00, 0x00, 0x00, 0x00, 0x00, 0x00,
    0x00, 0x00, 0x00, 0x00, 0x00, 0x00, 0x00, 0x00, 0x00, 0x00, 0x00, 0x00, 0x00, 0x00, 0x00, 0x00,
    0x00, 0x00, 0x00, 0x00, 0x00, 0x00, 0x00, 0x00, 0x00, 0x00, 0x00, 0x00, 0x00, 0x00, 0x00, 0x00,
    0x00, 0x00, 0x00, 0x00, 0x00, 0x00, 0x00, 0x00, 0x00, 0x00, 0x00, 0x00, 0x00, 0x00, 0x00, 0x00,
    0x00, 0x00, 0x00, 0x00, 0x00, 0x00, 0x00, 0x00, 0x00, 0x00, 0x00, 0x00, 0x00, 0x00, 0x00, 0x00,
    0x00, 0x00, 0x00, 0x00, 0x00, 0x00, 0x00, 0x00, 0x00, 0x00, 0x00, 0x00, 0x00, 0x00, 0x00, 0x00,
    0x00, 0x00, 0x00, 0x00, 0x00, 0x00, 0x00, 0x00, 0x00, 0x00, 0x00, 0x00, 0x00, 0x00, 0x00, 0x00,
    0x00, 0x00, 0x00, 0x00, 0x00, 0x00, 0x00, 0x00, 0x00, 0x00, 0x00, 0x00, 0x00, 0x00, 0x00, 0x00,
    0x00, 0x00, 0x00, 0x00, 0x00, 0x00, 0x00, 0x00, 0x00, 0x00, 0x00, 0x00, 0x00, 0x00, 0x00, 0x00,
    0x00, 0x00, 0x00, 0x00, 0x00, 0x00, 0x00, 0x00, 0x00, 0x00, 0x00, 0x00, 0x00, 0x00, 0x00, 0x00,
    0x00, 0x00, 0x00, 0x00, 0x00, 0x00, 0x00, 0x00, 0x00, 0x00, 0x00, 0x00, 0x00, 0x00, 0x00, 0x00,
    0x03, 0x00, 0x00, 0x00, 0x00, 0x00, 0x00, 0x00, 0x00, 0x00, 0x00, 0x00, 0x00, 0x00, 0x00, 0x00,
    0x00, 0x00, 0x00, 0x00, 0x00, 0x00, 0x00, 0x00, 0x00, 0x00, 0x00, 0x00, 0x00, 0x00, 0x00, 0x00,
    0x00, 0x00, 0x00, 0x00, 0x00, 0x00, 0x00, 0x00, 0x00, 0x00, 0x00, 0x00, 0x00, 0x00, 0x00, 0x00,
    0x00, 0x00, 0x00, 0x00, 0x00, 0x00, 0x00, 0x00, 0x00, 0x00, 0x00, 0x00, 0x00, 0x00, 0x00, 0x00,
    0x00, 0x00, 0x00, 0x00, 0x00, 0x00, 0x00, 0x00, 0x00, 0x00, 0x00, 0x00, 0x00, 0x00, 0x00, 0x00,
    0x00, 0x00, 0x00, 0x00, 0x00, 0x00, 0x00, 0x00, 0x00, 0x00, 0x00, 0x00, 0x00, 0x00, 0x00, 0x00,
    0x00, 0x00, 0x00, 0x00, 0x00, 0x00, 0x00, 0x00, 0x00, 0x00, 0x00, 0x00, 0x00, 0x00, 0x00, 0x00,
    0x00, 0x00, 0x00, 0x00, 0x00, 0x00, 0x00, 0x00, 0x00, 0x00, 0x00, 0x00, 0x00, 0x00, 0x00, 0x00,
    0x00, 0x00, 0x00, 0x00, 0x00, 0x00, 0x00, 0x00, 0x00, 0x00, 0x00, 0x00, 0x00, 0x00, 0x00, 0x00,
    0x00, 0x00, 0x00, 0x00, 0x00, 0x00, 0x00, 0x00, 0x00, 0x00, 0x00, 0x00, 0x00, 0x00, 0x00, 0x00,
    0x00, 0x00, 0x00, 0x00, 0x00, 0x00, 0x00, 0x00, 0x00, 0x00, 0x00, 0x00, 0x00, 0x00, 0x00, 0x00,
    0x00, 0x00, 0x00, 0x00, 0x00, 0x00, 0x00, 0x00, 0x00, 0x00, 0x00, 0x00, 0x00, 0x00, 0x00, 0x00,
    0x00, 0x00, 0x00, 0x00, 0x00, 0x00, 0x00, 0x00, 0x00, 0x00, 0x00, 0x00, 0x00, 0x00, 0x00, 0x00,
    0x00, 0x00, 0x00, 0x00, 0x00, 0x00, 0x00, 0x00, 0x00, 0x00, 0x00, 0x00, 0x00, 0x00, 0x00, 0x00,
    0x00, 0x00, 0x00, 0x00, 0x00, 0x00, 0x00, 0x00, 0x00, 0x00, 0x00, 0x00, 0x00, 0x00, 0x00, 0x00,
    0x00, 0x00, 0x00, 0x00, 0x00, 0x00, 0x00, 0x00, 0x00, 0x00, 0x00, 0x00, 0x00, 0x00, 0x00, 0x00,
    0x00, 0x00, 0x00, 0x00, 0x00, 0x00, 0x00, 0x00, 0x00, 0x00, 0x00, 0x00, 0x00, 0x00, 0x00, 0x00,
    0x00, 0x00, 0x00, 0x00, 0x00, 0x00, 0x00, 0x00, 0x00, 0x00, 0x00, 0x00, 0x00, 0x00, 0x00, 0x00,
    0x00, 0x00, 0x00, 0x00, 0x00, 0x00, 0x00, 0x00, 0x00, 0x00, 0x00, 0x00, 0x00, 0x00, 0x00, 0x00,
    0x00, 0x00, 0x00, 0x00, 0x00, 0x00, 0x00, 0x00, 0x00, 0x00, 0x00, 0x00, 0x00, 0x00, 0x00, 0x00,
    0x00, 0x00, 0x00, 0x00, 0x00, 0x00, 0x00, 0x00, 0x00, 0x00, 0x00, 0x00, 0x00, 0x00, 0x00, 0x00,
    0x00, 0x00, 0x00, 0x00, 0x00, 0x00, 0x00, 0x00, 0x00, 0x00, 0x00, 0x00, 0x00, 0x00, 0x00, 0x00,
    0x00, 0x00, 0x00, 0x00, 0x00, 0x00, 0x00, 0x00, 0x00, 0x00, 0x00, 0x00, 0x00, 0x00, 0x00, 0x00,
    0x00, 0x00, 0x00, 0x00, 0x00, 0x00, 0x00, 0x00, 0x00, 0x00, 0x00, 0x00, 0x00, 0x00, 0x00, 0x00,
    0x00, 0x00, 0x00, 0x00, 0x00, 0x00, 0x00, 0x00, 0x00, 0x00, 0x00, 0x00, 0x00, 0x00, 0x00, 0x00,
    0x00, 0x00, 0x00, 0x00, 0x00, 0x00, 0x00, 0x00, 0x00, 0x00, 0x00, 0x00, 0x00, 0x00, 0x00, 0x00,
    0x00, 0x00, 0x00, 0x00, 0x00, 0x00, 0x00, 0x00, 0x00, 0x00, 0x00, 0x00, 0x00, 0x00, 0x00, 0x00,
    0x00, 0x00, 0x00, 0x00, 0x00, 0x00, 0x00, 0x00, 0x00, 0x00, 0x00, 0x00, 0x00, 0x00, 0x00, 0x00,
    0x00, 0x00, 0x00, 0x00, 0x00, 0x00, 0x00, 0x00, 0x00, 0x00, 0x00, 0x00, 0x00, 0x00, 0x00, 0x00,
    0x00, 0x00, 0x00, 0x00, 0x00, 0x00, 0x00, 0x00, 0x00, 0x00, 0x00, 0x00, 0x00, 0x00, 0x00, 0x00,
    0x00, 0x00, 0x00, 0x00, 0x00, 0x00, 0x00, 0x00, 0x00, 0x00, 0x00, 0x00, 0x00, 0x00, 0x00, 0x00,
    0x00, 0x00, 0x00, 0x00, 0x00, 0x00, 0x00, 0x00, 0x00, 0x00, 0x00, 0x00, 0x00, 0x00, 0x00, 0x00,
    0x94, 0x2e, 0x31, 0x01, 0x2e, 0xb6, 0xd7, 0x68, 0x01, 0x00, 0x00, 0x00, 0x4a, 0x32, 0x55, 0xdb,
    0x96, 0x7e, 0xf0, 0x4b, 0xb9, 0xa4, 0x4e, 0x07, 0xf1, 0x9b, 0x70, 0xa9, 0x00, 0x00, 0x00, 0x00,
    0x00, 0x00, 0x00, 0x00, 0x01, 0x00, 0x00, 0x00, 0x01, 0x00, 0x00, 0x00, 0x00, 0x00, 0x00, 0x00,
    0x00, 0x00, 0x00, 0x00, 0x00, 0x00, 0x00, 0x00, 0xdc, 0x51, 0x33, 0x01, 0x00, 0x00, 0x00, 0x00,
    0x00, 0x00, 0x00, 0x00, 0x00, 0x00, 0x00, 0x00, 0x00, 0x00, 0x00, 0x00, 0x00, 0x00, 0x00, 0x00,
    0x00, 0x00, 0x00, 0x00, 0x00, 0x00, 0x00, 0x00, 0x00, 0x00, 0x00, 0x00, 0x00, 0x00, 0x00, 0x00,
    0x00, 0x00, 0x00, 0x00, 0x00, 0x00, 0x00, 0x00, 0x00, 0x00, 0x00, 0x00, 0x00, 0x00, 0x00, 0x00,
    0x00, 0x00, 0x00, 0x00, 0x00, 0x00, 0x00, 0x00, 0x00, 0x00, 0x00, 0x00, 0x00, 0x00, 0x00, 0x00,
    0x00, 0x00, 0x00, 0x00, 0x00, 0x00, 0x00, 0x00, 0x00, 0x00, 0x00, 0x00, 0x00, 0x00, 0x00, 0x00,
    0x00, 0x00, 0x00, 0x00, 0x00, 0x00, 0x00, 0x00, 0x00, 0x00, 0x00, 0x00, 0x00, 0x00, 0x00, 0x00,
    0x00, 0x00, 0x00, 0x00, 0x00, 0x00, 0x00, 0x00, 0x00, 0x00, 0x00, 0x00, 0x00, 0x00, 0x00, 0x00,
    0x00, 0x00, 0x00, 0x00, 0x00, 0x00, 0x00, 0x00, 0x00, 0x00, 0x00, 0x00, 0x00, 0x00, 0x00, 0x00,
    0x00, 0x00, 0x00, 0x00, 0x00, 0x00, 0x00, 0x00, 0x00, 0x00, 0x00, 0x00, 0x00, 0x00, 0x00, 0x00,
    0x00, 0x00, 0x00, 0x00, 0x00, 0x00, 0x00, 0x00, 0x00, 0x00, 0x00, 0x00, 0x00, 0x00, 0x00, 0x00,
    0x00, 0x00, 0x00, 0x00, 0x00, 0x00, 0x00, 0x00, 0x00, 0x00, 0x00, 0x00, 0x00, 0x00, 0x00, 0x00,
    0x00, 0x00, 0x00, 0x00, 0x00, 0x00, 0x00, 0x00, 0x00, 0x00, 0x00, 0x00, 0x00, 0x00, 0x00, 0x00,
    0x00, 0x00, 0x00, 0x00, 0x00, 0x00, 0x00, 0x00, 0x00, 0x00, 0x00, 0x00, 0x00, 0x00, 0x00, 0x00,
    0x00, 0x00, 0x00, 0x00, 0x00, 0x00, 0x00, 0x00, 0x00, 0x00, 0x00, 0x00, 0x00, 0x00, 0x00, 0x00,
    0x00, 0x00, 0x00, 0x00, 0x00, 0x00, 0x00, 0x00, 0x00, 0x00, 0x00, 0x00, 0x00, 0x00, 0x00, 0x00,
    0x00, 0x00, 0x00, 0x00, 0x00, 0x00, 0x00, 0x00, 0x00, 0x00, 0x00, 0x00, 0x00, 0x00, 0x00, 0x00,
    0x00, 0x00, 0x00, 0x00, 0x00, 0x00, 0x00, 0x00, 0x00, 0x00, 0x00, 0x00, 0x00, 0x00, 0x00, 0x00,
    0x00, 0x00, 0x00, 0x00, 0x00, 0x00, 0x00, 0x00, 0x00, 0x00, 0x00, 0x00, 0x00, 0x00, 0x00, 0x00,
    0x00, 0x00, 0x00, 0x00, 0x00, 0x00, 0x00, 0x00, 0x00, 0x00, 0x00, 0x00, 0x00, 0x00, 0x00, 0x00,
    0x00, 0x00, 0x00, 0x00, 0x00, 0x00, 0x00, 0x00, 0x00, 0x00, 0x00, 0x00, 0x00, 0x00, 0x00, 0x00,
    0x00, 0x00, 0x00, 0x00, 0x00, 0x00, 0x00, 0x00, 0x00, 0x00, 0x00, 0x00, 0x00, 0x00, 0x00, 0x00,
    0x00, 0x00, 0x00, 0x00, 0x00, 0x00, 0x00, 0x00, 0x00, 0x00, 0x00, 0x00, 0x00, 0x00, 0x00, 0x00,
    0x00, 0x00, 0x00, 0x00, 0x00, 0x00, 0x00, 0x00, 0x00, 0x00, 0x00, 0x00, 0x00, 0x00, 0x00, 0x00,
    0x00, 0x00, 0x00, 0x00, 0x00, 0x00, 0x00, 0x00, 0x00, 0x00, 0x00, 0x00, 0x00, 0x00, 0x00, 0x00,
    0x00, 0x00, 0x00, 0x00, 0x00, 0x00, 0x00, 0x00, 0x00, 0x00, 0x00, 0x00, 0x00, 0x00, 0x00, 0x00,
    0x00, 0x00, 0x00, 0x00, 0x00, 0x00, 0x00, 0x00, 0x00, 0x00, 0x00, 0x00, 0x00, 0x00, 0x00, 0x00,
    0x00, 0x00, 0x00, 0x00, 0x00, 0x00, 0x00, 0x00, 0x00, 0x00, 0x00, 0x00, 0x00, 0x00, 0x00, 0x00,
    0x00, 0x00, 0x00, 0x00, 0x00, 0x00, 0x00, 0x00, 0x00, 0x00, 0x00, 0x00, 0x00, 0x00, 0x00, 0x00,
    0x6e, 0x74, 0x5f, 0x30, 0x20, 0x3a, 0x20, 0x72, 0x65, 0x67, 0x69, 0x73, 0x74, 0x65, 0x72, 0x28,
    0x62, 0x30, 0x29, 0x0a, 0x7b, 0x0a, 0x20, 0x20, 0x20, 0x20, 0x53, 0x4c, 0x41, 0x4e, 0x47, 0x5f,
    0x50, 0x61, 0x72, 0x61, 0x6d, 0x65, 0x74, 0x65, 0x72, 0x47, 0x72, 0x6f, 0x75, 0x70, 0x5f, 0x50,
    0x75, 0x73, 0x68, 0x43, 0x6f, 0x6e, 0x73, 0x74, 0x61, 0x6e, 0x74, 0x5f, 0x30, 0x20, 0x50, 0x75,
    0x73, 0x68, 0x43, 0x6f, 0x6e, 0x73, 0x74, 0x61, 0x6e, 0x74, 0x5f, 0x30, 0x3b, 0x0a, 0x7d, 0x0a,
    0x0a, 0x23, 0x6c, 0x69, 0x6e, 0x65, 0x20, 0x31, 0x0a, 0x73, 0x74, 0x72, 0x75, 0x63, 0x74, 0x20,
    0x56, 0x65, 0x72, 0x74, 0x65, 0x78, 0x4f, 0x75, 0x74, 0x70, 0x75, 0x74, 0x5f, 0x30, 0x0a, 0x7b,
    0x0a, 0x20, 0x20, 0x20, 0x20, 0x66, 0x6c, 0x6f, 0x61, 0x74, 0x34, 0x20, 0x70, 0x6f, 0x73, 0x69,
    0x74, 0x69, 0x6f, 0x6e, 0x5f, 0x30, 0x20, 0x3a, 0x20, 0x53, 0x56, 0x5f, 0x50, 0x6f, 0x73, 0x69,
    0x74, 0x69, 0x6f, 0x6e, 0x3b, 0x0a, 0x20, 0x20, 0x20, 0x20, 0x66, 0x6c, 0x6f, 0x61, 0x74, 0x32,
    0x20, 0x75, 0x76, 0x5f, 0x30, 0x20, 0x3a, 0x20, 0x54, 0x45, 0x58, 0x43, 0x4f, 0x4f, 0x52, 0x44,
    0x30, 0x3b, 0x0a, 0x7d, 0x3b, 0x0a, 0x0a, 0x0a, 0x23, 0x6c, 0x69, 0x6e, 0x65, 0x20, 0x31, 0x36,
    0x0a, 0x56, 0x65, 0x72, 0x74, 0x65, 0x78, 0x4f, 0x75, 0x74, 0x70, 0x75, 0x74, 0x5f, 0x30, 0x20,
    0x76, 0x65, 0x72, 0x74, 0x65, 0x78, 0x4d, 0x61, 0x69, 0x6e, 0x28, 0x75, 0x69, 0x6e, 0x74, 0x20,
    0x76, 0x65, 0x72, 0x74, 0x65, 0x78, 0x49, 0x44, 0x5f, 0x30, 0x20, 0x3a, 0x20, 0x53, 0x56, 0x5f,
    0x56, 0x65, 0x72, 0x74, 0x65, 0x78, 0x49, 0x44, 0x29, 0x0a, 0x7b, 0x0a, 0x0a, 0x23, 0x6c, 0x69,
    0x6e, 0x65, 0x20, 0x31, 0x36, 0x0a, 0x20, 0x20, 0x20, 0x20, 0x75, 0x69, 0x6e, 0x74, 0x20, 0x5f,
    0x53, 0x31, 0x20, 0x3d, 0x20, 0x76, 0x65, 0x72, 0x74, 0x65, 0x78, 0x49, 0x44, 0x5f, 0x30, 0x3b,
    0x0a, 0x0a, 0x0a, 0x0a, 0x20, 0x20, 0x20, 0x20, 0x66, 0x6c, 0x6f, 0x61, 0x74, 0x32, 0x20, 0x6c,
    0x6f, 0x63, 0x61, 0x6c, 0x5f, 0x30, 0x3b, 0x0a, 0x20, 0x20, 0x20, 0x20, 0x62, 0x6f, 0x6f, 0x6c,
    0x20, 0x5f, 0x53, 0x32, 0x20, 0x3d, 0x20, 0x5f, 0x53, 0x31, 0x20, 0x3d, 0x3d, 0x20, 0x32, 0x55,
    0x3b, 0x0a, 0x0a, 0x23, 0x6c, 0x69, 0x6e, 0x65, 0x20, 0x32, 0x31, 0x0a, 0x20, 0x20, 0x20, 0x20,
    0x62, 0x6f, 0x6f, 0x6c, 0x20, 0x5f, 0x53, 0x33, 0x3b, 0x0a, 0x0a, 0x23, 0x6c, 0x69, 0x6e, 0x65,
    0x20, 0x32, 0x31, 0x0a, 0x20, 0x20, 0x20, 0x20, 0x69, 0x66, 0x28, 0x5f, 0x53, 0x32, 0x29, 0x0a,
    0x20, 0x20, 0x20, 0x20, 0x7b, 0x0a, 0x0a, 0x23, 0x6c, 0x69, 0x6e, 0x65, 0x20, 0x32, 0x31, 0x0a,
    0x20, 0x20, 0x20, 0x20, 0x20, 0x20, 0x20, 0x20, 0x5f, 0x53, 0x33, 0x20, 0x3d, 0x20, 0x74, 0x72,
    0x75, 0x65, 0x3b, 0x0a, 0x0a, 0x23, 0x6c, 0x69, 0x6e, 0x65, 0x20, 0x32, 0x31, 0x0a, 0x20, 0x20,
    0x20, 0x20, 0x7d, 0x0a, 0x20, 0x20, 0x20, 0x20, 0x65, 0x6c, 0x73, 0x65, 0x0a, 0x20, 0x20, 0x20,
    0x20, 0x7b, 0x0a, 0x0a, 0x23, 0x6c, 0x69, 0x6e, 0x65, 0x20, 0x32, 0x31, 0x0a, 0x20, 0x20, 0x20,
    0x20, 0x20, 0x20, 0x20, 0x20, 0x5f, 0x53, 0x33, 0x20, 0x3d, 0x20, 0x5f, 0x53, 0x31, 0x20, 0x3d,
    0x3d, 0x20, 0x33, 0x55, 0x3b, 0x0a, 0x0a, 0x23, 0x6c, 0x69, 0x6e, 0x65, 0x20, 0x32, 0x31, 0x0a,
    0x20, 0x20, 0x20, 0x20, 0x7d, 0x0a, 0x0a, 0x23, 0x6c, 0x69, 0x6e, 0x65, 0x20, 0x32, 0x31, 0x0a,
    0x7a, 0xbf, 0x00, 0x00, 0xc6, 0x5a, 0x00, 0x00, 0x75, 0x83, 0x01, 0x00, 0x9d, 0x5e, 0x01, 0x00,
    0xaa, 0xc2, 0x02, 0x00, 0xdd, 0x08, 0x03, 0x00, 0x9e, 0xc1, 0x01, 0x00, 0x24, 0x94, 0x03, 0x00,
    0xd2, 0x95, 0x01, 0x00, 0x7d, 0x0a, 0x02, 0x00, 0xbe, 0xb1, 0x00, 0x00, 0x39, 0xce, 0x01, 0x00,
    0x00, 0x10, 0x00, 0x00, 0x00, 0x00, 0x00, 0x00, 0x00, 0x00, 0x00, 0x00, 0x00, 0x00, 0x00, 0x00,
    0x00, 0x00, 0x00, 0x00, 0x00, 0x00, 0x00, 0x00, 0x00, 0x00, 0x00, 0x00, 0x00, 0x00, 0x00, 0x00,
    0x00, 0x00, 0x00, 0x00, 0x00, 0x00, 0x00, 0x00, 0x00, 0x00, 0x00, 0x00, 0x00, 0x00, 0x00, 0x00,
    0x00, 0x00, 0x00, 0x00, 0x00, 0x00, 0x00, 0x00, 0x00, 0x00, 0x00, 0x00, 0x00, 0x00, 0x00, 0x00,
    0x00, 0x00, 0x00, 0x00, 0x00, 0x00, 0x00, 0x00, 0x00, 0x00, 0x00, 0x00, 0x00, 0x00, 0x00, 0x00,
    0x00, 0x00, 0x00, 0x00, 0x00, 0x00, 0x00, 0x00, 0x00, 0x00, 0x00, 0x00, 0x00, 0x00, 0x00, 0x00,
    0x00, 0x00, 0x00, 0x00, 0x00, 0x00, 0x00, 0x00, 0x00, 0x00, 0x00, 0x00, 0x00, 0x00, 0x00, 0x00,
    0x00, 0x00, 0x00, 0x00, 0x00, 0x00, 0x00, 0x00, 0x00, 0x00, 0x00, 0x00, 0x00, 0x00, 0x00, 0x00,
    0x00, 0x00, 0x00, 0x00, 0x00, 0x00, 0x00, 0x00, 0x00, 0x00, 0x00, 0x00, 0x00, 0x00, 0x00, 0x00,
    0x00, 0x00, 0x00, 0x00, 0x00, 0x00, 0x00, 0x00, 0x00, 0x00, 0x00, 0x00, 0x00, 0x00, 0x00, 0x00,
    0x00, 0x00, 0x00, 0x00, 0x00, 0x00, 0x00, 0x00, 0x00, 0x00, 0x00, 0x00, 0x00, 0x00, 0x00, 0x00,
    0x00, 0x00, 0x00, 0x00, 0x00, 0x00, 0x00, 0x00, 0x00, 0x00, 0x00, 0x00, 0x00, 0x00, 0x00, 0x00,
    0x00, 0x00, 0x00, 0x00, 0x00, 0x00, 0x00, 0x00, 0x00, 0x00, 0x00, 0x00, 0x00, 0x00, 0x00, 0x00,
    0x00, 0x00, 0x00, 0x00, 0x00, 0x00, 0x00, 0x00, 0x00, 0x00, 0x00, 0x00, 0x00, 0x00, 0x00, 0x00,
    0x00, 0x00, 0x00, 0x00, 0x00, 0x00, 0x00, 0x00, 0x00, 0x00, 0x00, 0x00, 0x00, 0x00, 0x00, 0x00,
    0x00, 0x00, 0x00, 0x00, 0x00, 0x00, 0x00, 0x00, 0x00, 0x00, 0x00, 0x00, 0x00, 0x00, 0x00, 0x00,
    0x00, 0x00, 0x00, 0x00, 0x00, 0x00, 0x00, 0x00, 0x00, 0x00, 0x00, 0x00, 0x00, 0x00, 0x00, 0x00,
    0x00, 0x00, 0x00, 0x00, 0x00, 0x00, 0x00, 0x00, 0x00, 0x00, 0x00, 0x00, 0x00, 0x00, 0x00, 0x00,
    0x00, 0x00, 0x00, 0x00, 0x00, 0x00, 0x00, 0x00, 0x00, 0x00, 0x00, 0x00, 0x00, 0x00, 0x00, 0x00,
    0x00, 0x00, 0x00, 0x00, 0x00, 0x00, 0x00, 0x00, 0x00, 0x00, 0x00, 0x00, 0x00, 0x00, 0x00, 0x00,
    0x00, 0x00, 0x00, 0x00, 0x00, 0x00, 0x00, 0x00, 0x00, 0x00, 0x00, 0x00, 0x00, 0x00, 0x00, 0x00,
    0x00, 0x00, 0x00, 0x00, 0x00, 0x00, 0x00, 0x00, 0x00, 0x00, 0x00, 0x00, 0x00, 0x00, 0x00, 0x00,
    0x00, 0x00, 0x00, 0x00, 0x00, 0x00, 0x00, 0x00, 0x00, 0x00, 0x00, 0x00, 0x00, 0x00, 0x00, 0x00,
    0x00, 0x00, 0x00, 0x00, 0x00, 0x00, 0x00, 0x00, 0x00, 0x00, 0x00, 0x00, 0x00, 0x00, 0x00, 0x00,
    0x00, 0x00, 0x00, 0x00, 0x00, 0x00, 0x00, 0x00, 0x00, 0x00, 0x00, 0x00, 0x00, 0x00, 0x00, 0x00,
    0x00, 0x00, 0x00, 0x00, 0x00, 0x00, 0x00, 0x00, 0x00, 0x00, 0x00, 0x00, 0x00, 0x00, 0x00, 0x00,
    0x00, 0x00, 0x00, 0x00, 0x00, 0x00, 0x00, 0x00, 0x00, 0x00, 0x00, 0x00, 0x00, 0x00, 0x00, 0x00,
    0x00, 0x00, 0x00, 0x00, 0x00, 0x00, 0x00, 0x00, 0x00, 0x00, 0x00, 0x00, 0x00, 0x00, 0x00, 0x00,
    0x00, 0x00, 0x00, 0x00, 0x00, 0x00, 0x00, 0x00, 0x00, 0x00, 0x00, 0x00, 0x00, 0x00, 0x00, 0x00,
    0x23, 0x70, 0x72, 0x61, 0x67, 0x6d, 0x61, 0x20, 0x70, 0x61, 0x63, 0x6b, 0x5f, 0x6d, 0x61, 0x74,
    0x72, 0x69, 0x78, 0x28, 0x63, 0x6f, 0x6c, 0x75, 0x6d, 0x6e, 0x5f, 0x6d, 0x61, 0x6a, 0x6f, 0x72,
    0x29, 0x0a, 0x23, 0x69, 0x66, 0x64, 0x65, 0x66, 0x20, 0x53, 0x4c, 0x41, 0x4e, 0x47, 0x5f, 0x48,
    0x4c, 0x53, 0x4c, 0x5f, 0x45, 0x4e, 0x41, 0x42, 0x4c, 0x45, 0x5f, 0x4e, 0x56, 0x41, 0x50, 0x49,
    0x0a, 0x23, 0x69, 0x6e, 0x63, 0x6c, 0x75, 0x64, 0x65, 0x20, 0x22, 0x6e, 0x76, 0x48, 0x4c, 0x53,
    0x4c, 0x45, 0x78, 0x74, 0x6e, 0x73, 0x2e, 0x68, 0x22, 0x0a, 0x23, 0x65, 0x6e, 0x64, 0x69, 0x66,
    0x0a, 0x0a, 0x23, 0x69, 0x66, 0x6e, 0x64, 0x65, 0x66, 0x20, 0x5f, 0x5f, 0x44, 0x58, 0x43, 0x5f,
    0x56, 0x45, 0x52, 0x53, 0x49, 0x4f, 0x4e, 0x5f, 0x4d, 0x41, 0x4a, 0x4f, 0x52, 0x0a, 0x2f, 0x2f,
    0x20, 0x77, 0x61, 0x72, 0x6e, 0x69, 0x6e, 0x67, 0x20, 0x58, 0x33, 0x35, 0x35, 0x37, 0x3a, 0x20,
    0x6c, 0x6f, 0x6f, 0x70, 0x20, 0x64, 0x6f, 0x65, 0x73, 0x6e, 0x27, 0x74, 0x20, 0x73, 0x65, 0x65,
    0x6d, 0x20, 0x74, 0x6f, 0x20, 0x64, 0x6f, 0x20, 0x61, 0x6e, 0x79, 0x74, 0x68, 0x69, 0x6e, 0x67,
    0x2c, 0x20, 0x66, 0x6f, 0x72, 0x63, 0x69, 0x6e, 0x67, 0x20, 0x6c, 0x6f, 0x6f, 0x70, 0x20, 0x74,
    0x6f, 0x20, 0x75, 0x6e, 0x72, 0x6f, 0x6c, 0x6c, 0x0a, 0x23, 0x70, 0x72, 0x61, 0x67, 0x6d, 0x61,
    0x20, 0x77, 0x61, 0x72, 0x6e, 0x69, 0x6e, 0x67, 0x28, 0x64, 0x69, 0x73, 0x61, 0x62, 0x6c, 0x65,
    0x20, 0x3a, 0x20, 0x33, 0x35, 0x35, 0x37, 0x29, 0x0a, 0x23, 0x65, 0x6e, 0x64, 0x69, 0x66, 0x0a,
    0x0a, 0x0a, 0x23, 0x6c, 0x69, 0x6e, 0x65, 0x20, 0x39, 0x20, 0x22, 0x72, 0x65, 0x73, 0x6f, 0x75,
    0x72, 0x63, 0x65, 0x73, 0x2f, 0x53, 0x68, 0x61, 0x64, 0x65, 0x72, 0x73, 0x2f, 0x53, 0x6f, 0x75,
    0x72, 0x63, 0x65, 0x2f, 0x42, 0x6c, 0x69, 0x74, 0x2e, 0x73, 0x6c, 0x61, 0x6e, 0x67, 0x22, 0x0a,
    0x73, 0x74, 0x72, 0x75, 0x63, 0x74, 0x20, 0x53, 0x4c, 0x41, 0x4e, 0x47, 0x5f, 0x50, 0x61, 0x72,
    0x61, 0x6d, 0x65, 0x74, 0x65, 0x72, 0x47, 0x72, 0x6f, 0x75, 0x70, 0x5f, 0x50, 0x75, 0x73, 0x68,
    0x43, 0x6f, 0x6e, 0x73, 0x74, 0x61, 0x6e, 0x74, 0x5f, 0x30, 0x0a, 0x7b, 0x0a, 0x20, 0x20, 0x20,
    0x20, 0x66, 0x6c, 0x6f, 0x61, 0x74, 0x32, 0x20, 0x73, 0x72, 0x63, 0x43, 0x6f, 0x72, 0x6e, 0x65,
    0x72, 0x4c, 0x6f, 0x77, 0x65, 0x72, 0x4c, 0x65, 0x66, 0x74, 0x5f, 0x30, 0x3b, 0x0a, 0x20, 0x20,
    0x20, 0x20, 0x66, 0x6c, 0x6f, 0x61, 0x74, 0x32, 0x20, 0x73, 0x72, 0x63, 0x43, 0x6f, 0x72, 0x6e,
    0x65, 0x72, 0x55, 0x70, 0x70, 0x65, 0x72, 0x52, 0x69, 0x67, 0x68, 0x74, 0x5f, 0x30, 0x3b, 0x0a,
    0x20, 0x20, 0x20, 0x20, 0x66, 0x6c, 0x6f, 0x61, 0x74, 0x32, 0x20, 0x64, 0x73, 0x74, 0x43, 0x6f,
    0x72, 0x6e, 0x65, 0x72, 0x4c, 0x6f, 0x77, 0x65, 0x72, 0x4c, 0x65, 0x66, 0x74, 0x5f, 0x30, 0x3b,
    0x0a, 0x20, 0x20, 0x20, 0x20, 0x66, 0x6c, 0x6f, 0x61, 0x74, 0x32, 0x20, 0x64, 0x73, 0x74, 0x43,
    0x6f, 0x72, 0x6e, 0x65, 0x72, 0x55, 0x70, 0x70, 0x65, 0x72, 0x52, 0x69, 0x67, 0x68, 0x74, 0x5f,
    0x30, 0x3b, 0x0a, 0x7d, 0x3b, 0x0a, 0x0a, 0x0a, 0x23, 0x6c, 0x69, 0x6e, 0x65, 0x20, 0x39, 0x0a,
    0x63, 0x62, 0x75, 0x66, 0x66, 0x65, 0x72, 0x20, 0x50, 0x75, 0x73, 0x68, 0x43, 0x6f, 0x6e, 0x73,
    0x74, 0x61, 0x6e, 0x74, 0x5f, 0x30, 0x20, 0x3a, 0x20, 0x72, 0x65, 0x67, 0x69, 0x73, 0x74, 0x65,
    0x72, 0x28, 0x62, 0x30, 0x29, 0x0a, 0x7b, 0x0a, 0x20, 0x20, 0x20, 0x20, 0x53, 0x4c, 0x41, 0x4e,
    0x47, 0x5f, 0x50, 0x61, 0x72, 0x61, 0x6d, 0x65, 0x74, 0x65, 0x72, 0x47, 0x72, 0x6f, 0x75, 0x70,
    0x5f, 0x50, 0x75, 0x73, 0x68, 0x43, 0x6f, 0x6e, 0x73, 0x74, 0x61, 0x6e, 0x74, 0x5f, 0x30, 0x20,
    0x50, 0x75, 0x73, 0x68, 0x43, 0x6f, 0x6e, 0x73, 0x74, 0x61, 0x6e, 0x74, 0x5f, 0x30, 0x3b, 0x0a,
    0x7d, 0x0a, 0x0a, 0x23, 0x6c, 0x69, 0x6e, 0x65, 0x20, 0x31, 0x0a, 0x73, 0x74, 0x72, 0x75, 0x63,
    0x74, 0x20, 0x56, 0x65, 0x72, 0x74, 0x65, 0x78, 0x4f, 0x75, 0x74, 0x70, 0x75, 0x74, 0x5f, 0x30,
    0x0a, 0x7b, 0x0a, 0x20, 0x20, 0x20, 0x20, 0x66, 0x6c, 0x6f, 0x61, 0x74, 0x34, 0x20, 0x70, 0x6f,
    0x73, 0x69, 0x74, 0x69, 0x6f, 0x6e, 0x5f, 0x30, 0x20, 0x3a, 0x20, 0x53, 0x56, 0x5f, 0x50, 0x6f,
    0x73, 0x69, 0x74, 0x69, 0x6f, 0x6e, 0x3b, 0x0a, 0x20, 0x20, 0x20, 0x20, 0x66, 0x6c, 0x6f, 0x61,
    0x74, 0x32, 0x20, 0x75, 0x76, 0x5f, 0x30, 0x20, 0x3a, 0x20, 0x54, 0x45, 0x58, 0x43, 0x4f, 0x4f,
    0x52, 0x44, 0x30, 0x3b, 0x0a, 0x7d, 0x3b, 0x0a, 0x0a, 0x0a, 0x23, 0x6c, 0x69, 0x6e, 0x65, 0x20,
    0x31, 0x36, 0x0a, 0x56, 0x65, 0x72, 0x74, 0x65, 0x78, 0x4f, 0x75, 0x74, 0x70, 0x75, 0x74, 0x5f,
    0x30, 0x20, 0x76, 0x65, 0x72, 0x74, 0x65, 0x78, 0x4d, 0x61, 0x69, 0x6e, 0x28, 0x75, 0x69, 0x6e,
    0x74, 0x20, 0x76, 0x65, 0x72, 0x74, 0x65, 0x78, 0x49, 0x44, 0x5f, 0x30, 0x20, 0x3a, 0x20, 0x53,
    0x56, 0x5f, 0x56, 0x65, 0x72, 0x74, 0x65, 0x78, 0x49, 0x44, 0x29, 0x0a, 0x7b, 0x0a, 0x0a, 0x23,
    0x6c, 0x69, 0x6e, 0x65, 0x20, 0x31, 0x36, 0x0a, 0x20, 0x20, 0x20, 0x20, 0x75, 0x69, 0x6e, 0x74,
    0x20, 0x5f, 0x53, 0x31, 0x20, 0x3d, 0x20, 0x76, 0x65, 0x72, 0x74, 0x65, 0x78, 0x49, 0x44, 0x5f,
    0x30, 0x3b, 0x0a, 0x0a, 0x0a, 0x0a, 0x20, 0x20, 0x20, 0x20, 0x66, 0x6c, 0x6f, 0x61, 0x74, 0x32,
    0x20, 0x6c, 0x6f, 0x63, 0x61, 0x6c, 0x5f, 0x30, 0x3b, 0x0a, 0x20, 0x20, 0x20, 0x20, 0x62, 0x6f,
    0x6f, 0x6c, 0x20, 0x5f, 0x53, 0x32, 0x20, 0x3d, 0x20, 0x5f, 0x53, 0x31, 0x20, 0x3d, 0x3d, 0x20,
    0x32, 0x55, 0x3b, 0x0a, 0x0a, 0x23, 0x6c, 0x69, 0x6e, 0x65, 0x20, 0x32, 0x31, 0x0a, 0x20, 0x20,
    0x20, 0x20, 0x62, 0x6f, 0x6f, 0x6c, 0x20, 0x5f, 0x53, 0x33, 0x3b, 0x0a, 0x0a, 0x23, 0x6c, 0x69,
    0x6e, 0x65, 0x20, 0x32, 0x31, 0x0a, 0x20, 0x20, 0x20, 0x20, 0x69, 0x66, 0x28, 0x5f, 0x53, 0x32,
    0x29, 0x0a, 0x20, 0x20, 0x20, 0x20, 0x7b, 0x0a, 0x0a, 0x23, 0x6c, 0x69, 0x6e, 0x65, 0x20, 0x32,
    0x31, 0x0a, 0x20, 0x20, 0x20, 0x20, 0x20, 0x20, 0x20, 0x20, 0x5f, 0x53, 0x33, 0x20, 0x3d, 0x20,
    0x74, 0x72, 0x75, 0x65, 0x3b, 0x0a, 0x0a, 0x23, 0x6c, 0x69, 0x6e, 0x65, 0x20, 0x32, 0x31, 0x0a,
    0x20, 0x20, 0x20, 0x20, 0x7d, 0x0a, 0x20, 0x20, 0x20, 0x20, 0x65, 0x6c, 0x73, 0x65, 0x0a, 0x20,
    0x20, 0x20, 0x20, 0x7b, 0x0a, 0x0a, 0x23, 0x6c, 0x69, 0x6e, 0x65, 0x20, 0x32, 0x31, 0x0a, 0x20,
    0x20, 0x20, 0x20, 0x20, 0x20, 0x20, 0x20, 0x5f, 0x53, 0x33, 0x20, 0x3d, 0x20, 0x5f, 0x53, 0x31,
    0x20, 0x3d, 0x3d, 0x20, 0x33, 0x55, 0x3b, 0x0a, 0x0a, 0x23, 0x6c, 0x69, 0x6e, 0x65, 0x20, 0x32,
    0x31, 0x0a, 0x20, 0x20, 0x20, 0x20, 0x7d, 0x0a, 0x0a, 0x23, 0x6c, 0x69, 0x6e, 0x65, 0x20, 0x32,
    0x31, 0x0a, 0x20, 0x20, 0x20, 0x20, 0x66, 0x6c, 0x6f, 0x61, 0x74, 0x20, 0x5f, 0x53, 0x34, 0x3b,
    0x0a, 0x0a, 0x23, 0x6c, 0x69, 0x6e, 0x65, 0x20, 0x32, 0x31, 0x0a, 0x20, 0x20, 0x20, 0x20, 0x69,
    0x66, 0x28, 0x5f, 0x53, 0x33, 0x29, 0x0a, 0x20, 0x20, 0x20, 0x20, 0x7b, 0x0a, 0x0a, 0x23, 0x6c,
    0x69, 0x6e, 0x65, 0x20, 0x32, 0x31, 0x0a, 0x20, 0x20, 0x20, 0x20, 0x20, 0x20, 0x20, 0x20, 0x5f,
    0x53, 0x34, 0x20, 0x3d, 0x20, 0x31, 0x2e, 0x30, 0x66, 0x3b, 0x0a, 0x0a, 0x23, 0x6c, 0x69, 0x6e,
    0x65, 0x20, 0x32, 0x31, 0x0a, 0x20, 0x20, 0x20, 0x20, 0x7d, 0x0a, 0x20, 0x20, 0x20, 0x20, 0x65,
    0x6c, 0x73, 0x65, 0x0a, 0x20, 0x20, 0x20, 0x20, 0x7b, 0x0a, 0x0a, 0x23, 0x6c, 0x69, 0x6e, 0x65,
    0x20, 0x32, 0x31, 0x0a, 0x20, 0x20, 0x20, 0x20, 0x20, 0x20, 0x20, 0x20, 0x5f, 0x53, 0x34, 0x20,
    0x3d, 0x20, 0x30, 0x2e, 0x30, 0x66, 0x3b, 0x0a, 0x0a, 0x23, 0x6c, 0x69, 0x6e, 0x65, 0x20, 0x32,
    0x31, 0x0a, 0x20, 0x20, 0x20, 0x20, 0x7d, 0x0a, 0x0a, 0x23, 0x6c, 0x69, 0x6e, 0x65, 0x20, 0x32,
    0x31, 0x0a, 0x20, 0x20, 0x20, 0x20, 0x6c, 0x6f, 0x63, 0x61, 0x6c, 0x5f, 0x30, 0x5b, 0x69, 0x6e,
    0x74, 0x28, 0x30, 0x29, 0x5d, 0x20, 0x3d, 0x20, 0x5f, 0x53, 0x34, 0x3b, 0x0a, 0x20, 0x20, 0x20,
    0x20, 0x62, 0x6f, 0x6f, 0x6c, 0x20, 0x5f, 0x53, 0x35, 0x20, 0x3d, 0x20, 0x5f, 0x53, 0x31, 0x20,
    0x3d, 0x3d, 0x20, 0x31, 0x55, 0x3b, 0x0a, 0x0a, 0x23, 0x6c, 0x69, 0x6e, 0x65, 0x20, 0x32, 0x32,
    0x0a, 0x20, 0x20, 0x20, 0x20, 0x69, 0x66, 0x28, 0x5f, 0x53, 0x35, 0x29, 0x0a, 0x20, 0x20, 0x20,
    0x20, 0x7b, 0x0a, 0x0a, 0x23, 0x6c, 0x69, 0x6e, 0x65, 0x20, 0x32, 0x32, 0x0a, 0x20, 0x20, 0x20,
    0x20, 0x20, 0x20, 0x20, 0x20, 0x5f, 0x53, 0x33, 0x20, 0x3d, 0x20, 0x74, 0x72, 0x75, 0x65, 0x3b,
    0x0a, 0x0a, 0x23, 0x6c, 0x69, 0x6e, 0x65, 0x20, 0x32, 0x32, 0x0a, 0x20, 0x20, 0x20, 0x20, 0x7d,
    0x0a, 0x20, 0x20, 0x20, 0x20, 0x65, 0x6c, 0x73, 0x65, 0x0a, 0x20, 0x20, 0x20, 0x20, 0x7b, 0x0a,
    0x0a, 0x23, 0x6c, 0x69, 0x6e, 0x65, 0x20, 0x32, 0x32, 0x0a, 0x20, 0x20, 0x20, 0x20, 0x20, 0x20,
    0x20, 0x20, 0x5f, 0x53, 0x33, 0x20, 0x3d, 0x20, 0x5f, 0x53, 0x31, 0x20, 0x3d, 0x3d, 0x20, 0x33,
    0x55, 0x3b, 0x0a, 0x0a, 0x23, 0x6c, 0x69, 0x6e, 0x65, 0x20, 0x32, 0x32, 0x0a, 0x20, 0x20, 0x20,
    0x20, 0x7d, 0x0a, 0x0a, 0x23, 0x6c, 0x69, 0x6e, 0x65, 0x20, 0x32, 0x32, 0x0a, 0x20, 0x20, 0x20,
    0x20, 0x69, 0x66, 0x28, 0x5f, 0x53, 0x33, 0x29, 0x0a, 0x20, 0x20, 0x20, 0x20, 0x7b, 0x0a, 0x0a,
    0x23, 0x6c, 0x69, 0x6e, 0x65, 0x20, 0x32, 0x32, 0x0a, 0x20, 0x20, 0x20, 0x20, 0x20, 0x20, 0x20,
    0x20, 0x5f, 0x53, 0x34, 0x20, 0x3d, 0x20, 0x31, 0x2e, 0x30, 0x66, 0x3b, 0x0a, 0x0a, 0x23, 0x6c,
    0x69, 0x6e, 0x65, 0x20, 0x32, 0x32, 0x0a, 0x20, 0x20, 0x20, 0x20, 0x7d, 0x0a, 0x20, 0x20, 0x20,
    0x20, 0x65, 0x6c, 0x73, 0x65, 0x0a, 0x20, 0x20, 0x20, 0x20, 0x7b, 0x0a, 0x0a, 0x23, 0x6c, 0x69,
    0x6e, 0x65, 0x20, 0x32, 0x32, 0x0a, 0x20, 0x20, 0x20, 0x20, 0x20, 0x20, 0x20, 0x20, 0x5f, 0x53,
    0x34, 0x20, 0x3d, 0x20, 0x30, 0x2e, 0x30, 0x66, 0x3b, 0x0a, 0x0a, 0x23, 0x6c, 0x69, 0x6e, 0x65,
    0x20, 0x32, 0x32, 0x0a, 0x20, 0x20, 0x20, 0x20, 0x7d, 0x0a, 0x0a, 0x23, 0x6c, 0x69, 0x6e, 0x65,
    0x20, 0x32, 0x32, 0x0a, 0x20, 0x20, 0x20, 0x20, 0x6c, 0x6f, 0x63, 0x61, 0x6c, 0x5f, 0x30, 0x5b,
    0x69, 0x6e, 0x74, 0x28, 0x31, 0x29, 0x5d, 0x20, 0x3d, 0x20, 0x5f, 0x53, 0x34, 0x3b, 0x0a, 0x0a,
    0x23, 0x6c, 0x69, 0x6e, 0x65, 0x20, 0x32, 0x37, 0x0a, 0x20, 0x20, 0x20, 0x20, 0x66, 0x6c, 0x6f,
    0x61, 0x74, 0x32, 0x20, 0x64, 0x73, 0x74, 0x50, 0x6f, 0x73, 0x5f, 0x30, 0x20, 0x3d, 0x20, 0x6c,
    0x65, 0x72, 0x70, 0x28, 0x50, 0x75, 0x73, 0x68, 0x43, 0x6f, 0x6e, 0x73, 0x74, 0x61, 0x6e, 0x74,
    0x5f, 0x30, 0x2e, 0x64, 0x73, 0x74, 0x43, 0x6f, 0x72, 0x6e, 0x65, 0x72, 0x4c, 0x6f, 0x77, 0x65,
    0x72, 0x4c, 0x65, 0x66, 0x74, 0x5f, 0x30, 0x2c, 0x20, 0x50, 0x75, 0x73, 0x68, 0x43, 0x6f, 0x6e,
    0x73, 0x74, 0x61, 0x6e, 0x74, 0x5f, 0x30, 0x2e, 0x64, 0x73, 0x74, 0x43, 0x6f, 0x72, 0x6e, 0x65,
    0x72, 0x55, 0x70, 0x70, 0x65, 0x72, 0x52, 0x69, 0x67, 0x68, 0x74, 0x5f, 0x30, 0x2c, 0x20, 0x6c,
    0x6f, 0x63, 0x61, 0x6c, 0x5f, 0x30, 0x29, 0x3b, 0x0a, 0x0a, 0x23, 0x6c, 0x69, 0x6e, 0x65, 0x20,
    0x32, 0x34, 0x0a, 0x20, 0x20, 0x20, 0x20, 0x56, 0x65, 0x72, 0x74, 0x65, 0x78, 0x4f, 0x75, 0x74,
    0x70, 0x75, 0x74, 0x5f, 0x30, 0x20, 0x6f, 0x75, 0x74, 0x70, 0x75, 0x74, 0x5f, 0x30, 0x3b, 0x0a,
    0x0a, 0x23, 0x6c, 0x69, 0x6e, 0x65, 0x20, 0x33, 0x30, 0x0a, 0x20, 0x20, 0x20, 0x20, 0x66, 0x6c,
    0x6f, 0x61, 0x74, 0x34, 0x20, 0x5f, 0x53, 0x36, 0x20, 0x3d, 0x20, 0x66, 0x6c, 0x6f, 0x61, 0x74,
    0x34, 0x28, 0x64, 0x73, 0x74, 0x50, 0x6f, 0x73, 0x5f, 0x30, 0x2c, 0x20, 0x30, 0x2e, 0x30, 0x66,
    0x2c, 0x20, 0x31, 0x2e, 0x30, 0x66, 0x29, 0x3b, 0x0a, 0x0a, 0x23, 0x6c, 0x69, 0x6e, 0x65, 0x20,
    0x33, 0x30, 0x0a, 0x20, 0x20, 0x20, 0x20, 0x6f, 0x75, 0x74, 0x70, 0x75, 0x74, 0x5f, 0x30, 0x2e,
    0x70, 0x6f, 0x73, 0x69, 0x74, 0x69, 0x6f, 0x6e, 0x5f, 0x30, 0x20, 0x3d, 0x20, 0x5f, 0x53, 0x36,
    0x3b, 0x0a, 0x0a, 0x0a, 0x20, 0x20, 0x20, 0x20, 0x66, 0x6c, 0x6f, 0x61, 0x74, 0x32, 0x20, 0x5f,
    0x53, 0x37, 0x20, 0x3d, 0x20, 0x6c, 0x65, 0x72, 0x70, 0x28, 0x50, 0x75, 0x73, 0x68, 0x43, 0x6f,
    0x6e, 0x73, 0x74, 0x61, 0x6e, 0x74, 0x5f, 0x30, 0x2e, 0x73, 0x72, 0x63, 0x43, 0x6f, 0x72, 0x6e,
    0x65, 0x72, 0x4c, 0x6f, 0x77, 0x65, 0x72, 0x4c, 0x65, 0x66, 0x74, 0x5f, 0x30, 0x2c, 0x20, 0x50,
    0x75, 0x73, 0x68, 0x43, 0x6f, 0x6e, 0x73, 0x74, 0x61, 0x6e, 0x74, 0x5f, 0x30, 0x2e, 0x73, 0x72,
    0x63, 0x43, 0x6f, 0x72, 0x6e, 0x65, 0x72, 0x55, 0x70, 0x70, 0x65, 0x72, 0x52, 0x69, 0x67, 0x68,
    0x74, 0x5f, 0x30, 0x2c, 0x20, 0x6c, 0x6f, 0x63, 0x61, 0x6c, 0x5f, 0x30, 0x29, 0x3b, 0x0a, 0x0a,
    0x23, 0x6c, 0x69, 0x6e, 0x65, 0x20, 0x33, 0x33, 0x0a, 0x20, 0x20, 0x20, 0x20, 0x6f, 0x75, 0x74,
    0x70, 0x75, 0x74, 0x5f, 0x30, 0x2e, 0x75, 0x76, 0x5f, 0x30, 0x20, 0x3d, 0x20, 0x5f, 0x53, 0x37,
    0x3b, 0x0a, 0x0a, 0x20, 0x20, 0x20, 0x20, 0x72, 0x65, 0x74, 0x75, 0x72, 0x6e, 0x20, 0x6f, 0x75,
    0x74, 0x70, 0x75, 0x74, 0x5f, 0x30, 0x3b, 0x0a, 0x7d, 0x0a, 0x0a, 0x00, 0x00, 0x00, 0x00, 0x00,
    0x00, 0x00, 0x00, 0x00, 0x00, 0x00, 0x00, 0x00, 0x00, 0x00, 0x00, 0x00, 0x00, 0x00, 0x00, 0x00,
    0x00, 0x00, 0x00, 0x00, 0x00, 0x00, 0x00, 0x00, 0x00, 0x00, 0x00, 0x00, 0x00, 0x00, 0x00, 0x00,
    0x00, 0x00, 0x00, 0x00, 0x00, 0x00, 0x00, 0x00, 0x00, 0x00, 0x00, 0x00, 0x00, 0x00, 0x00, 0x00,
    0x00, 0x00, 0x00, 0x00, 0x00, 0x00, 0x00, 0x00, 0x00, 0x00, 0x00, 0x00, 0x00, 0x00, 0x00, 0x00,
    0x00, 0x00, 0x00, 0x00, 0x00, 0x00, 0x00, 0x00, 0x00, 0x00, 0x00, 0x00, 0x00, 0x00, 0x00, 0x00,
    0xfe, 0xef, 0xfe, 0xef, 0x01, 0x00, 0x00, 0x00, 0xd2, 0x07, 0x00, 0x00, 0x00, 0x00, 0x23, 0x70,
    0x72, 0x61, 0x67, 0x6d, 0x61, 0x20, 0x70, 0x61, 0x63, 0x6b, 0x5f, 0x6d, 0x61, 0x74, 0x72, 0x69,
    0x78, 0x28, 0x63, 0x6f, 0x6c, 0x75, 0x6d, 0x6e, 0x5f, 0x6d, 0x61, 0x6a, 0x6f, 0x72, 0x29, 0x0a,
    0x23, 0x69, 0x66, 0x64, 0x65, 0x66, 0x20, 0x53, 0x4c, 0x41, 0x4e, 0x47, 0x5f, 0x48, 0x4c, 0x53,
    0x4c, 0x5f, 0x45, 0x4e, 0x41, 0x42, 0x4c, 0x45, 0x5f, 0x4e, 0x56, 0x41, 0x50, 0x49, 0x0a, 0x23,
    0x69, 0x6e, 0x63, 0x6c, 0x75, 0x64, 0x65, 0x20, 0x22, 0x6e, 0x76, 0x48, 0x4c, 0x53, 0x4c, 0x45,
    0x78, 0x74, 0x6e, 0x73, 0x2e, 0x68, 0x22, 0x0a, 0x23, 0x65, 0x6e, 0x64, 0x69, 0x66, 0x0a, 0x0a,
    0x23, 0x69, 0x66, 0x6e, 0x64, 0x65, 0x66, 0x20, 0x5f, 0x5f, 0x44, 0x58, 0x43, 0x5f, 0x56, 0x45,
    0x52, 0x53, 0x49, 0x4f, 0x4e, 0x5f, 0x4d, 0x41, 0x4a, 0x4f, 0x52, 0x0a, 0x2f, 0x2f, 0x20, 0x77,
    0x61, 0x72, 0x6e, 0x69, 0x6e, 0x67, 0x20, 0x58, 0x33, 0x35, 0x35, 0x37, 0x3a, 0x20, 0x6c, 0x6f,
    0x6f, 0x70, 0x20, 0x64, 0x6f, 0x65, 0x73, 0x6e, 0x27, 0x74, 0x20, 0x73, 0x65, 0x65, 0x6d, 0x20,
    0x74, 0x6f, 0x20, 0x64, 0x6f, 0x20, 0x61, 0x6e, 0x79, 0x74, 0x68, 0x69, 0x6e, 0x67, 0x2c, 0x20,
    0x66, 0x6f, 0x72, 0x63, 0x69, 0x6e, 0x67, 0x20, 0x6c, 0x6f, 0x6f, 0x70, 0x20, 0x74, 0x6f, 0x20,
    0x75, 0x6e, 0x72, 0x6f, 0x6c, 0x6c, 0x0a, 0x23, 0x70, 0x72, 0x61, 0x67, 0x6d, 0x61, 0x20, 0x77,
    0x61, 0x72, 0x6e, 0x69, 0x6e, 0x67, 0x28, 0x64, 0x69, 0x73, 0x61, 0x62, 0x6c, 0x65, 0x20, 0x3a,
    0x20, 0x33, 0x35, 0x35, 0x37, 0x29, 0x0a, 0x23, 0x65, 0x6e, 0x64, 0x69, 0x66, 0x0a, 0x0a, 0x0a,
    0x23, 0x6c, 0x69, 0x6e, 0x65, 0x20, 0x39, 0x20, 0x22, 0x72, 0x65, 0x73, 0x6f, 0x75, 0x72, 0x63,
    0x65, 0x73, 0x2f, 0x53, 0x68, 0x61, 0x64, 0x65, 0x72, 0x73, 0x2f, 0x53, 0x6f, 0x75, 0x72, 0x63,
    0x65, 0x2f, 0x42, 0x6c, 0x69, 0x74, 0x2e, 0x73, 0x6c, 0x61, 0x6e, 0x67, 0x22, 0x0a, 0x73, 0x74,
    0x72, 0x75, 0x63, 0x74, 0x20, 0x53, 0x4c, 0x41, 0x4e, 0x47, 0x5f, 0x50, 0x61, 0x72, 0x61, 0x6d,
    0x65, 0x74, 0x65, 0x72, 0x47, 0x72, 0x6f, 0x75, 0x70, 0x5f, 0x50, 0x75, 0x73, 0x68, 0x43, 0x6f,
    0x6e, 0x73, 0x74, 0x61, 0x6e, 0x74, 0x5f, 0x30, 0x0a, 0x7b, 0x0a, 0x20, 0x20, 0x20, 0x20, 0x66,
    0x6c, 0x6f, 0x61, 0x74, 0x32, 0x20, 0x73, 0x72, 0x63, 0x43, 0x6f, 0x72, 0x6e, 0x65, 0x72, 0x4c,
    0x6f, 0x77, 0x65, 0x72, 0x4c, 0x65, 0x66, 0x74, 0x5f, 0x30, 0x3b, 0x0a, 0x20, 0x20, 0x20, 0x20,
    0x66, 0x6c, 0x6f, 0x61, 0x74, 0x32, 0x20, 0x73, 0x72, 0x63, 0x43, 0x6f, 0x72, 0x6e, 0x65, 0x72,
    0x55, 0x70, 0x70, 0x65, 0x72, 0x52, 0x69, 0x67, 0x68, 0x74, 0x5f, 0x30, 0x3b, 0x0a, 0x20, 0x20,
    0x20, 0x20, 0x66, 0x6c, 0x6f, 0x61, 0x74, 0x32, 0x20, 0x64, 0x73, 0x74, 0x43, 0x6f, 0x72, 0x6e,
    0x65, 0x72, 0x4c, 0x6f, 0x77, 0x65, 0x72, 0x4c, 0x65, 0x66, 0x74, 0x5f, 0x30, 0x3b, 0x0a, 0x20,
    0x20, 0x20, 0x20, 0x66, 0x6c, 0x6f, 0x61, 0x74, 0x32, 0x20, 0x64, 0x73, 0x74, 0x43, 0x6f, 0x72,
    0x6e, 0x65, 0x72, 0x55, 0x70, 0x70, 0x65, 0x72, 0x52, 0x69, 0x67, 0x68, 0x74, 0x5f, 0x30, 0x3b,
    0x0a, 0x7d, 0x3b, 0x0a, 0x0a, 0x0a, 0x23, 0x6c, 0x69, 0x6e, 0x65, 0x20, 0x39, 0x0a, 0x63, 0x62,
    0x75, 0x66, 0x66, 0x65, 0x72, 0x20, 0x50, 0x75, 0x73, 0x68, 0x43, 0x6f, 0x6e, 0x73, 0x74, 0x61,
    0x1b, 0xe2, 0x30, 0x01, 0x80, 0x00, 0x00, 0x00, 0x7a, 0x27, 0xb1, 0xd1, 0x95, 0x2f, 0xdc, 0x01,
    0x01, 0x00, 0x00, 0x00, 0x00, 0x00, 0x00, 0x00, 0x00, 0x00, 0x00, 0x00, 0x00, 0x00, 0x00, 0x00,
    0x00, 0x00, 0x00, 0x00, 0x00, 0x00, 0x00, 0x00, 0x00, 0x00, 0x00, 0x00, 0x00, 0x00, 0x00, 0x00,
    0x00, 0x00, 0x00, 0x00, 0x00, 0x00, 0x00, 0x00, 0x00, 0x00, 0x00, 0x00, 0x00, 0x00, 0x00, 0x00,
    0x01, 0x00, 0x00, 0x00, 0x02, 0x00, 0x00, 0x00, 0x01, 0x00, 0x00, 0x00, 0x02, 0x00, 0x00, 0x00,
    0x00, 0x00, 0x00, 0x00, 0x01, 0x00, 0x00, 0x00, 0x28, 0x00, 0x00, 0x00, 0x1b, 0xe2, 0x30, 0x01,
    0xc6, 0x65, 0x72, 0x2b, 0xab, 0x07, 0x00, 0x00, 0x01, 0x00, 0x00, 0x00, 0x01, 0x00, 0x00, 0x00,
    0x01, 0x00, 0x00, 0x00, 0x00, 0x00, 0x00, 0x00, 0x00, 0x00, 0x00, 0x00, 0x00, 0x00, 0x00, 0x00,
    0x00, 0x00, 0x00, 0x00, 0x00, 0x00, 0x00, 0x00, 0x00, 0x00, 0x00, 0x00, 0x00, 0x00, 0x00, 0x00,
    0x00, 0x00, 0x00, 0x00, 0x00, 0x00, 0x00, 0x00, 0x00, 0x00, 0x00, 0x00, 0x00, 0x00, 0x00, 0x00,
    0x00, 0x00, 0x00, 0x00, 0x00, 0x00, 0x00, 0x00, 0x00, 0x00, 0x00, 0x00, 0x00, 0x00, 0x00, 0x00,
    0x00, 0x00, 0x00, 0x00, 0x00, 0x00, 0x00, 0x00, 0x00, 0x00, 0x00, 0x00, 0x00, 0x00, 0x00, 0x00,
    0x00, 0x00, 0x00, 0x00, 0x00, 0x00, 0x00, 0x00, 0x00, 0x00, 0x00, 0x00, 0x00, 0x00, 0x00, 0x00,
    0x00, 0x00, 0x00, 0x00, 0x00, 0x00, 0x00, 0x00, 0x00, 0x00, 0x00, 0x00, 0x00, 0x00, 0x00, 0x00,
    0x00, 0x00, 0x00, 0x00, 0x00, 0x00, 0x00, 0x00, 0x00, 0x00, 0x00, 0x00, 0x00, 0x00, 0x00, 0x00,
    0x00, 0x00, 0x00, 0x00, 0x00, 0x00, 0x00, 0x00, 0x00, 0x00, 0x00, 0x00, 0x00, 0x00, 0x00, 0x00,
    0x00, 0x00, 0x00, 0x00, 0x00, 0x00, 0x00, 0x00, 0x00, 0x00, 0x00, 0x00, 0x00, 0x00, 0x00, 0x00,
    0x00, 0x00, 0x00, 0x00, 0x00, 0x00, 0x00, 0x00, 0x00, 0x00, 0x00, 0x00, 0x00, 0x00, 0x00, 0x00,
    0x00, 0x00, 0x00, 0x00, 0x00, 0x00, 0x00, 0x00, 0x00, 0x00, 0x00, 0x00, 0x00, 0x00, 0x00, 0x00,
    0x00, 0x00, 0x00, 0x00, 0x00, 0x00, 0x00, 0x00, 0x00, 0x00, 0x00, 0x00, 0x00, 0x00, 0x00, 0x00,
    0x00, 0x00, 0x00, 0x00, 0x00, 0x00, 0x00, 0x00, 0x00, 0x00, 0x00, 0x00, 0x00, 0x00, 0x00, 0x00,
    0x00, 0x00, 0x00, 0x00, 0x00, 0x00, 0x00, 0x00, 0x00, 0x00, 0x00, 0x00, 0x00, 0x00, 0x00, 0x00,
    0x00, 0x00, 0x00, 0x00, 0x00, 0x00, 0x00, 0x00, 0x00, 0x00, 0x00, 0x00, 0x00, 0x00, 0x00, 0x00,
    0x00, 0x00, 0x00, 0x00, 0x00, 0x00, 0x00, 0x00, 0x00, 0x00, 0x00, 0x00, 0x00, 0x00, 0x00, 0x00,
    0x00, 0x00, 0x00, 0x00, 0x00, 0x00, 0x00, 0x00, 0x00, 0x00, 0x00, 0x00, 0x00, 0x00, 0x00, 0x00,
    0x00, 0x00, 0x00, 0x00, 0x00, 0x00, 0x00, 0x00, 0x00, 0x00, 0x00, 0x00, 0x00, 0x00, 0x00, 0x00,
    0x00, 0x00, 0x00, 0x00, 0x00, 0x00, 0x00, 0x00, 0x00, 0x00, 0x00, 0x00, 0x00, 0x00, 0x00, 0x00,
    0x00, 0x00, 0x00, 0x00, 0x00, 0x00, 0x00, 0x00, 0x00, 0x00, 0x00, 0x00, 0x00, 0x00, 0x00, 0x00,
    0x00, 0x00, 0x00, 0x00, 0x00, 0x00, 0x00, 0x00, 0x00, 0x00, 0x00, 0x00, 0x00, 0x00, 0x00, 0x00,
    0x00, 0x00, 0x00, 0x00, 0x00, 0x00, 0x00, 0x00, 0x00, 0x00, 0x00, 0x00, 0x00, 0x00, 0x00, 0x00,
    0x00, 0x00, 0x00, 0x00, 0x00, 0x00, 0x00, 0x00, 0x00, 0x00, 0x00, 0x00, 0x00, 0x00, 0x00, 0x00,
    0x00, 0x00, 0x00, 0x00, 0x00, 0x00, 0x00, 0x00, 0x00, 0x00, 0x00, 0x00, 0x00, 0x00, 0x00, 0x00,
    0x04, 0x00, 0x00, 0x00, 0x42, 0x00, 0x3c, 0x11, 0x10, 0x01, 0x00, 0x00, 0x00, 0x01, 0x0a, 0x00,
    0x01, 0x00, 0x34, 0x0e, 0x61, 0x4a, 0x0a, 0x00, 0x01, 0x00, 0x34, 0x0e, 0x61, 0x4a, 0x4d, 0x69,
    0x63, 0x72, 0x6f, 0x73, 0x6f, 0x66, 0x74, 0x20, 0x28, 0x52, 0x29, 0x20, 0x48, 0x4c, 0x53, 0x4c,
    0x20, 0x53, 0x68, 0x61, 0x64, 0x65, 0x72, 0x20, 0x43, 0x6f, 0x6d, 0x70, 0x69, 0x6c, 0x65, 0x72,
    0x20, 0x31, 0x30, 0x2e, 0x31, 0x00, 0x00, 0x00, 0xae, 0x00, 0x3d, 0x11, 0x01, 0x68, 0x6c, 0x73,
    0x6c, 0x46, 0x6c, 0x61, 0x67, 0x73, 0x00, 0x30, 0x78, 0x31, 0x30, 0x34, 0x38, 0x30, 0x31, 0x00,
    0x68, 0x6c, 0x73, 0x6c, 0x54, 0x61, 0x72, 0x67, 0x65, 0x74, 0x00, 0x76, 0x73, 0x5f, 0x35, 0x5f,
    0x31, 0x00, 0x68, 0x6c, 0x73, 0x6c, 0x45, 0x6e, 0x74, 0x72, 0x79, 0x00, 0x76, 0x65, 0x72, 0x74,
    0x65, 0x78, 0x4d, 0x61, 0x69, 0x6e, 0x00, 0x68, 0x6c, 0x73, 0x6c, 0x44, 0x65, 0x66, 0x69, 0x6e,
    0x65, 0x73, 0x00, 0x20, 0x2f, 0x44, 0x50, 0x59, 0x52, 0x4f, 0x5f, 0x53, 0x48, 0x41, 0x44, 0x45,
    0x52, 0x5f, 0x46, 0x4c, 0x41, 0x47, 0x5f, 0x52, 0x48, 0x49, 0x5f, 0x44, 0x33, 0x44, 0x31, 0x32,
    0x3d, 0x31, 0x20, 0x2f, 0x44, 0x70, 0x79, 0x72, 0x6f, 0x5f, 0x69, 0x6e, 0x74, 0x65, 0x72, 0x6e,
    0x61, 0x6c, 0x5f, 0x73, 0x68, 0x61, 0x64, 0x65, 0x72, 0x5f, 0x73, 0x74, 0x61, 0x67, 0x65, 0x5f,
    0x76, 0x73, 0x3d, 0x31, 0x20, 0x2f, 0x44, 0x70, 0x79, 0x72, 0x6f, 0x5f, 0x69, 0x6e, 0x74, 0x65,
    0x72, 0x6e, 0x61, 0x6c, 0x5f, 0x73, 0x68, 0x61, 0x64, 0x65, 0x72, 0x5f, 0x73, 0x74, 0x61, 0x67,
    0x65, 0x5f, 0x66, 0x73, 0x3d, 0x31, 0x00, 0x00, 0x32, 0x00, 0x10, 0x11, 0x00, 0x00, 0x00, 0x00,
    0x88, 0x03, 0x00, 0x00, 0x00, 0x00, 0x00, 0x00, 0x04, 0x02, 0x00, 0x00, 0x00, 0x00, 0x00, 0x00,
    0x04, 0x02, 0x00, 0x00, 0x06, 0x10, 0x00, 0x00, 0x5c, 0x00, 0x00, 0x00, 0x01, 0x00, 0xa0, 0x76,
    0x65, 0x72, 0x74, 0x65, 0x78, 0x4d, 0x61, 0x69, 0x6e, 0x00, 0x00, 0x00, 0x32, 0x00, 0x3e, 0x11,
    0x75, 0x00, 0x00, 0x00, 0x01, 0x00, 0x76, 0x65, 0x72, 0x74, 0x65, 0x78, 0x49, 0x44, 0x5f, 0x30,
    0x00, 0x00, 0x00, 0x00, 0x00, 0x00, 0x00, 0x00, 0x00, 0x00, 0x00, 0x00, 0x00, 0x00, 0x00, 0x00,
    0x00, 0x00, 0x00, 0x00, 0x00, 0x00, 0x00, 0x00, 0x00, 0x00, 0x00, 0x00, 0x00, 0x00, 0x00, 0x00,
    0x16, 0x00, 0x50, 0x11, 0x01, 0x00, 0x01, 0x00, 0x00, 0x00, 0x04, 0x00, 0x5c, 0x00, 0x00, 0x00,
    0x01, 0x00, 0x04, 0x02, 0x00, 0x00, 0x00, 0x00, 0x42, 0x00, 0x3e, 0x11, 0x05, 0x10, 0x00, 0x00,
    0x88, 0x00, 0x3c, 0x76, 0x65, 0x72, 0x74, 0x65, 0x78, 0x4d, 0x61, 0x69, 0x6e, 0x20, 0x72, 0x65,
    0x74, 0x75, 0x72, 0x6e, 0x20, 0x76, 0x61, 0x6c, 0x75, 0x65, 0x3e, 0x00, 0x00, 0x00, 0x00, 0x00,
    0x00, 0x00, 0x00, 0x00, 0x00, 0x00, 0x00, 0x00, 0x00, 0x00, 0x00, 0x00, 0x00, 0x00, 0x00, 0x00,
    0x00, 0x00, 0x00, 0x00, 0x00, 0x00, 0x00, 0x00, 0x00, 0x00, 0x00, 0x00, 0x16, 0x00, 0x50, 0x11,
    0x02, 0x00, 0x05, 0x00, 0x10, 0x00, 0x04, 0x00, 0x5c, 0x00, 0x00, 0x00, 0x01, 0x00, 0x04, 0x02,
    0x10, 0x00, 0x00, 0x00, 0x16, 0x00, 0x50, 0x11, 0x02, 0x00, 0x05, 0x00, 0x14, 0x00, 0x04, 0x00,
    0x5c, 0x00, 0x00, 0x00, 0x01, 0x00, 0x04, 0x02, 0x14, 0x00, 0x00, 0x00, 0x16, 0x00, 0x50, 0x11,
    0x02, 0x00, 0x05, 0x00, 0x00, 0x00, 0x04, 0x00, 0x5c, 0x00, 0x00, 0x00, 0x01, 0x00, 0x04, 0x02,
    0x00, 0x00, 0x00, 0x00, 0x16, 0x00, 0x50, 0x11, 0x02, 0x00, 0x05, 0x00, 0x04, 0x00, 0x04, 0x00,
    0x5c, 0x00, 0x00, 0x00, 0x01, 0x00, 0x04, 0x02, 0x04, 0x00, 0x00, 0x00, 0x16, 0x00, 0x50, 0x11,
    0x02, 0x00, 0x05, 0x00, 0x08, 0x00, 0x04, 0x00, 0x5c, 0x00, 0x00, 0x00, 0x01, 0x00, 0x04, 0x02,
    0x08, 0x00, 0x00, 0x00, 0x16, 0x00, 0x50, 0x11, 0x02, 0x00, 0x05, 0x00, 0x0c, 0x00, 0x04, 0x00,
    0x5c, 0x00, 0x00, 0x00, 0x01, 0x00, 0x04, 0x02, 0x0c, 0x00, 0x00, 0x00, 0x2a, 0x00, 0x3e, 0x11,
    0x62, 0x00, 0x00, 0x00, 0x00, 0x00, 0x5f, 0x53, 0x32, 0x00, 0x00, 0x00, 0x00, 0x00, 0x00, 0x00,
    0x00, 0x00, 0x00, 0x00, 0x00, 0x00, 0x00, 0x00, 0x00, 0x00, 0x00, 0x00, 0x00, 0x00, 0x00, 0x00,
    0x00, 0x00, 0x00, 0x00, 0x00, 0x00, 0x00, 0x00, 0x1a, 0x00, 0x50, 0x11, 0x00, 0x00, 0x01, 0x00,
    0x00, 0x00, 0x04, 0x00, 0x84, 0x00, 0x00, 0x00, 0x01, 0x00, 0x40, 0x00, 0x20, 0x00, 0x04, 0x00,
    0x00, 0x00, 0x00, 0x00, 0x2a, 0x00, 0x3e, 0x11, 0x62, 0x00, 0x00, 0x00, 0x00, 0x00, 0x5f, 0x53,
    0x33, 0x00, 0x00, 0x00, 0x00, 0x00, 0x00, 0x00, 0x00, 0x00, 0x00, 0x00, 0x00, 0x00, 0x00, 0x00,
    0x00, 0x00, 0x00, 0x00, 0x00, 0x00, 0x00, 0x00, 0x00, 0x00, 0x00, 0x00, 0x00, 0x00, 0x00, 0x00,
    0x1a, 0x00, 0x50, 0x11, 0x00, 0x00, 0x01, 0x00, 0x00, 0x00, 0x04, 0x00, 0xa4, 0x00, 0x00, 0x00,
    0x01, 0x00, 0x10, 0x01, 0x04, 0x00, 0x1c, 0x00, 0x00, 0x00, 0x00, 0x00, 0x2a, 0x00, 0x3e, 0x11,
    0x40, 0x00, 0x00, 0x00, 0x00, 0x00, 0x5f, 0x53, 0x34, 0x00, 0x00, 0x00, 0x00, 0x00, 0x00, 0x00,
    0x00, 0x00, 0x00, 0x00, 0x00, 0x00, 0x00, 0x00, 0x00, 0x00, 0x00, 0x00, 0x00, 0x00, 0x00, 0x00,
    0x00, 0x00, 0x00, 0x00, 0x00, 0x00, 0x00, 0x00, 0x1e, 0x00, 0x50, 0x11, 0x00, 0x00, 0x01, 0x00,
    0x00, 0x00, 0x04, 0x00, 0xe8, 0x00, 0x00, 0x00, 0x01, 0x00, 0x98, 0x00, 0x04, 0x00, 0x14, 0x00,
    0x80, 0x00, 0x04, 0x00, 0x10, 0x00, 0x00, 0x00, 0x1a, 0x00, 0x50, 0x11, 0x00, 0x00, 0x01, 0x00,
    0x00, 0x00, 0x04, 0x00, 0x68, 0x01, 0x00, 0x00, 0x01, 0x00, 0xf8, 0x00, 0x04, 0x00, 0x14, 0x00,
    0x14, 0x00, 0x00, 0x00, 0x2a, 0x00, 0x3e, 0x11, 0x62, 0x00, 0x00, 0x00, 0x00, 0x00, 0x5f, 0x53,
    0x35, 0x00, 0x00, 0x00, 0x00, 0x00, 0x00, 0x00, 0x00, 0x00, 0x00, 0x00, 0x00, 0x00, 0x00, 0x00,
    0x00, 0x00, 0x00, 0x00, 0x00, 0x00, 0x00, 0x00, 0x00, 0x00, 0x00, 0x00, 0x00, 0x00, 0x00, 0x00,
    0x16, 0x00, 0x50, 0x11, 0x00, 0x00, 0x01, 0x00, 0x00, 0x00, 0x04, 0x00, 0x84, 0x00, 0x00, 0x00,
    0x01, 0x00, 0x30, 0x01, 0x04, 0x00, 0x00, 0x00, 0x02, 0x00, 0x06, 0x00, 0xf4, 0x00, 0x00, 0x00,
    0x20, 0x00, 0x00, 0x00, 0x01, 0x00, 0x00, 0x00, 0x10, 0x01, 0x79, 0xde, 0x5d, 0xd3, 0x3e, 0x5c,
    0xe4, 0xcc, 0x81, 0xae, 0xd9, 0x75, 0xc2, 0x95, 0x97, 0x64, 0x00, 0x00, 0xae, 0x07, 0x00, 0x00,
    0x00, 0x00, 0x00, 0x00, 0xf2, 0x00, 0x00, 0x00, 0xa0, 0x02, 0x00, 0x00, 0x00, 0x00, 0x00, 0x00,
    0x01, 0x00, 0x01, 0x00, 0x60, 0x02, 0x00, 0x00, 0x18, 0x00, 0x00, 0x00, 0x36, 0x00, 0x00, 0x00,
    0x94, 0x02, 0x00, 0x00, 0x5c, 0x00, 0x00, 0x00, 0x16, 0x00, 0x00, 0x80, 0x5c, 0x00, 0x00, 0x00,
    0x16, 0x00, 0x00, 0x00, 0x84, 0x00, 0x00, 0x00, 0x15, 0x00, 0x00, 0x80, 0x84, 0x00, 0x00, 0x00,
    0x15, 0x00, 0x00, 0x00, 0x90, 0x00, 0x00, 0x00, 0x15, 0x00, 0x00, 0x80, 0x90, 0x00, 0x00, 0x00,
    0x15, 0x00, 0x00, 0x00, 0xa4, 0x00, 0x00, 0x00, 0x15, 0x00, 0x00, 0x80, 0xa4, 0x00, 0x00, 0x00,
    0x15, 0x00, 0x00, 0x00, 0xa8, 0x00, 0x00, 0x00, 0x15, 0x00, 0x00, 0x80, 0xa8, 0x00, 0x00, 0x00,
    0x15, 0x00, 0x00, 0x00, 0xc4, 0x00, 0x00, 0x00, 0x15, 0x00, 0x00, 0x80, 0xc4, 0x00, 0x00, 0x00,
    0x15, 0x00, 0x00, 0x00, 0xc8, 0x00, 0x00, 0x00, 0x15, 0x00, 0x00, 0x80, 0xc8, 0x00, 0x00, 0x00,
    0x15, 0x00, 0x00, 0x00, 0xd4, 0x00, 0x00, 0x00, 0x15, 0x00, 0x00, 0x80, 0xd4, 0x00, 0x00, 0x00,
    0x15, 0x00, 0x00, 0x00, 0xe8, 0x00, 0x00, 0x00, 0x15, 0x00, 0x00, 0x80, 0xe8, 0x00, 0x00, 0x00,
    0x15, 0x00, 0x00, 0x00, 0xec, 0x00, 0x00, 0x00, 0x15, 0x00, 0x00, 0x80, 0xec, 0x00, 0x00, 0x00,
    0x15, 0x00, 0x00, 0x00, 0x00, 0x01, 0x00, 0x00, 0x15, 0x00, 0x00, 0x80, 0x00, 0x01, 0x00, 0x00,
    0x15, 0x00, 0x00, 0x00, 0x04, 0x01, 0x00, 0x00, 0x16, 0x00, 0x00, 0x80, 0x04, 0x01, 0x00, 0x00,
    0x16, 0x00, 0x00, 0x00, 0x10, 0x01, 0x00, 0x00, 0x16, 0x00, 0x00, 0x80, 0x10, 0x01, 0x00, 0x00,
    0x16, 0x00, 0x00, 0x00, 0x24, 0x01, 0x00, 0x00, 0x16, 0x00, 0x00, 0x80, 0x24, 0x01, 0x00, 0x00,
    0x16, 0x00, 0x00, 0x00, 0x28, 0x01, 0x00, 0x00, 0x16, 0x00, 0x00, 0x80, 0x28, 0x01, 0x00, 0x00,
    0x16, 0x00, 0x00, 0x00, 0x44, 0x01, 0x00, 0x00, 0x16, 0x00, 0x00, 0x80, 0x44, 0x01, 0x00, 0x00,
    0x16, 0x00, 0x00, 0x00, 0x48, 0x01, 0x00, 0x00, 0x16, 0x00, 0x00, 0x80, 0x48, 0x01, 0x00, 0x00,
    0x16, 0x00, 0x00, 0x00, 0x54, 0x01, 0x00, 0x00, 0x16, 0x00, 0x00, 0x80, 0x54, 0x01, 0x00, 0x00,
    0x16, 0x00, 0x00, 0x00, 0x68, 0x01, 0x00, 0x00, 0x16, 0x00, 0x00, 0x80, 0x68, 0x01, 0x00, 0x00,
    0x16, 0x00, 0x00, 0x00, 0x6c, 0x01, 0x00, 0x00, 0x16, 0x00, 0x00, 0x80, 0x6c, 0x01, 0x00, 0x00,
    0x16, 0x00, 0x00, 0x00, 0x80, 0x01, 0x00, 0x00, 0x16, 0x00, 0x00, 0x80, 0x80, 0x01, 0x00, 0x00,
    0x16, 0x00, 0x00, 0x00, 0x84, 0x01, 0x00, 0x00, 0x1b, 0x00, 0x00, 0x80, 0x84, 0x01, 0x00, 0x00,
    0x1b, 0x00, 0x00, 0x00, 0xb4, 0x01, 0x00, 0x00, 0x1b, 0x00, 0x00, 0x80, 0xb4, 0x01, 0x00, 0x00,
    0x1b, 0x00, 0x00, 0x00, 0xe0, 0x01, 0x00, 0x00, 0x21, 0x00, 0x00, 0x80, 0xe0, 0x01, 0x00, 0x00,
    0x21, 0x00, 0x00, 0x00, 0x10, 0x02, 0x00, 0x00, 0x21, 0x00, 0x00, 0x80, 0x10, 0x02, 0x00, 0x00,
    0x21, 0x00, 0x00, 0x00, 0x3c, 0x02, 0x00, 0x00, 0x23, 0x00, 0x00, 0x80, 0x3c, 0x02, 0x00, 0x00,
    0x23, 0x00, 0x00, 0x00, 0x5c, 0x02, 0x00, 0x00, 0x23, 0x00, 0x00, 0x80, 0x5c, 0x02, 0x00, 0x00,
    0x23, 0x00, 0x00, 0x00, 0x05, 0x00, 0x19, 0x00, 0x10, 0x00, 0x18, 0x00, 0x05, 0x00, 0x0b, 0x00,
    0x05, 0x00, 0x0b, 0x00, 0x05, 0x00, 0x05, 0x00, 0x05, 0x00, 0x05, 0x00, 0x05, 0x00, 0x05, 0x00,
    0x05, 0x00, 0x05, 0x00, 0x09, 0x00, 0x18, 0x00, 0x0f, 0x00, 0x17, 0x00, 0x05, 0x00, 0x05, 0x00,
    0x05, 0x00, 0x05, 0x00, 0x05, 0x00, 0x0b, 0x00, 0x05, 0x00, 0x0b, 0x00, 0x05, 0x00, 0x05, 0x00,
    0x05, 0x00, 0x05, 0x00, 0x05, 0x00, 0x05, 0x00, 0x05, 0x00, 0x05, 0x00, 0x05, 0x00, 0x05, 0x00,
    0x05, 0x00, 0x05, 0x00, 0x05, 0x00, 0x05, 0x00, 0x05, 0x00, 0x05, 0x00, 0x05, 0x00, 0x0b, 0x00,
    0x05, 0x00, 0x0b, 0x00, 0x05, 0x00, 0x05, 0x00, 0x05, 0x00, 0x05, 0x00, 0x05, 0x00, 0x05, 0x00,
    0x05, 0x00, 0x05, 0x00, 0x09, 0x00, 0x18, 0x00, 0x0f, 0x00, 0x17, 0x00, 0x05, 0x00, 0x05, 0x00,
    0x05, 0x00, 0x05, 0x00, 0x05, 0x00, 0x0b, 0x00, 0x05, 0x00, 0x0b, 0x00, 0x05, 0x00, 0x05, 0x00,
    0x05, 0x00, 0x05, 0x00, 0x05, 0x00, 0x05, 0x00, 0x05, 0x00, 0x05, 0x00, 0x05, 0x00, 0x05, 0x00,
    0x05, 0x00, 0x05, 0x00, 0x05, 0x00, 0x05, 0x00, 0x05, 0x00, 0x05, 0x00, 0x05, 0x00, 0x6f, 0x00,
    0x17, 0x00, 0x6e, 0x00, 0x05, 0x00, 0x6f, 0x00, 0x17, 0x00, 0x6e, 0x00, 0x05, 0x00, 0x6a, 0x00,
    0x12, 0x00, 0x69, 0x00, 0x05, 0x00, 0x6a, 0x00, 0x12, 0x00, 0x69, 0x00, 0x05, 0x00, 0x14, 0x00,
    0x05, 0x00, 0x14, 0x00, 0x05, 0x00, 0x14, 0x00, 0x05, 0x00, 0x14, 0x00, 0xf6, 0x00, 0x00, 0x00,
    0x04, 0x00, 0x00, 0x00, 0x00, 0x00, 0x00, 0x00, 0x08, 0x00, 0x00, 0x00, 0x00, 0x00, 0x00, 0x00,
    0x1c, 0x00, 0x00, 0x00, 0x00, 0x00, 0x00, 0x00, 0x00, 0x00, 0x00, 0x00, 0x00, 0x00, 0x00, 0x00,
    0x00, 0x00, 0x00, 0x00, 0x00, 0x00, 0x00, 0x00, 0x00, 0x00, 0x00, 0x00, 0x00, 0x00, 0x00, 0x00,
    0x00, 0x00, 0x00, 0x00, 0x00, 0x00, 0x00, 0x00, 0x00, 0x00, 0x00, 0x00, 0x00, 0x00, 0x00, 0x00,
    0x00, 0x00, 0x00, 0x00, 0x00, 0x00, 0x00, 0x00, 0x00, 0x00, 0x00, 0x00, 0x00, 0x00, 0x00, 0x00,
    0x00, 0x00, 0x00, 0x00, 0x00, 0x00, 0x00, 0x00, 0x00, 0x00, 0x00, 0x00, 0x00, 0x00, 0x00, 0x00,
    0x00, 0x00, 0x00, 0x00, 0x00, 0x00, 0x00, 0x00, 0x00, 0x00, 0x00, 0x00, 0x00, 0x00, 0x00, 0x00,
    0x00, 0x00, 0x00, 0x00, 0x00, 0x00, 0x00, 0x00, 0x00, 0x00, 0x00, 0x00, 0x00, 0x00, 0x00, 0x00,
    0x00, 0x00, 0x00, 0x00, 0x00, 0x00, 0x00, 0x00, 0x00, 0x00, 0x00, 0x00, 0x00, 0x00, 0x00, 0x00,
    0x00, 0x00, 0x00, 0x00, 0x00, 0x00, 0x00, 0x00, 0x00, 0x00, 0x00, 0x00, 0x00, 0x00, 0x00, 0x00,
    0x00, 0x00, 0x00, 0x00, 0x00, 0x00, 0x00, 0x00, 0x00, 0x00, 0x00, 0x00, 0x00, 0x00, 0x00, 0x00,
    0x00, 0x00, 0x00, 0x00, 0x00, 0x00, 0x00, 0x00, 0x00, 0x00, 0x00, 0x00, 0x00, 0x00, 0x00, 0x00,
    0x00, 0x00, 0x00, 0x00, 0x00, 0x00, 0x00, 0x00, 0x00, 0x00, 0x00, 0x00, 0x00, 0x00, 0x00, 0x00,
    0x00, 0x00, 0x00, 0x00, 0x00, 0x00, 0x00, 0x00, 0x00, 0x00, 0x00, 0x00, 0x00, 0x00, 0x00, 0x00,
    0x00, 0x00, 0x00, 0x00, 0x00, 0x00, 0x00, 0x00, 0x00, 0x00, 0x00, 0x00, 0x00, 0x00, 0x00, 0x00,
    0x00, 0x00, 0x00, 0x00, 0x00, 0x00, 0x00, 0x00, 0x00, 0x00, 0x00, 0x00, 0x00, 0x00, 0x00, 0x00,
    0x00, 0x00, 0x00, 0x00, 0x00, 0x00, 0x00, 0x00, 0x00, 0x00, 0x00, 0x00, 0x00, 0x00, 0x00, 0x00,
    0x00, 0x00, 0x00, 0x00, 0x00, 0x00, 0x00, 0x00, 0x00, 0x00, 0x00, 0x00, 0x00, 0x00, 0x00, 0x00,
    0x00, 0x00, 0x00, 0x00, 0x00, 0x00, 0x00, 0x00, 0x00, 0x00, 0x00, 0x00, 0x00, 0x00, 0x00, 0x00,
    0x00, 0x00, 0x00, 0x00, 0x00, 0x00, 0x00, 0x00, 0x00, 0x00, 0x00, 0x00, 0x00, 0x00, 0x00, 0x00,
    0x00, 0x00, 0x00, 0x00, 0x00, 0x00, 0x00, 0x00, 0x00, 0x00, 0x00, 0x00, 0x00, 0x00, 0x00, 0x00,
    0x00, 0x00, 0x00, 0x00, 0x00, 0x00, 0x00, 0x00, 0x00, 0x00, 0x00, 0x00, 0x00, 0x00, 0x00, 0x00,
    0x00, 0x00, 0x00, 0x00, 0x00, 0x00, 0x00, 0x00, 0x00, 0x00, 0x00, 0x00, 0x00, 0x00, 0x00, 0x00,
    0x00, 0x00, 0x00, 0x00, 0x00, 0x00, 0x00, 0x00, 0x00, 0x00, 0x00, 0x00, 0x00, 0x00, 0x00, 0x00,
    0x00, 0x00, 0x00, 0x00, 0x00, 0x00, 0x00, 0x00, 0x00, 0x00, 0x00, 0x00, 0x00, 0x00, 0x00, 0x00,
    0x00, 0x00, 0x00, 0x00, 0x00, 0x00, 0x00, 0x00, 0x00, 0x00, 0x00, 0x00, 0x00, 0x00, 0x00, 0x00,
    0x0b, 0xca, 0x31, 0x01, 0x38, 0x00, 0x00, 0x00, 0x00, 0x10, 0x00, 0x00, 0x0c, 0x10, 0x00, 0x00,
    0x94, 0x01, 0x00, 0x00, 0x0a, 0x00, 0xff, 0xff, 0x04, 0x00, 0x00, 0x00, 0xff, 0xff, 0x03, 0x00,
    0x00, 0x00, 0x00, 0x00, 0x30, 0x00, 0x00, 0x00, 0x30, 0x00, 0x00, 0x00, 0x08, 0x00, 0x00, 0x00,
    0x38, 0x00, 0x00, 0x00, 0x00, 0x00, 0x00, 0x00, 0x0a, 0x00, 0x01, 0x12, 0x01, 0x00, 0x00, 0x00,
    0x75, 0x00, 0x00, 0x00, 0x16, 0x00, 0x1b, 0x15, 0x40, 0x00, 0x00, 0x00, 0x04, 0x00, 0x00, 0x00,
    0x10, 0x00, 0x66, 0x6c, 0x6f, 0x61, 0x74, 0x34, 0x00, 0xf3, 0xf2, 0xf1, 0x16, 0x00, 0x1b, 0x15,
    0x40, 0x00, 0x00, 0x00, 0x02, 0x00, 0x00, 0x00, 0x08, 0x00, 0x66, 0x6c, 0x6f, 0x61, 0x74, 0x32,
    0x00, 0xf3, 0xf2, 0xf1, 0x2a, 0x00, 0x03, 0x12, 0x0d, 0x15, 0x03, 0x00, 0x01, 0x10, 0x00, 0x00,
    0x00, 0x00, 0x70, 0x6f, 0x73, 0x69, 0x74, 0x69, 0x6f, 0x6e, 0x5f, 0x30, 0x00, 0xf3, 0xf2, 0xf1,
    0x0d, 0x15, 0x03, 0x00, 0x02, 0x10, 0x00, 0x00, 0x10, 0x00, 0x75, 0x76, 0x5f, 0x30, 0x00, 0xf1,
    0x26, 0x00, 0x05, 0x15, 0x02, 0x00, 0x00, 0x00, 0x03, 0x10, 0x00, 0x00, 0x00, 0x00, 0x00, 0x00,
    0x00, 0x00, 0x00, 0x00, 0x18, 0x00, 0x56, 0x65, 0x72, 0x74, 0x65, 0x78, 0x4f, 0x75, 0x74, 0x70,
    0x75, 0x74, 0x5f, 0x30, 0x00, 0xf3, 0xf2, 0xf1, 0x0a, 0x00, 0x18, 0x15, 0x04, 0x10, 0x00, 0x00,
    0x01, 0x00, 0x01, 0x00, 0x0e, 0x00, 0x08, 0x10, 0x05, 0x10, 0x00, 0x00, 0x17, 0x00, 0x01, 0x00,
    0x00, 0x10, 0x00, 0x00, 0x82, 0x00, 0x03, 0x12, 0x0d, 0x15, 0x03, 0x00, 0x02, 0x10, 0x00, 0x00,
    0x00, 0x00, 0x73, 0x72, 0x63, 0x43, 0x6f, 0x72, 0x6e, 0x65, 0x72, 0x4c, 0x6f, 0x77, 0x65, 0x72,
    0x4c, 0x65, 0x66, 0x74, 0x5f, 0x30, 0x00, 0xf1, 0x0d, 0x15, 0x03, 0x00, 0x02, 0x10, 0x00, 0x00,
    0x08, 0x00, 0x73, 0x72, 0x63, 0x43, 0x6f, 0x72, 0x6e, 0x65, 0x72, 0x55, 0x70, 0x70, 0x65, 0x72,
    0x52, 0x69, 0x67, 0x68, 0x74, 0x5f, 0x30, 0x00, 0x0d, 0x15, 0x03, 0x00, 0x02, 0x10, 0x00, 0x00,
    0x10, 0x00, 0x64, 0x73, 0x74, 0x43, 0x6f, 0x72, 0x6e, 0x65, 0x72, 0x4c, 0x6f, 0x77, 0x65, 0x72,
    0x4c, 0x65, 0x66, 0x74, 0x5f, 0x30, 0x00, 0xf1, 0x0d, 0x15, 0x03, 0x00, 0x02, 0x10, 0x00, 0x00,
    0x18, 0x00, 0x64, 0x73, 0x74, 0x43, 0x6f, 0x72, 0x6e, 0x65, 0x72, 0x55, 0x70, 0x70, 0x65, 0x72,
    0x52, 0x69, 0x67, 0x68, 0x74, 0x5f, 0x30, 0x00, 0x3a, 0x00, 0x05, 0x15, 0x04, 0x00, 0x00, 0x00,
    0x07, 0x10, 0x00, 0x00, 0x00, 0x00, 0x00, 0x00, 0x00, 0x00, 0x00, 0x00, 0x20, 0x00, 0x53, 0x4c,
    0x41, 0x4e, 0x47, 0x5f, 0x50, 0x61, 0x72, 0x61, 0x6d, 0x65, 0x74, 0x65, 0x72, 0x47, 0x72, 0x6f,
    0x75, 0x70, 0x5f, 0x50, 0x75, 0x73, 0x68, 0x43, 0x6f, 0x6e, 0x73, 0x74, 0x61, 0x6e, 0x74, 0x5f,
    0x30, 0x00, 0xf2, 0xf1, 0x0a, 0x00, 0x18, 0x15, 0x08, 0x10, 0x00, 0x00, 0x01, 0x00, 0x01, 0x00,
    0x0e, 0x00, 0x17, 0x15, 0x09, 0x10, 0x00, 0x00, 0x24, 0x02, 0x10, 0xae, 0x00, 0x00, 0xf2, 0xf1,
    0x0a, 0x00, 0x18, 0x15, 0x0a, 0x10, 0x00, 0x00, 0x01, 0x00, 0x00, 0x02, 0x00, 0x00, 0x00, 0x00,
    0x00, 0x00, 0x00, 0x00, 0x00, 0x00, 0x00, 0x00, 0x00, 0x00, 0x00, 0x00, 0x00, 0x00, 0x00, 0x00,
    0x00, 0x00, 0x00, 0x00, 0x00, 0x00, 0x00, 0x00, 0x00, 0x00, 0x00, 0x00, 0x00, 0x00, 0x00, 0x00,
    0x00, 0x00, 0x00, 0x00, 0x00, 0x00, 0x00, 0x00, 0x00, 0x00, 0x00, 0x00, 0x00, 0x00, 0x00, 0x00,
    0x0b, 0xca, 0x31, 0x01, 0x38, 0x00, 0x00, 0x00, 0x00, 0x10, 0x00, 0x00, 0x00, 0x10, 0x00, 0x00,
    0x00, 0x00, 0x00, 0x00, 0x0b, 0x00, 0xff, 0xff, 0x04, 0x00, 0x00, 0x00, 0xff, 0xff, 0x03, 0x00,
    0x00, 0x00, 0x00, 0x00, 0x00, 0x00, 0x00, 0x00, 0x00, 0x00, 0x00, 0x00, 0x00, 0x00, 0x00, 0x00,
    0x00, 0x00, 0x00, 0x00, 0x00, 0x00, 0x00, 0x00, 0x00, 0x00, 0x00, 0x00, 0x00, 0x00, 0x00, 0x00,
    0x00, 0x00, 0x00, 0x00, 0x00, 0x00, 0x00, 0x00, 0x00, 0x00, 0x00, 0x00, 0x00, 0x00, 0x00, 0x00,
    0x00, 0x00, 0x00, 0x00, 0x00, 0x00, 0x00, 0x00, 0x00, 0x00, 0x00, 0x00, 0x00, 0x00, 0x00, 0x00,
    0x00, 0x00, 0x00, 0x00, 0x00, 0x00, 0x00, 0x00, 0x00, 0x00, 0x00, 0x00, 0x00, 0x00, 0x00, 0x00,
    0x00, 0x00, 0x00, 0x00, 0x00, 0x00, 0x00, 0x00, 0x00, 0x00, 0x00, 0x00, 0x00, 0x00, 0x00, 0x00,
    0x00, 0x00, 0x00, 0x00, 0x00, 0x00, 0x00, 0x00, 0x00, 0x00, 0x00, 0x00, 0x00, 0x00, 0x00, 0x00,
    0x00, 0x00, 0x00, 0x00, 0x00, 0x00, 0x00, 0x00, 0x00, 0x00, 0x00, 0x00, 0x00, 0x00, 0x00, 0x00,
    0x00, 0x00, 0x00, 0x00, 0x00, 0x00, 0x00, 0x00, 0x00, 0x00, 0x00, 0x00, 0x00, 0x00, 0x00, 0x00,
    0x00, 0x00, 0x00, 0x00, 0x00, 0x00, 0x00, 0x00, 0x00, 0x00, 0x00, 0x00, 0x00, 0x00, 0x00, 0x00,
    0x00, 0x00, 0x00, 0x00, 0x00, 0x00, 0x00, 0x00, 0x00, 0x00, 0x00, 0x00, 0x00, 0x00, 0x00, 0x00,
    0x00, 0x00, 0x00, 0x00, 0x00, 0x00, 0x00, 0x00, 0x00, 0x00, 0x00, 0x00, 0x00, 0x00, 0x00, 0x00,
    0x00, 0x00, 0x00, 0x00, 0x00, 0x00, 0x00, 0x00, 0x00, 0x00, 0x00, 0x00, 0x00, 0x00, 0x00, 0x00,
    0x00, 0x00, 0x00, 0x00, 0x00, 0x00, 0x00, 0x00, 0x00, 0x00, 0x00, 0x00, 0x00, 0x00, 0x00, 0x00,
    0x00, 0x00, 0x00, 0x00, 0x00, 0x00, 0x00, 0x00, 0x00, 0x00, 0x00, 0x00, 0x00, 0x00, 0x00, 0x00,
    0x00, 0x00, 0x00, 0x00, 0x00, 0x00, 0x00, 0x00, 0x00, 0x00, 0x00, 0x00, 0x00, 0x00, 0x00, 0x00,
    0x00, 0x00, 0x00, 0x00, 0x00, 0x00, 0x00, 0x00, 0x00, 0x00, 0x00, 0x00, 0x00, 0x00, 0x00, 0x00,
    0x00, 0x00, 0x00, 0x00, 0x00, 0x00, 0x00, 0x00, 0x00, 0x00, 0x00, 0x00, 0x00, 0x00, 0x00, 0x00,
    0x00, 0x00, 0x00, 0x00, 0x00, 0x00, 0x00, 0x00, 0x00, 0x00, 0x00, 0x00, 0x00, 0x00, 0x00, 0x00,
    0x00, 0x00, 0x00, 0x00, 0x00, 0x00, 0x00, 0x00, 0x00, 0x00, 0x00, 0x00, 0x00, 0x00, 0x00, 0x00,
    0x00, 0x00, 0x00, 0x00, 0x00, 0x00, 0x00, 0x00, 0x00, 0x00, 0x00, 0x00, 0x00, 0x00, 0x00, 0x00,
    0x00, 0x00, 0x00, 0x00, 0x00, 0x00, 0x00, 0x00, 0x00, 0x00, 0x00, 0x00, 0x00, 0x00, 0x00, 0x00,
    0x00, 0x00, 0x00, 0x00, 0x00, 0x00, 0x00, 0x00, 0x00, 0x00, 0x00, 0x00, 0x00, 0x00, 0x00, 0x00,
    0x00, 0x00, 0x00, 0x00, 0x00, 0x00, 0x00, 0x00, 0x00, 0x00, 0x00, 0x00, 0x00, 0x00, 0x00, 0x00,
    0x00, 0x00, 0x00, 0x00, 0x00, 0x00, 0x00, 0x00, 0x00, 0x00, 0x00, 0x00, 0x00, 0x00, 0x00, 0x00,
    0x00, 0x00, 0x00, 0x00, 0x00, 0x00, 0x00, 0x00, 0x00, 0x00, 0x00, 0x00, 0x00, 0x00, 0x00, 0x00,
    0x00, 0x00, 0x00, 0x00, 0x00, 0x00, 0x00, 0x00, 0x00, 0x00, 0x00, 0x00, 0x00, 0x00, 0x00, 0x00,
    0x00, 0x00, 0x00, 0x00, 0x00, 0x00, 0x00, 0x00, 0x00, 0x00, 0x00, 0x00, 0x00, 0x00, 0x00, 0x00,
    0x00, 0x00, 0x00, 0x00, 0x00, 0x00, 0x00, 0x00, 0x00, 0x00, 0x00, 0x00, 0x00, 0x00, 0x00, 0x00,
    0x00, 0x00, 0x00, 0x00, 0x00, 0x00, 0x00, 0x00, 0x00, 0x00, 0x00, 0x00, 0x00, 0x00, 0x00, 0x00,
    0x20, 0x20, 0x20, 0x20, 0x66, 0x6c, 0x6f, 0x61, 0x74, 0x20, 0x5f, 0x53, 0x34, 0x3b, 0x0a, 0x0a,
    0x23, 0x6c, 0x69, 0x6e, 0x65, 0x20, 0x32, 0x31, 0x0a, 0x20, 0x20, 0x20, 0x20, 0x69, 0x66, 0x28,
    0x5f, 0x53, 0x33, 0x29, 0x0a, 0x20, 0x20, 0x20, 0x20, 0x7b, 0x0a, 0x0a, 0x23, 0x6c, 0x69, 0x6e,
    0x65, 0x20, 0x32, 0x31, 0x0a, 0x20, 0x20, 0x20, 0x20, 0x20, 0x20, 0x20, 0x20, 0x5f, 0x53, 0x34,
    0x20, 0x3d, 0x20, 0x31, 0x2e, 0x30, 0x66, 0x3b, 0x0a, 0x0a, 0x23, 0x6c, 0x69, 0x6e, 0x65, 0x20,
    0x32, 0x31, 0x0a, 0x20, 0x20, 0x20, 0x20, 0x7d, 0x0a, 0x20, 0x20, 0x20, 0x20, 0x65, 0x6c, 0x73,
    0x65, 0x0a, 0x20, 0x20, 0x20, 0x20, 0x7b, 0x0a, 0x0a, 0x23, 0x6c, 0x69, 0x6e, 0x65, 0x20, 0x32,
    0x31, 0x0a, 0x20, 0x20, 0x20, 0x20, 0x20, 0x20, 0x20, 0x20, 0x5f, 0x53, 0x34, 0x20, 0x3d, 0x20,
    0x30, 0x2e, 0x30, 0x66, 0x3b, 0x0a, 0x0a, 0x23, 0x6c, 0x69, 0x6e, 0x65, 0x20, 0x32, 0x31, 0x0a,
    0x20, 0x20, 0x20, 0x20, 0x7d, 0x0a, 0x0a, 0x23, 0x6c, 0x69, 0x6e, 0x65, 0x20, 0x32, 0x31, 0x0a,
    0x20, 0x20, 0x20, 0x20, 0x6c, 0x6f, 0x63, 0x61, 0x6c, 0x5f, 0x30, 0x5b, 0x69, 0x6e, 0x74, 0x28,
    0x30, 0x29, 0x5d, 0x20, 0x3d, 0x20, 0x5f, 0x53, 0x34, 0x3b, 0x0a, 0x20, 0x20, 0x20, 0x20, 0x62,
    0x6f, 0x6f, 0x6c, 0x20, 0x5f, 0x53, 0x35, 0x20, 0x3d, 0x20, 0x5f, 0x53, 0x31, 0x20, 0x3d, 0x3d,
    0x20, 0x31, 0x55, 0x3b, 0x0a, 0x0a, 0x23, 0x6c, 0x69, 0x6e, 0x65, 0x20, 0x32, 0x32, 0x0a, 0x20,
    0x20, 0x20, 0x20, 0x69, 0x66, 0x28, 0x5f, 0x53, 0x35, 0x29, 0x0a, 0x20, 0x20, 0x20, 0x20, 0x7b,
    0x0a, 0x0a, 0x23, 0x6c, 0x69, 0x6e, 0x65, 0x20, 0x32, 0x32, 0x0a, 0x20, 0x20, 0x20, 0x20, 0x20,
    0x20, 0x20, 0x20, 0x5f, 0x53, 0x33, 0x20, 0x3d, 0x20, 0x74, 0x72, 0x75, 0x65, 0x3b, 0x0a, 0x0a,
    0x23, 0x6c, 0x69, 0x6e, 0x65, 0x20, 0x32, 0x32, 0x0a, 0x20, 0x20, 0x20, 0x20, 0x7d, 0x0a, 0x20,
    0x20, 0x20, 0x20, 0x65, 0x6c, 0x73, 0x65, 0x0a, 0x20, 0x20, 0x20, 0x20, 0x7b, 0x0a, 0x0a, 0x23,
    0x6c, 0x69, 0x6e, 0x65, 0x20, 0x32, 0x32, 0x0a, 0x20, 0x20, 0x20, 0x20, 0x20, 0x20, 0x20, 0x20,
    0x5f, 0x53, 0x33, 0x20, 0x3d, 0x20, 0x5f, 0x53, 0x31, 0x20, 0x3d, 0x3d, 0x20, 0x33, 0x55, 0x3b,
    0x0a, 0x0a, 0x23, 0x6c, 0x69, 0x6e, 0x65, 0x20, 0x32, 0x32, 0x0a, 0x20, 0x20, 0x20, 0x20, 0x7d,
    0x0a, 0x0a, 0x23, 0x6c, 0x69, 0x6e, 0x65, 0x20, 0x32, 0x32, 0x0a, 0x20, 0x20, 0x20, 0x20, 0x69,
    0x66, 0x28, 0x5f, 0x53, 0x33, 0x29, 0x0a, 0x20, 0x20, 0x20, 0x20, 0x7b, 0x0a, 0x0a, 0x23, 0x6c,
    0x69, 0x6e, 0x65, 0x20, 0x32, 0x32, 0x0a, 0x20, 0x20, 0x20, 0x20, 0x20, 0x20, 0x20, 0x20, 0x5f,
    0x53, 0x34, 0x20, 0x3d, 0x20, 0x31, 0x2e, 0x30, 0x66, 0x3b, 0x0a, 0x0a, 0x23, 0x6c, 0x69, 0x6e,
    0x65, 0x20, 0x32, 0x32, 0x0a, 0x20, 0x20, 0x20, 0x20, 0x7d, 0x0a, 0x20, 0x20, 0x20, 0x20, 0x65,
    0x6c, 0x73, 0x65, 0x0a, 0x20, 0x20, 0x20, 0x20, 0x7b, 0x0a, 0x0a, 0x23, 0x6c, 0x69, 0x6e, 0x65,
    0x20, 0x32, 0x32, 0x0a, 0x20, 0x20, 0x20, 0x20, 0x20, 0x20, 0x20, 0x20, 0x5f, 0x53, 0x34, 0x20,
    0x3d, 0x20, 0x30, 0x2e, 0x30, 0x66, 0x3b, 0x0a, 0x0a, 0x23, 0x6c, 0x69, 0x6e, 0x65, 0x20, 0x32,
    0x32, 0x0a, 0x20, 0x20, 0x20, 0x20, 0x7d, 0x0a, 0x0a, 0x23, 0x6c, 0x69, 0x6e, 0x65, 0x20, 0x32,
    0x32, 0x0a, 0x20, 0x20, 0x20, 0x20, 0x6c, 0x6f, 0x63, 0x61, 0x6c, 0x5f, 0x30, 0x5b, 0x69, 0x6e,
    0x74, 0x28, 0x31, 0x29, 0x5d, 0x20, 0x3d, 0x20, 0x5f, 0x53, 0x34, 0x3b, 0x0a, 0x0a, 0x23, 0x6c,
    0x69, 0x6e, 0x65, 0x20, 0x32, 0x37, 0x0a, 0x20, 0x20, 0x20, 0x20, 0x66, 0x6c, 0x6f, 0x61, 0x74,
    0x32, 0x20, 0x64, 0x73, 0x74, 0x50, 0x6f, 0x73, 0x5f, 0x30, 0x20, 0x3d, 0x20, 0x6c, 0x65, 0x72,
    0x70, 0x28, 0x50, 0x75, 0x73, 0x68, 0x43, 0x6f, 0x6e, 0x73, 0x74, 0x61, 0x6e, 0x74, 0x5f, 0x30,
    0x2e, 0x64, 0x73, 0x74, 0x43, 0x6f, 0x72, 0x6e, 0x65, 0x72, 0x4c, 0x6f, 0x77, 0x65, 0x72, 0x4c,
    0x65, 0x66, 0x74, 0x5f, 0x30, 0x2c, 0x20, 0x50, 0x75, 0x73, 0x68, 0x43, 0x6f, 0x6e, 0x73, 0x74,
    0x61, 0x6e, 0x74, 0x5f, 0x30, 0x2e, 0x64, 0x73, 0x74, 0x43, 0x6f, 0x72, 0x6e, 0x65, 0x72, 0x55,
    0x70, 0x70, 0x65, 0x72, 0x52, 0x69, 0x67, 0x68, 0x74, 0x5f, 0x30, 0x2c, 0x20, 0x6c, 0x6f, 0x63,
    0x61, 0x6c, 0x5f, 0x30, 0x29, 0x3b, 0x0a, 0x0a, 0x23, 0x6c, 0x69, 0x6e, 0x65, 0x20, 0x32, 0x34,
    0x0a, 0x20, 0x20, 0x20, 0x20, 0x56, 0x65, 0x72, 0x74, 0x65, 0x78, 0x4f, 0x75, 0x74, 0x70, 0x75,
    0x74, 0x5f, 0x30, 0x20, 0x6f, 0x75, 0x74, 0x70, 0x75, 0x74, 0x5f, 0x30, 0x3b, 0x0a, 0x0a, 0x23,
    0x6c, 0x69, 0x6e, 0x65, 0x20, 0x33, 0x30, 0x0a, 0x20, 0x20, 0x20, 0x20, 0x66, 0x6c, 0x6f, 0x61,
    0x74, 0x34, 0x20, 0x5f, 0x53, 0x36, 0x20, 0x3d, 0x20, 0x66, 0x6c, 0x6f, 0x61, 0x74, 0x34, 0x28,
    0x64, 0x73, 0x74, 0x50, 0x6f, 0x73, 0x5f, 0x30, 0x2c, 0x20, 0x30, 0x2e, 0x30, 0x66, 0x2c, 0x20,
    0x31, 0x2e, 0x30, 0x66, 0x29, 0x3b, 0x0a, 0x0a, 0x23, 0x6c, 0x69, 0x6e, 0x65, 0x20, 0x33, 0x30,
    0x0a, 0x20, 0x20, 0x20, 0x20, 0x6f, 0x75, 0x74, 0x70, 0x75, 0x74, 0x5f, 0x30, 0x2e, 0x70, 0x6f,
    0x73, 0x69, 0x74, 0x69, 0x6f, 0x6e, 0x5f, 0x30, 0x20, 0x3d, 0x20, 0x5f, 0x53, 0x36, 0x3b, 0x0a,
    0x0a, 0x0a, 0x20, 0x20, 0x20, 0x20, 0x66, 0x6c, 0x6f, 0x61, 0x74, 0x32, 0x20, 0x5f, 0x53, 0x37,
    0x20, 0x3d, 0x20, 0x6c, 0x65, 0x72, 0x70, 0x28, 0x50, 0x75, 0x73, 0x68, 0x43, 0x6f, 0x6e, 0x73,
    0x74, 0x61, 0x6e, 0x74, 0x5f, 0x30, 0x2e, 0x73, 0x72, 0x63, 0x43, 0x6f, 0x72, 0x6e, 0x65, 0x72,
    0x4c, 0x6f, 0x77, 0x65, 0x72, 0x4c, 0x65, 0x66, 0x74, 0x5f, 0x30, 0x2c, 0x20, 0x50, 0x75, 0x73,
    0x68, 0x43, 0x6f, 0x6e, 0x73, 0x74, 0x61, 0x6e, 0x74, 0x5f, 0x30, 0x2e, 0x73, 0x72, 0x63, 0x43,
    0x6f, 0x72, 0x6e, 0x65, 0x72, 0x55, 0x70, 0x70, 0x65, 0x72, 0x52, 0x69, 0x67, 0x68, 0x74, 0x5f,
    0x30, 0x2c, 0x20, 0x6c, 0x6f, 0x63, 0x61, 0x6c, 0x5f, 0x30, 0x29, 0x3b, 0x0a, 0x0a, 0x23, 0x6c,
    0x69, 0x6e, 0x65, 0x20, 0x33, 0x33, 0x0a, 0x20, 0x20, 0x20, 0x20, 0x6f, 0x75, 0x74, 0x70, 0x75,
    0x74, 0x5f, 0x30, 0x2e, 0x75, 0x76, 0x5f, 0x30, 0x20, 0x3d, 0x20, 0x5f, 0x53, 0x37, 0x3b, 0x0a,
    0x0a, 0x20, 0x20, 0x20, 0x20, 0x72, 0x65, 0x74, 0x75, 0x72, 0x6e, 0x20, 0x6f, 0x75, 0x74, 0x70,
    0x75, 0x74, 0x5f, 0x30, 0x3b, 0x0a, 0x7d, 0x0a, 0x0a, 0x00, 0x72, 0x65, 0x73, 0x6f, 0x75, 0x72,
    0x63, 0x65, 0x73, 0x2f, 0x53, 0x68, 0x61, 0x64, 0x65, 0x72, 0x73, 0x2f, 0x53, 0x6f, 0x75, 0x72,
    0x63, 0x65, 0x2f, 0x42, 0x6c, 0x69, 0x74, 0x2e, 0x73, 0x6c, 0x61, 0x6e, 0x67, 0x00, 0x04, 0x00,
    0x00, 0x00, 0x01, 0x00, 0x00, 0x00, 0xae, 0x07, 0x00, 0x00, 0x02, 0x00, 0x00, 0x00, 0x00, 0x00,
    0x00, 0x00, 0x03, 0x00, 0x00, 0x00, 0x00, 0x00, 0x00, 0x00, 0x00, 0x00, 0x00, 0x00, 0x00, 0x00,
    0x44, 0x33, 0x44, 0x53, 0x48, 0x44, 0x52, 0x00, 0x60, 0x02, 0x00, 0x00, 0x00, 0x00, 0x00, 0x00,
    0x00, 0x00, 0x00, 0x00, 0x00, 0x00, 0x00, 0x00, 0x00, 0x00, 0x00, 0x00, 0x00, 0x00, 0x00, 0x00,
    0x00, 0x00, 0x00, 0x00, 0x20, 0x00, 0x00, 0x60, 0x00, 0x00, 0x00, 0x00, 0x00, 0x00, 0x00, 0x00,
    0x00, 0x00, 0x00, 0x00, 0x00, 0x00, 0x00, 0x00, 0x00, 0x00, 0x00, 0x00, 0x00, 0x00, 0x00, 0x00,
    0x00, 0x00, 0x00, 0x00, 0x00, 0x00, 0x00, 0x00, 0x00, 0x00, 0x00, 0x00, 0x00, 0x00, 0x00, 0x00,
    0x00, 0x00, 0x00, 0x00, 0x00, 0x00, 0x00, 0x00, 0x00, 0x00, 0x00, 0x00, 0x00, 0x00, 0x00, 0x00,
    0x00, 0x00, 0x00, 0x00, 0x00, 0x00, 0x00, 0x00, 0x00, 0x00, 0x00, 0x00, 0x00, 0x00, 0x00, 0x00,
    0x00, 0x00, 0x00, 0x00, 0x00, 0x00, 0x00, 0x00, 0x00, 0x00, 0x00, 0x00, 0x00, 0x00, 0x00, 0x00,
    0x00, 0x00, 0x00, 0x00, 0x00, 0x00, 0x00, 0x00, 0x00, 0x00, 0x00, 0x00, 0x00, 0x00, 0x00, 0x00,
    0x00, 0x00, 0x00, 0x00, 0x00, 0x00, 0x00, 0x00, 0x00, 0x00, 0x00, 0x00, 0x00, 0x00, 0x00, 0x00,
    0x00, 0x00, 0x00, 0x00, 0x00, 0x00, 0x00, 0x00, 0x00, 0x00, 0x00, 0x00, 0x00, 0x00, 0x00, 0x00,
    0x00, 0x00, 0x00, 0x00, 0x00, 0x00, 0x00, 0x00, 0x00, 0x00, 0x00, 0x00, 0x00, 0x00, 0x00, 0x00,
    0x00, 0x00, 0x00, 0x00, 0x00, 0x00, 0x00, 0x00, 0x00, 0x00, 0x00, 0x00, 0x00, 0x00, 0x00, 0x00,
    0x00, 0x00, 0x00, 0x00, 0x00, 0x00, 0x00, 0x00, 0x00, 0x00, 0x00, 0x00, 0x00, 0x00, 0x00, 0x00,
    0x00, 0x00, 0x00, 0x00, 0x00, 0x00, 0x00, 0x00, 0x00, 0x00, 0x00, 0x00, 0x00, 0x00, 0x00, 0x00,
    0x00, 0x00, 0x00, 0x00, 0x00, 0x00, 0x00, 0x00, 0x00, 0x00, 0x00, 0x00, 0x00, 0x00, 0x00, 0x00,
    0x00, 0x00, 0x00, 0x00, 0x00, 0x00, 0x00, 0x00, 0x00, 0x00, 0x00, 0x00, 0x00, 0x00, 0x00, 0x00,
    0x00, 0x00, 0x00, 0x00, 0x00, 0x00, 0x00, 0x00, 0x00, 0x00, 0x00, 0x00, 0x00, 0x00, 0x00, 0x00,
    0x00, 0x00, 0x00, 0x00, 0x00, 0x00, 0x00, 0x00, 0x00, 0x00, 0x00, 0x00, 0x00, 0x00, 0x00, 0x00,
    0x00, 0x00, 0x00, 0x00, 0x00, 0x00, 0x00, 0x00, 0x00, 0x00, 0x00, 0x00, 0x00, 0x00, 0x00, 0x00,
    0x00, 0x00, 0x00, 0x00, 0x00, 0x00, 0x00, 0x00, 0x00, 0x00, 0x00, 0x00, 0x00, 0x00, 0x00, 0x00,
    0x00, 0x00, 0x00, 0x00, 0x00, 0x00, 0x00, 0x00, 0x00, 0x00, 0x00, 0x00, 0x00, 0x00, 0x00, 0x00,
    0x00, 0x00, 0x00, 0x00, 0x00, 0x00, 0x00, 0x00, 0x00, 0x00, 0x00, 0x00, 0x00, 0x00, 0x00, 0x00,
    0x00, 0x00, 0x00, 0x00, 0x00, 0x00, 0x00, 0x00, 0x00, 0x00, 0x00, 0x00, 0x00, 0x00, 0x00, 0x00,
    0x00, 0x00, 0x00, 0x00, 0x00, 0x00, 0x00, 0x00, 0x00, 0x00, 0x00, 0x00, 0x00, 0x00, 0x00, 0x00,
    0x00, 0x00, 0x00, 0x00, 0x00, 0x00, 0x00, 0x00, 0x00, 0x00, 0x00, 0x00, 0x00, 0x00, 0x00, 0x00,
    0x00, 0x00, 0x00, 0x00, 0x00, 0x00, 0x00, 0x00, 0x00, 0x00, 0x00, 0x00, 0x00, 0x00, 0x00, 0x00,
    0x00, 0x00, 0x00, 0x00, 0x00, 0x00, 0x00, 0x00, 0x00, 0x00, 0x00, 0x00, 0x00, 0x00, 0x00, 0x00,
    0x00, 0x00, 0x00, 0x00, 0x00, 0x00, 0x00, 0x00, 0x00, 0x00, 0x00, 0x00, 0x00, 0x00, 0x00, 0x00,
    0x00, 0x00, 0x00, 0x00, 0x00, 0x00, 0x00, 0x00, 0x00, 0x00, 0x00, 0x00, 0x00, 0x00, 0x00, 0x00,
    0x00, 0x00, 0x00, 0x00, 0x00, 0x00, 0x00, 0x00, 0x00, 0x00, 0x00, 0x00, 0x00, 0x00, 0x00, 0x00,
    0x00, 0x00, 0x00, 0x00, 0x00, 0x00, 0x00, 0x00, 0x00, 0x00, 0x00, 0x00, 0x00, 0x00, 0x00, 0x00,
    0xff, 0xff, 0xff, 0xff, 0x1a, 0x09, 0x2f, 0xf1, 0x10, 0x00, 0x00, 0x00, 0x0c, 0x02, 0x00, 0x00,
    0x01, 0x00, 0x00, 0x00, 0x01, 0x00, 0x00, 0x00, 0x1d, 0x00, 0x00, 0x00, 0x01, 0x00, 0x00, 0x00,
    0x00, 0x00, 0x00, 0x00, 0x00, 0x00, 0x00, 0x00, 0x00, 0x00, 0x00, 0x00, 0x00, 0x00, 0x00, 0x00,
    0x00, 0x00, 0x00, 0x00, 0x00, 0x00, 0x00, 0x00, 0x00, 0x00, 0x00, 0x00, 0x00, 0x00, 0x00, 0x00,
    0x00, 0x00, 0x00, 0x00, 0x00, 0x00, 0x00, 0x00, 0x00, 0x00, 0x00, 0x00, 0x00, 0x00, 0x00, 0x00,
    0x00, 0x00, 0x00, 0x00, 0x00, 0x20, 0x00, 0x00, 0x00, 0x00, 0x00, 0x00, 0x00, 0x00, 0x00, 0x00,
    0x00, 0x00, 0x00, 0x00, 0x00, 0x00, 0x00, 0x00, 0x00, 0x00, 0x00, 0x00, 0x00, 0x00, 0x00, 0x00,
    0x00, 0x00, 0x00, 0x00, 0x00, 0x00, 0x00, 0x00, 0x00, 0x00, 0x00, 0x00, 0x00, 0x00, 0x00, 0x00,
    0x00, 0x00, 0x00, 0x00, 0x00, 0x00, 0x00, 0x00, 0x00, 0x00, 0x00, 0x00, 0x00, 0x00, 0x00, 0x00,
    0x00, 0x00, 0x00, 0x00, 0x00, 0x00, 0x00, 0x00, 0x00, 0x00, 0x00, 0x00, 0x00, 0x00, 0x00, 0x00,
    0x00, 0x00, 0x00, 0x00, 0x00, 0x00, 0x00, 0x00, 0x00, 0x00, 0x00, 0x00, 0x00, 0x00, 0x00, 0x00,
    0x00, 0x00, 0x00, 0x00, 0x00, 0x00, 0x00, 0x00, 0x00, 0x00, 0x00, 0x00, 0x00, 0x00, 0x00, 0x00,
    0x00, 0x00, 0x00, 0x00, 0x00, 0x00, 0x00, 0x00, 0x00, 0x00, 0x00, 0x00, 0x00, 0x00, 0x00, 0x00,
    0x00, 0x00, 0x00, 0x00, 0x00, 0x00, 0x00, 0x00, 0x00, 0x00, 0x00, 0x00, 0x00, 0x00, 0x00, 0x00,
    0x00, 0x00, 0x00, 0x00, 0x00, 0x00, 0x00, 0x00, 0x00, 0x00, 0x00, 0x00, 0x00, 0x00, 0x00, 0x00,
    0x00, 0x00, 0x00, 0x00, 0x00, 0x00, 0x00, 0x00, 0x00, 0x00, 0x00, 0x00, 0x00, 0x00, 0x00, 0x00,
    0x00, 0x00, 0x00, 0x00, 0x00, 0x00, 0x00, 0x00, 0x00, 0x00, 0x00, 0x00, 0x00, 0x00, 0x00, 0x00,
    0x00, 0x00, 0x00, 0x00, 0x00, 0x00, 0x00, 0x00, 0x00, 0x00, 0x00, 0x00, 0x00, 0x00, 0x00, 0x00,
    0x00, 0x00, 0x00, 0x00, 0x00, 0x00, 0x00, 0x00, 0x00, 0x00, 0x00, 0x00, 0x00, 0x00, 0x00, 0x00,
    0x00, 0x00, 0x00, 0x00, 0x00, 0x00, 0x00, 0x00, 0x00, 0x00, 0x00, 0x00, 0x00, 0x00, 0x00, 0x00,
    0x00, 0x00, 0x00, 0x00, 0x00, 0x00, 0x00, 0x00, 0x00, 0x00, 0x00, 0x00, 0x00, 0x00, 0x00, 0x00,
    0x00, 0x00, 0x00, 0x00, 0x00, 0x00, 0x00, 0x00, 0x00, 0x00, 0x00, 0x00, 0x00, 0x00, 0x00, 0x00,
    0x00, 0x00, 0x00, 0x00, 0x00, 0x08, 0x00, 0x00, 0x00, 0x00, 0x00, 0x00, 0x00, 0x00, 0x00, 0x00,
    0x00, 0x00, 0x00, 0x00, 0x00, 0x00, 0x00, 0x00, 0x00, 0x00, 0x00, 0x00, 0x00, 0x00, 0x00, 0x00,
    0x00, 0x00, 0x00, 0x00, 0x00, 0x00, 0x00, 0x00, 0x00, 0x00, 0x00, 0x00, 0x00, 0x00, 0x00, 0x00,
    0x00, 0x00, 0x00, 0x00, 0x00, 0x00, 0x00, 0x00, 0x00, 0x00, 0x00, 0x00, 0x00, 0x00, 0x00, 0x00,
    0x00, 0x00, 0x00, 0x00, 0x00, 0x00, 0x00, 0x00, 0x00, 0x00, 0x00, 0x00, 0x00, 0x00, 0x00, 0x00,
    0x00, 0x00, 0x00, 0x00, 0x00, 0x00, 0x00, 0x00, 0x00, 0x00, 0x00, 0x00, 0x00, 0x00, 0x00, 0x00,
    0x00, 0x00, 0x00, 0x00, 0x00, 0x00, 0x00, 0x00, 0x00, 0x00, 0x00, 0x00, 0x00, 0x00, 0x00, 0x00,
    0x00, 0x00, 0x00, 0x00, 0x00, 0x00, 0x00, 0x00, 0x00, 0x00, 0x00, 0x00, 0x00, 0x00, 0x00, 0x00,
    0x00, 0x00, 0x00, 0x00, 0x00, 0x00, 0x00, 0x00, 0x00, 0x00, 0x00, 0x00, 0x00, 0x00, 0x00, 0x00,
    0x00, 0x00, 0x00, 0x00, 0x00, 0x00, 0x00, 0x00, 0x00, 0x00, 0x00, 0x00, 0x00, 0x00, 0x00, 0x00,
    0x00, 0x00, 0x00, 0x00, 0x00, 0x00, 0x00, 0x00, 0x00, 0x00, 0x00, 0x00, 0x00, 0x00, 0x00, 0x00,
    0x00, 0x00, 0x00, 0x00, 0x00, 0x00, 0x00, 0x00, 0x00, 0x00, 0x00, 0x00, 0x00, 0x00, 0x00, 0x00,
    0x00, 0x00, 0x00, 0x00, 0x00, 0x00, 0x00, 0x00, 0x0c, 0x00, 0x00, 0x00, 0x00, 0x00, 0x00, 0x00,
    0x00, 0x00, 0x00, 0x00, 0x00, 0x00, 0x00, 0x00, 0x00, 0x00, 0x00, 0x00, 0x00, 0x00, 0x00, 0x00,
    0x00, 0x00, 0x00, 0x00, 0x00, 0x00, 0x00, 0x00, 0x00, 0x00, 0x00, 0x00, 0x00, 0x00, 0x00, 0x00,
    0x00, 0x00, 0x00, 0x00, 0x00, 0x00, 0x00, 0x00, 0x00, 0x00, 0x00, 0x00, 0x00, 0x00, 0x00, 0x00,
    0x00, 0x00, 0x00, 0x00, 0x00, 0x00, 0x00, 0x00, 0x00, 0x00, 0x00, 0x00, 0x00, 0x00, 0x00, 0x00,
    0x00, 0x00, 0x00, 0x00, 0x00, 0x00, 0x00, 0x00, 0x00, 0x00, 0x00, 0x00, 0x00, 0x00, 0x00, 0x00,
    0x00, 0x00, 0x00, 0x00, 0x00, 0x00, 0x00, 0x00, 0x00, 0x00, 0x00, 0x00, 0x00, 0x00, 0x00, 0x00,
    0x00, 0x00, 0x00, 0x00, 0x00, 0x00, 0x00, 0x00, 0x00, 0x00, 0x00, 0x00, 0x00, 0x00, 0x00, 0x00,
    0x00, 0x00, 0x00, 0x00, 0x00, 0x00, 0x00, 0x00, 0x00, 0x00, 0x00, 0x00, 0x00, 0x00, 0x00, 0x00,
    0x00, 0x00, 0x00, 0x00, 0x00, 0x00, 0x00, 0x00, 0x00, 0x00, 0x00, 0x00, 0x00, 0x00, 0x00, 0x00,
    0x00, 0x00, 0x00, 0x00, 0x00, 0x00, 0x00, 0x00, 0x00, 0x00, 0x00, 0x00, 0x00, 0x00, 0x00, 0x00,
    0x00, 0x00, 0x00, 0x00, 0x00, 0x00, 0x00, 0x00, 0x00, 0x00, 0x00, 0x00, 0x00, 0x00, 0x00, 0x00,
    0x00, 0x00, 0x00, 0x00, 0x00, 0x00, 0x00, 0x00, 0x00, 0x00, 0x00, 0x00, 0x00, 0x00, 0x00, 0x00,
    0x00, 0x00, 0x00, 0x00, 0x00, 0x00, 0x00, 0x00, 0x00, 0x00, 0x00, 0x00, 0x00, 0x00, 0x00, 0x00,
    0x00, 0x00, 0x00, 0x00, 0x00, 0x00, 0x00, 0x00, 0x00, 0x00, 0x00, 0x00, 0x00, 0x00, 0x00, 0x00,
    0x00, 0x00, 0x00, 0x00, 0x00, 0x00, 0x00, 0x00, 0x00, 0x00, 0x00, 0x00, 0x00, 0x00, 0x00, 0x00,
    0x00, 0x00, 0x00, 0x00, 0x00, 0x00, 0x00, 0x00, 0x00, 0x00, 0x00, 0x00, 0x00, 0x00, 0x00, 0x00,
    0x00, 0x00, 0x00, 0x00, 0x00, 0x00, 0x00, 0x00, 0x00, 0x00, 0x00, 0x00, 0x00, 0x00, 0x00, 0x00,
    0x00, 0x00, 0x00, 0x00, 0x00, 0x00, 0x00, 0x00, 0x00, 0x00, 0x00, 0x00, 0x00, 0x00, 0x00, 0x00,
    0x00, 0x00, 0x00, 0x00, 0x00, 0x00, 0x00, 0x00, 0x00, 0x00, 0x00, 0x00, 0x00, 0x00, 0x00, 0x00,
    0x00, 0x00, 0x00, 0x00, 0x00, 0x00, 0x00, 0x00, 0x00, 0x00, 0x00, 0x00, 0x00, 0x00, 0x00, 0x00,
    0x00, 0x00, 0x00, 0x00, 0x00, 0x00, 0x00, 0x00, 0x00, 0x00, 0x00, 0x00, 0x00, 0x00, 0x00, 0x00,
    0x00, 0x00, 0x00, 0x00, 0x00, 0x00, 0x00, 0x00, 0x00, 0x00, 0x00, 0x00, 0x00, 0x00, 0x00, 0x00,
    0x00, 0x00, 0x00, 0x00, 0x00, 0x00, 0x00, 0x00, 0x00, 0x00, 0x00, 0x00, 0x00, 0x00, 0x00, 0x00,
    0x00, 0x00, 0x00, 0x00, 0x00, 0x00, 0x00, 0x00, 0x00, 0x00, 0x00, 0x00, 0x00, 0x00, 0x00, 0x00,
    0x00, 0x00, 0x00, 0x00, 0x00, 0x00, 0x00, 0x00, 0x00, 0x00, 0x00, 0x00, 0x00, 0x00, 0x00, 0x00,
    0x00, 0x00, 0x00, 0x00, 0x00, 0x00, 0x00, 0x00, 0x00, 0x00, 0x00, 0x00, 0x00, 0x00, 0x00, 0x00,
    0x00, 0x00, 0x00, 0x00, 0x00, 0x00, 0x00, 0x00, 0x00, 0x00, 0x00, 0x00, 0x00, 0x00, 0x00, 0x00,
    0x00, 0x00, 0x00, 0x00, 0x00, 0x00, 0x00, 0x00, 0x00, 0x00, 0x00, 0x00, 0x00, 0x00, 0x00, 0x00,
    0x00, 0x00, 0x00, 0x00, 0x00, 0x00, 0x00, 0x00, 0x00, 0x00, 0x00, 0x00, 0x00, 0x00, 0x00, 0x00,
    0x1a, 0x00, 0x25, 0x11, 0x00, 0x00, 0x00, 0x00, 0xf8, 0x00, 0x00, 0x00, 0x01, 0x00, 0x76, 0x65,
    0x72, 0x74, 0x65, 0x78, 0x4d, 0x61, 0x69, 0x6e, 0x00, 0x00, 0x00, 0x00, 0x2a, 0x00, 0x64, 0x11,
    0x0b, 0x10, 0x00, 0x00, 0x00, 0x00, 0x00, 0x00, 0x00, 0x00, 0x00, 0x00, 0x00, 0x00, 0x00, 0x00,
    0x00, 0x00, 0x00, 0x00, 0x08, 0x00, 0x50, 0x75, 0x73, 0x68, 0x43, 0x6f, 0x6e, 0x73, 0x74, 0x61,
    0x6e, 0x74, 0x5f, 0x30, 0x00, 0x00, 0x00, 0x00, 0x00, 0x00, 0x00, 0x00, 0x00, 0x00, 0x00, 0x00,
    0x00, 0x00, 0x00, 0x00, 0x00, 0x00, 0x00, 0x00, 0x00, 0x00, 0x00, 0x00, 0x00, 0x00, 0x00, 0x00,
    0x00, 0x00, 0x00, 0x00, 0x00, 0x00, 0x00, 0x00, 0x00, 0x00, 0x00, 0x00, 0x00, 0x00, 0x00, 0x00,
    0x00, 0x00, 0x00, 0x00, 0x00, 0x00, 0x00, 0x00, 0x00, 0x00, 0x00, 0x00, 0x00, 0x00, 0x00, 0x00,
    0x00, 0x00, 0x00, 0x00, 0x00, 0x00, 0x00, 0x00, 0x00, 0x00, 0x00, 0x00, 0x00, 0x00, 0x00, 0x00,
    0x00, 0x00, 0x00, 0x00, 0x00, 0x00, 0x00, 0x00, 0x00, 0x00, 0x00, 0x00, 0x00, 0x00, 0x00, 0x00,
    0x00, 0x00, 0x00, 0x00, 0x00, 0x00, 0x00, 0x00, 0x00, 0x00, 0x00, 0x00, 0x00, 0x00, 0x00, 0x00,
    0x00, 0x00, 0x00, 0x00, 0x00, 0x00, 0x00, 0x00, 0x00, 0x00, 0x00, 0x00, 0x00, 0x00, 0x00, 0x00,
    0x00, 0x00, 0x00, 0x00, 0x00, 0x00, 0x00, 0x00, 0x00, 0x00, 0x00, 0x00, 0x00, 0x00, 0x00, 0x00,
    0x00, 0x00, 0x00, 0x00, 0x00, 0x00, 0x00, 0x00, 0x00, 0x00, 0x00, 0x00, 0x00, 0x00, 0x00, 0x00,
    0x00, 0x00, 0x00, 0x00, 0x00, 0x00, 0x00, 0x00, 0x00, 0x00, 0x00, 0x00, 0x00, 0x00, 0x00, 0x00,
    0x00, 0x00, 0x00, 0x00, 0x00, 0x00, 0x00, 0x00, 0x00, 0x00, 0x00, 0x00, 0x00, 0x00, 0x00, 0x00,
    0x00, 0x00, 0x00, 0x00, 0x00, 0x00, 0x00, 0x00, 0x00, 0x00, 0x00, 0x00, 0x00, 0x00, 0x00, 0x00,
    0x00, 0x00, 0x00, 0x00, 0x00, 0x00, 0x00, 0x00, 0x00, 0x00, 0x00, 0x00, 0x00, 0x00, 0x00, 0x00,
    0x00, 0x00, 0x00, 0x00, 0x00, 0x00, 0x00, 0x00, 0x00, 0x00, 0x00, 0x00, 0x00, 0x00, 0x00, 0x00,
    0x00, 0x00, 0x00, 0x00, 0x00, 0x00, 0x00, 0x00, 0x00, 0x00, 0x00, 0x00, 0x00, 0x00, 0x00, 0x00,
    0x00, 0x00, 0x00, 0x00, 0x00, 0x00, 0x00, 0x00, 0x00, 0x00, 0x00, 0x00, 0x00, 0x00, 0x00, 0x00,
    0x00, 0x00, 0x00, 0x00, 0x00, 0x00, 0x00, 0x00, 0x00, 0x00, 0x00, 0x00, 0x00, 0x00, 0x00, 0x00,
    0x00, 0x00, 0x00, 0x00, 0x00, 0x00, 0x00, 0x00, 0x00, 0x00, 0x00, 0x00, 0x00, 0x00, 0x00, 0x00,
    0x00, 0x00, 0x00, 0x00, 0x00, 0x00, 0x00, 0x00, 0x00, 0x00, 0x00, 0x00, 0x00, 0x00, 0x00, 0x00,
    0x00, 0x00, 0x00, 0x00, 0x00, 0x00, 0x00, 0x00, 0x00, 0x00, 0x00, 0x00, 0x00, 0x00, 0x00, 0x00,
    0x00, 0x00, 0x00, 0x00, 0x00, 0x00, 0x00, 0x00, 0x00, 0x00, 0x00, 0x00, 0x00, 0x00, 0x00, 0x00,
    0x00, 0x00, 0x00, 0x00, 0x00, 0x00, 0x00, 0x00, 0x00, 0x00, 0x00, 0x00, 0x00, 0x00, 0x00, 0x00,
    0x00, 0x00, 0x00, 0x00, 0x00, 0x00, 0x00, 0x00, 0x00, 0x00, 0x00, 0x00, 0x00, 0x00, 0x00, 0x00,
    0x00, 0x00, 0x00, 0x00, 0x00, 0x00, 0x00, 0x00, 0x00, 0x00, 0x00, 0x00, 0x00, 0x00, 0x00, 0x00,
    0x00, 0x00, 0x00, 0x00, 0x00, 0x00, 0x00, 0x00, 0x00, 0x00, 0x00, 0x00, 0x00, 0x00, 0x00, 0x00,
    0x00, 0x00, 0x00, 0x00, 0x00, 0x00, 0x00, 0x00, 0x00, 0x00, 0x00, 0x00, 0x00, 0x00, 0x00, 0x00,
    0x00, 0x00, 0x00, 0x00, 0x00, 0x00, 0x00, 0x00, 0x00, 0x00, 0x00, 0x00, 0x00, 0x00, 0x00, 0x00,
    0x10, 0x00, 0x00, 0x00, 0x00, 0x00, 0x00, 0x00, 0x00, 0x00, 0x00, 0x00, 0x00, 0x00, 0x00, 0x00,
    0x00, 0x00, 0x00, 0x00, 0x00, 0x00, 0x00, 0x00, 0x00, 0x00, 0x00, 0x00, 0xff, 0xff, 0xff, 0xff,
    0x1a, 0x09, 0x2f, 0xf1, 0x00, 0x00, 0x00, 0x00, 0x00, 0x00, 0x00, 0x00, 0x00, 0x00, 0x00, 0x00,
    0x00, 0x00, 0x00, 0x00, 0x00, 0x00, 0x00, 0x00, 0x00, 0x00, 0x00, 0x00, 0x00, 0x00, 0x00, 0x00,
    0x00, 0x00, 0x00, 0x00, 0x00, 0x00, 0x00, 0x00, 0x00, 0x00, 0x00, 0x00, 0x00, 0x00, 0x00, 0x00,
    0x00, 0x00, 0x00, 0x00, 0x00, 0x00, 0x00, 0x00, 0x00, 0x00, 0x00, 0x00, 0x00, 0x00, 0x00, 0x00,
    0x00, 0x00, 0x00, 0x00, 0x00, 0x00, 0x00, 0x00, 0x00, 0x00, 0x00, 0x00, 0x00, 0x00, 0x00, 0x00,
    0x00, 0x00, 0x00, 0x00, 0x00, 0x00, 0x00, 0x00, 0x00, 0x00, 0x00, 0x00, 0x00, 0x00, 0x00, 0x00,
    0x00, 0x00, 0x00, 0x00, 0x00, 0x00, 0x00, 0x00, 0x00, 0x00, 0x00, 0x00, 0x00, 0x00, 0x00, 0x00,
    0x00, 0x00, 0x00, 0x00, 0x00, 0x00, 0x00, 0x00, 0x00, 0x00, 0x00, 0x00, 0x00, 0x00, 0x00, 0x00,
    0x00, 0x00, 0x00, 0x00, 0x00, 0x00, 0x00, 0x00, 0x00, 0x00, 0x00, 0x00, 0x00, 0x00, 0x00, 0x00,
    0x00, 0x00, 0x00, 0x00, 0x00, 0x00, 0x00, 0x00, 0x00, 0x00, 0x00, 0x00, 0x00, 0x00, 0x00, 0x00,
    0x00, 0x00, 0x00, 0x00, 0x00, 0x00, 0x00, 0x00, 0x00, 0x00, 0x00, 0x00, 0x00, 0x00, 0x00, 0x00,
    0x00, 0x00, 0x00, 0x00, 0x00, 0x00, 0x00, 0x00, 0x00, 0x00, 0x00, 0x00, 0x00, 0x00, 0x00, 0x00,
    0x00, 0x00, 0x00, 0x00, 0x00, 0x00, 0x00, 0x00, 0x00, 0x00, 0x00, 0x00, 0x00, 0x00, 0x00, 0x00,
    0x00, 0x00, 0x00, 0x00, 0x00, 0x00, 0x00, 0x00, 0x00, 0x00, 0x00, 0x00, 0x00, 0x00, 0x00, 0x00,
    0x00, 0x00, 0x00, 0x00, 0x00, 0x00, 0x00, 0x00, 0x00, 0x00, 0x00, 0x00, 0x00, 0x00, 0x00, 0x00,
    0x00, 0x00, 0x00, 0x00, 0x00, 0x00, 0x00, 0x00, 0x00, 0x00, 0x00, 0x00, 0x00, 0x00, 0x00, 0x00,
    0x00, 0x00, 0x00, 0x00, 0x00, 0x00, 0x00, 0x00, 0x00, 0x00, 0x00, 0x00, 0x00, 0x00, 0x00, 0x00,
    0x00, 0x00, 0x00, 0x00, 0x00, 0x00, 0x00, 0x00, 0x00, 0x00, 0x00, 0x00, 0x00, 0x00, 0x00, 0x00,
    0x00, 0x00, 0x00, 0x00, 0x00, 0x00, 0x00, 0x00, 0x00, 0x00, 0x00, 0x00, 0x00, 0x00, 0x00, 0x00,
    0x00, 0x00, 0x00, 0x00, 0x00, 0x00, 0x00, 0x00, 0x00, 0x00, 0x00, 0x00, 0x00, 0x00, 0x00, 0x00,
    0x00, 0x00, 0x00, 0x00, 0x00, 0x00, 0x00, 0x00, 0x00, 0x00, 0x00, 0x00, 0x00, 0x00, 0x00, 0x00,
    0x00, 0x00, 0x00, 0x00, 0x00, 0x00, 0x00, 0x00, 0x00, 0x00, 0x00, 0x00, 0x00, 0x00, 0x00, 0x00,
    0x00, 0x00, 0x00, 0x00, 0x00, 0x00, 0x00, 0x00, 0x00, 0x00, 0x00, 0x00, 0x00, 0x00, 0x00, 0x00,
    0x00, 0x00, 0x00, 0x00, 0x00, 0x00, 0x00, 0x00, 0x00, 0x00, 0x00, 0x00, 0x00, 0x00, 0x00, 0x00,
    0x00, 0x00, 0x00, 0x00, 0x00, 0x00, 0x00, 0x00, 0x00, 0x00, 0x00, 0x00, 0x00, 0x00, 0x00, 0x00,
    0x00, 0x00, 0x00, 0x00, 0x00, 0x00, 0x00, 0x00, 0x00, 0x00, 0x00, 0x00, 0x00, 0x00, 0x00, 0x00,
    0x00, 0x00, 0x00, 0x00, 0x00, 0x00, 0x00, 0x00, 0x00, 0x00, 0x00, 0x00, 0x00, 0x00, 0x00, 0x00,
    0x00, 0x00, 0x00, 0x00, 0x00, 0x00, 0x00, 0x00, 0x00, 0x00, 0x00, 0x00, 0x00, 0x00, 0x00, 0x00,
    0x00, 0x00, 0x00, 0x00, 0x00, 0x00, 0x00, 0x00, 0x00, 0x00, 0x00, 0x00, 0x00, 0x00, 0x00, 0x00,
    0x00, 0x00, 0x00, 0x00, 0x00, 0x00, 0x00, 0x00, 0x00, 0x00, 0x00, 0x00, 0x00, 0x00, 0x00, 0x00,
    0x94, 0x2e, 0x31, 0x01, 0x2e, 0xb6, 0xd7, 0x68, 0x01, 0x00, 0x00, 0x00, 0x4a, 0x32, 0x55, 0xdb,
    0x96, 0x7e, 0xf0, 0x4b, 0xb9, 0xa4, 0x4e, 0x07, 0xf1, 0x9b, 0x70, 0xa9, 0x2e, 0x00, 0x00, 0x00,
    0x2f, 0x4c, 0x69, 0x6e, 0x6b, 0x49, 0x6e, 0x66, 0x6f, 0x00, 0x2f, 0x6e, 0x61, 0x6d, 0x65, 0x73,
    0x00, 0x2f, 0x73, 0x72, 0x63, 0x2f, 0x68, 0x65, 0x61, 0x64, 0x65, 0x72, 0x62, 0x6c, 0x6f, 0x63,
    0x6b, 0x00, 0x2f, 0x73, 0x72, 0x63, 0x2f, 0x66, 0x69, 0x6c, 0x65, 0x73, 0x2f, 0x00, 0x04, 0x00,
    0x00, 0x00, 0x06, 0x00, 0x00, 0x00, 0x01, 0x00, 0x00, 0x00, 0x1e, 0x00, 0x00, 0x00, 0x00, 0x00,
    0x00, 0x00, 0x11, 0x00, 0x00, 0x00, 0x07, 0x00, 0x00, 0x00, 0x22, 0x00, 0x00, 0x00, 0x08, 0x00,
    0x00, 0x00, 0x0a, 0x00, 0x00, 0x00, 0x06, 0x00, 0x00, 0x00, 0x00, 0x00, 0x00, 0x00, 0x05, 0x00,
    0x00, 0x00, 0x00, 0x00, 0x00, 0x00, 0xdc, 0x51, 0x33, 0x01, 0x00, 0x6e, 0x6f, 0x6e, 0x65, 0x00,
    0x00, 0x00, 0x00, 0x00, 0x00, 0x00, 0x00, 0x00, 0x00, 0x00, 0x00, 0x00, 0x00, 0x00, 0x00, 0x00,
    0x00, 0x00, 0x00, 0x00, 0x00, 0x00, 0x00, 0x00, 0x00, 0x00, 0x00, 0x00, 0x00, 0x00, 0x00, 0x00,
    0x00, 0x00, 0x00, 0x00, 0x00, 0x00, 0x00, 0x00, 0x00, 0x00, 0x00, 0x00, 0x00, 0x00, 0x00, 0x00,
    0x00, 0x00, 0x00, 0x00, 0x00, 0x00, 0x00, 0x00, 0x00, 0x00, 0x00, 0x00, 0x00, 0x00, 0x00, 0x00,
    0x00, 0x00, 0x00, 0x00, 0x00, 0x00, 0x00, 0x00, 0x00, 0x00, 0x00, 0x00, 0x00, 0x00, 0x00, 0x00,
    0x00, 0x00, 0x00, 0x00, 0x00, 0x00, 0x00, 0x00, 0x00, 0x00, 0x00, 0x00, 0x00, 0x00, 0x00, 0x00,
    0x00, 0x00, 0x00, 0x00, 0x00, 0x00, 0x00, 0x00, 0x00, 0x00, 0x00, 0x00, 0x00, 0x00, 0x00, 0x00,
    0x00, 0x00, 0x00, 0x00, 0x00, 0x00, 0x00, 0x00, 0x00, 0x00, 0x00, 0x00, 0x00, 0x00, 0x00, 0x00,
    0x00, 0x00, 0x00, 0x00, 0x00, 0x00, 0x00, 0x00, 0x00, 0x00, 0x00, 0x00, 0x00, 0x00, 0x00, 0x00,
    0x00, 0x00, 0x00, 0x00, 0x00, 0x00, 0x00, 0x00, 0x00, 0x00, 0x00, 0x00, 0x00, 0x00, 0x00, 0x00,
    0x00, 0x00, 0x00, 0x00, 0x00, 0x00, 0x00, 0x00, 0x00, 0x00, 0x00, 0x00, 0x00, 0x00, 0x00, 0x00,
    0x00, 0x00, 0x00, 0x00, 0x00, 0x00, 0x00, 0x00, 0x00, 0x00, 0x00, 0x00, 0x00, 0x00, 0x00, 0x00,
    0x00, 0x00, 0x00, 0x00, 0x00, 0x00, 0x00, 0x00, 0x00, 0x00, 0x00, 0x00, 0x00, 0x00, 0x00, 0x00,
    0x00, 0x00, 0x00, 0x00, 0x00, 0x00, 0x00, 0x00, 0x00, 0x00, 0x00, 0x00, 0x00, 0x00, 0x00, 0x00,
    0x00, 0x00, 0x00, 0x00, 0x00, 0x00, 0x00, 0x00, 0x00, 0x00, 0x00, 0x00, 0x00, 0x00, 0x00, 0x00,
    0x00, 0x00, 0x00, 0x00, 0x00, 0x00, 0x00, 0x00, 0x00, 0x00, 0x00, 0x00, 0x00, 0x00, 0x00, 0x00,
    0x00, 0x00, 0x00, 0x00, 0x00, 0x00, 0x00, 0x00, 0x00, 0x00, 0x00, 0x00, 0x00, 0x00, 0x00, 0x00,
    0x00, 0x00, 0x00, 0x00, 0x00, 0x00, 0x00, 0x00, 0x00, 0x00, 0x00, 0x00, 0x00, 0x00, 0x00, 0x00,
    0x00, 0x00, 0x00, 0x00, 0x00, 0x00, 0x00, 0x00, 0x00, 0x00, 0x00, 0x00, 0x00, 0x00, 0x00, 0x00,
    0x00, 0x00, 0x00, 0x00, 0x00, 0x00, 0x00, 0x00, 0x00, 0x00, 0x00, 0x00, 0x00, 0x00, 0x00, 0x00,
    0x00, 0x00, 0x00, 0x00, 0x00, 0x00, 0x00, 0x00, 0x00, 0x00, 0x00, 0x00, 0x00, 0x00, 0x00, 0x00,
    0x00, 0x00, 0x00, 0x00, 0x00, 0x00, 0x00, 0x00, 0x00, 0x00, 0x00, 0x00, 0x00, 0x00, 0x00, 0x00,
    0x00, 0x00, 0x00, 0x00, 0x00, 0x00, 0x00, 0x00, 0x00, 0x00, 0x00, 0x00, 0x00, 0x00, 0x00, 0x00,
    0xff, 0xff, 0xff, 0xff, 0x77, 0x09, 0x31, 0x01, 0x01, 0x00, 0x00, 0x00, 0x0d, 0x00, 0x00, 0x8e,
    0x0e, 0x00, 0x3f, 0x5c, 0x0f, 0x00, 0x00, 0x00, 0x50, 0x00, 0x00, 0x00, 0x20, 0x00, 0x00, 0x00,
    0x2c, 0x00, 0x00, 0x00, 0x38, 0x00, 0x00, 0x00, 0x00, 0x00, 0x00, 0x00, 0x00, 0x00, 0x00, 0x00,
    0x16, 0x00, 0x00, 0x00, 0x19, 0x00, 0x00, 0x00, 0x00, 0x00, 0x00, 0x00, 0x00, 0x00, 0x00, 0x00,
    0x00, 0x00, 0x00, 0x00, 0x01, 0x00, 0x00, 0x00, 0x00, 0x00, 0x00, 0x00, 0x60, 0x02, 0x00, 0x00,
    0x20, 0x00, 0x00, 0x60, 0x00, 0x00, 0x00, 0x00, 0x00, 0x00, 0x00, 0x00, 0x00, 0x00, 0x00, 0x00,
    0x02, 0x00, 0x09, 0x00, 0x8c, 0x03, 0x00, 0x00, 0x00, 0x00, 0x00, 0x00, 0xdc, 0x02, 0x00, 0x00,
    0x02, 0x00, 0x00, 0x00, 0x00, 0x00, 0x00, 0x00, 0x00, 0x00, 0x00, 0x00, 0x00, 0x00, 0x00, 0x00,
    0x76, 0x65, 0x72, 0x74, 0x65, 0x78, 0x4d, 0x61, 0x69, 0x6e, 0x00, 0x6e, 0x6f, 0x6e, 0x65, 0x00,
    0x2d, 0xba, 0x2e, 0xf1, 0x01, 0x00, 0x00, 0x00, 0x00, 0x00, 0x00, 0x00, 0x60, 0x02, 0x00, 0x00,
    0x20, 0x00, 0x00, 0x60, 0x00, 0x00, 0x00, 0x00, 0x00, 0x00, 0x00, 0x00, 0x00, 0x00, 0x00, 0x00,
    0x02, 0x00, 0x02, 0x00, 0x07, 0x00, 0x00, 0x00, 0x00, 0x00, 0x01, 0x00, 0xff, 0xff, 0xff, 0xff,
    0x00, 0x00, 0x00, 0x00, 0x60, 0x02, 0x00, 0x00, 0x08, 0x02, 0x00, 0x00, 0x00, 0x00, 0x00, 0x00,
    0xff, 0xff, 0xff, 0xff, 0x00, 0x00, 0x00, 0x00, 0xff, 0xff, 0xff, 0xff, 0x01, 0x00, 0x02, 0x00,
    0x00, 0x00, 0x02, 0x00, 0x00, 0x00, 0x00, 0x00, 0x01, 0x00, 0x00, 0x00, 0x00, 0x72, 0x65, 0x73,
    0x6f, 0x75, 0x72, 0x63, 0x65, 0x73, 0x2f, 0x53, 0x68, 0x61, 0x64, 0x65, 0x72, 0x73, 0x2f, 0x53,
    0x6f, 0x75, 0x72, 0x63, 0x65, 0x2f, 0x42, 0x6c, 0x69, 0x74, 0x2e, 0x73, 0x6c, 0x61, 0x6e, 0x67,
    0x00, 0x00, 0x00, 0x00, 0xfe, 0xef, 0xfe, 0xef, 0x01, 0x00, 0x00, 0x00, 0x01, 0x00, 0x00, 0x00,
    0x00, 0x01, 0x00, 0x00, 0x00, 0x00, 0x00, 0x00, 0x00, 0x00, 0x00, 0x00, 0x00, 0xff, 0xff, 0xff,
    0xff, 0xff, 0xff, 0xff, 0xff, 0xff, 0xff, 0x0c, 0x00, 0xff, 0xff, 0xff, 0xff, 0xff, 0xff, 0xff,
    0xff, 0xff, 0xff, 0x00, 0x00, 0x00, 0x00, 0x00, 0x00, 0x00, 0x00, 0x00, 0x00, 0x00, 0x00, 0x00,
    0x00, 0x00, 0x00, 0x00, 0x00, 0x00, 0x00, 0x00, 0x00, 0x00, 0x00, 0x00, 0x00, 0x00, 0x00, 0x00,
    0x00, 0x00, 0x00, 0x00, 0x00, 0x00, 0x00, 0x00, 0x00, 0x00, 0x00, 0x00, 0x00, 0x00, 0x00, 0x00,
    0x00, 0x00, 0x00, 0x00, 0x00, 0x00, 0x00, 0x00, 0x00, 0x00, 0x00, 0x00, 0x00, 0x00, 0x00, 0x00,
    0x00, 0x00, 0x00, 0x00, 0x00, 0x00, 0x00, 0x00, 0x00, 0x00, 0x00, 0x00, 0x00, 0x00, 0x00, 0x00,
    0x00, 0x00, 0x00, 0x00, 0x00, 0x00, 0x00, 0x00, 0x00, 0x00, 0x00, 0x00, 0x00, 0x00, 0x00, 0x00,
    0x00, 0x00, 0x00, 0x00, 0x00, 0x00, 0x00, 0x00, 0x00, 0x00, 0x00, 0x00, 0x00, 0x00, 0x00, 0x00,
    0x00, 0x00, 0x00, 0x00, 0x00, 0x00, 0x00, 0x00, 0x00, 0x00, 0x00, 0x00, 0x00, 0x00, 0x00, 0x00,
    0x00, 0x00, 0x00, 0x00, 0x00, 0x00, 0x00, 0x00, 0x00, 0x00, 0x00, 0x00, 0x00, 0x00, 0x00, 0x00,
    0x00, 0x00, 0x00, 0x00, 0x00, 0x00, 0x00, 0x00, 0x00, 0x00, 0x00, 0x00, 0x00, 0x00, 0x00, 0x00,
    0x00, 0x00, 0x00, 0x00, 0x00, 0x00, 0x00, 0x00, 0x00, 0x00, 0x00, 0x00, 0x00, 0x00, 0x00, 0x00,
    0x00, 0x00, 0x00, 0x00, 0x00, 0x00, 0x00, 0x00, 0x00, 0x00, 0x00, 0x00, 0x00, 0x00, 0x00, 0x00,
    0x10, 0x00, 0x00, 0x00, 0x20, 0x00, 0x00, 0x00, 0x8a, 0x00, 0x00, 0x00, 0xcc, 0x01, 0x00, 0x00,
    0x43, 0x01, 0x00, 0x00, 0x38, 0x00, 0x00, 0x00, 0x00, 0x00, 0x00, 0x00, 0xf6, 0x07, 0x00, 0x00,
    0x80, 0x00, 0x00, 0x00, 0xab, 0x07, 0x00, 0x00, 0x74, 0x06, 0x00, 0x00, 0x38, 0x00, 0x00, 0x00,
    0x00, 0x00, 0x00, 0x00, 0x28, 0x00, 0x00, 0x00, 0x2c, 0x02, 0x00, 0x00, 0x2c, 0x00, 0x00, 0x00,
    0x48, 0x00, 0x00, 0x00, 0x03, 0x00, 0x00, 0x00, 0x1b, 0x00, 0x00, 0x00, 0x12, 0x00, 0x00, 0x00,
    0x1c, 0x00, 0x00, 0x00, 0x13, 0x00, 0x00, 0x00, 0x0c, 0x00, 0x00, 0x00, 0x06, 0x00, 0x00, 0x00,
    0x14, 0x00, 0x00, 0x00, 0x15, 0x00, 0x00, 0x00, 0x0d, 0x00, 0x00, 0x00, 0x08, 0x00, 0x00, 0x00,
    0x09, 0x00, 0x00, 0x00, 0x0a, 0x00, 0x00, 0x00, 0x0b, 0x00, 0x00, 0x00, 0x0e, 0x00, 0x00, 0x00,
    0x0f, 0x00, 0x00, 0x00, 0x10, 0x00, 0x00, 0x00, 0x11, 0x00, 0x00, 0x00, 0x07, 0x00, 0x00, 0x00,
    0x16, 0x00, 0x00, 0x00, 0x17, 0x00, 0x00, 0x00, 0x18, 0x00, 0x00, 0x00, 0x1a, 0x00, 0x00, 0x00,
    0x19, 0x00, 0x00, 0x00, 0x00, 0x00, 0x00, 0x00, 0x00, 0x00, 0x00, 0x00, 0x00, 0x00, 0x00, 0x00,
    0x00, 0x00, 0x00, 0x00, 0x00, 0x00, 0x00, 0x00, 0x00, 0x00, 0x00, 0x00, 0x00, 0x00, 0x00, 0x00,
    0x00, 0x00, 0x00, 0x00, 0x00, 0x00, 0x00, 0x00, 0x00, 0x00, 0x00, 0x00, 0x00, 0x00, 0x00, 0x00,
    0x00, 0x00, 0x00, 0x00, 0x00, 0x00, 0x00, 0x00, 0x00, 0x00, 0x00, 0x00, 0x00, 0x00, 0x00, 0x00,
    0x00, 0x00, 0x00, 0x00, 0x00, 0x00, 0x00, 0x00, 0x00, 0x00, 0x00, 0x00, 0x00, 0x00, 0x00, 0x00,
    0x00, 0x00, 0x00, 0x00, 0x00, 0x00, 0x00, 0x00, 0x00, 0x00, 0x00, 0x00, 0x00, 0x00, 0x00, 0x00,
    0x00, 0x00, 0x00, 0x00, 0x00, 0x00, 0x00, 0x00, 0x00, 0x00, 0x00, 0x00, 0x00, 0x00, 0x00, 0x00,
    0x00, 0x00, 0x00, 0x00, 0x00, 0x00, 0x00, 0x00, 0x00, 0x00, 0x00, 0x00, 0x00, 0x00, 0x00, 0x00,
    0x00, 0x00, 0x00, 0x00, 0x00, 0x00, 0x00, 0x00, 0x00, 0x00, 0x00, 0x00, 0x00, 0x00, 0x00, 0x00,
    0x00, 0x00, 0x00, 0x00, 0x00, 0x00, 0x00, 0x00, 0x00, 0x00, 0x00, 0x00, 0x00, 0x00, 0x00, 0x00,
    0x00, 0x00, 0x00, 0x00, 0x00, 0x00, 0x00, 0x00, 0x00, 0x00, 0x00, 0x00, 0x00, 0x00, 0x00, 0x00,
    0x00, 0x00, 0x00, 0x00, 0x00, 0x00, 0x00, 0x00, 0x00, 0x00, 0x00, 0x00, 0x00, 0x00, 0x00, 0x00,
    0x00, 0x00, 0x00, 0x00, 0x00, 0x00, 0x00, 0x00, 0x00, 0x00, 0x00, 0x00, 0x00, 0x00, 0x00, 0x00,
    0x00, 0x00, 0x00, 0x00, 0x00, 0x00, 0x00, 0x00, 0x00, 0x00, 0x00, 0x00, 0x00, 0x00, 0x00, 0x00,
    0x00, 0x00, 0x00, 0x00, 0x00, 0x00, 0x00, 0x00, 0x00, 0x00, 0x00, 0x00, 0x00, 0x00, 0x00, 0x00,
    0x00, 0x00, 0x00, 0x00, 0x00, 0x00, 0x00, 0x00, 0x00, 0x00, 0x00, 0x00, 0x00, 0x00, 0x00, 0x00,
    0x00, 0x00, 0x00, 0x00, 0x00, 0x00, 0x00, 0x00, 0x00, 0x00, 0x00, 0x00, 0x00, 0x00, 0x00, 0x00,
    0x00, 0x00, 0x00, 0x00, 0x00, 0x00, 0x00, 0x00, 0x00, 0x00, 0x00, 0x00, 0x00, 0x00, 0x00, 0x00,
    0x00, 0x00, 0x00, 0x00, 0x00, 0x00, 0x00, 0x00, 0x00, 0x00, 0x00, 0x00, 0x00, 0x00, 0x00, 0x00,
    0x00, 0x00, 0x00, 0x00, 0x00, 0x00, 0x00, 0x00, 0x00, 0x00, 0x00, 0x00, 0x00, 0x00, 0x00, 0x00,
    0x00, 0x00, 0x00, 0x00, 0x00, 0x00, 0x00, 0x00, 0x00, 0x00, 0x00, 0x00, 0x00, 0x00, 0x00, 0x00,
    0x00, 0x00, 0x00, 0x00, 0x00, 0x00, 0x00, 0x00, 0x00, 0x00, 0x00, 0x00, 0x00, 0x00, 0x00, 0x00,
    0x1d, 0x00, 0x00, 0x00, 0x00, 0x00, 0x00, 0x00, 0x00, 0x00, 0x00, 0x00, 0x00, 0x00, 0x00, 0x00,
    0x00, 0x00, 0x00, 0x00, 0x00, 0x00, 0x00, 0x00, 0x00, 0x00, 0x00, 0x00, 0x00, 0x00, 0x00, 0x00,
    0x00, 0x00, 0x00, 0x00, 0x00, 0x00, 0x00, 0x00, 0x00, 0x00, 0x00, 0x00, 0x00, 0x00, 0x00, 0x00,
    0x00, 0x00, 0x00, 0x00, 0x00, 0x00, 0x00, 0x00, 0x00, 0x00, 0x00, 0x00, 0x00, 0x00, 0x00, 0x00,
    0x00, 0x00, 0x00, 0x00, 0x00, 0x00, 0x00, 0x00, 0x00, 0x00, 0x00, 0x00, 0x00, 0x00, 0x00, 0x00,
    0x00, 0x00, 0x00, 0x00, 0x00, 0x00, 0x00, 0x00, 0x00, 0x00, 0x00, 0x00, 0x00, 0x00, 0x00, 0x00,
    0x00, 0x00, 0x00, 0x00, 0x00, 0x00, 0x00, 0x00, 0x00, 0x00, 0x00, 0x00, 0x00, 0x00, 0x00, 0x00,
    0x00, 0x00, 0x00, 0x00, 0x00, 0x00, 0x00, 0x00, 0x00, 0x00, 0x00, 0x00, 0x00, 0x00, 0x00, 0x00,
    0x00, 0x00, 0x00, 0x00, 0x00, 0x00, 0x00, 0x00, 0x00, 0x00, 0x00, 0x00, 0x00, 0x00, 0x00, 0x00,
    0x00, 0x00, 0x00, 0x00, 0x00, 0x00, 0x00, 0x00, 0x00, 0x00, 0x00, 0x00, 0x00, 0x00, 0x00, 0x00,
    0x00, 0x00, 0x00, 0x00, 0x00, 0x00, 0x00, 0x00, 0x00, 0x00, 0x00, 0x00, 0x00, 0x00, 0x00, 0x00,
    0x00, 0x00, 0x00, 0x00, 0x00, 0x00, 0x00, 0x00, 0x00, 0x00, 0x00, 0x00, 0x00, 0x00, 0x00, 0x00,
    0x00, 0x00, 0x00, 0x00, 0x00, 0x00, 0x00, 0x00, 0x00, 0x00, 0x00, 0x00, 0x00, 0x00, 0x00, 0x00,
    0x00, 0x00, 0x00, 0x00, 0x00, 0x00, 0x00, 0x00, 0x00, 0x00, 0x00, 0x00, 0x00, 0x00, 0x00, 0x00,
    0x00, 0x00, 0x00, 0x00, 0x00, 0x00, 0x00, 0x00, 0x00, 0x00, 0x00, 0x00, 0x00, 0x00, 0x00, 0x00,
    0x00, 0x00, 0x00, 0x00, 0x00, 0x00, 0x00, 0x00, 0x00, 0x00, 0x00, 0x00, 0x00, 0x00, 0x00, 0x00,
    0x00, 0x00, 0x00, 0x00, 0x00, 0x00, 0x00, 0x00, 0x00, 0x00, 0x00, 0x00, 0x00, 0x00, 0x00, 0x00,
    0x00, 0x00, 0x00, 0x00, 0x00, 0x00, 0x00, 0x00, 0x00, 0x00, 0x00, 0x00, 0x00, 0x00, 0x00, 0x00,
    0x00, 0x00, 0x00, 0x00, 0x00, 0x00, 0x00, 0x00, 0x00, 0x00, 0x00, 0x00, 0x00, 0x00, 0x00, 0x00,
    0x00, 0x00, 0x00, 0x00, 0x00, 0x00, 0x00, 0x00, 0x00, 0x00, 0x00, 0x00, 0x00, 0x00, 0x00, 0x00,
    0x00, 0x00, 0x00, 0x00, 0x00, 0x00, 0x00, 0x00, 0x00, 0x00, 0x00, 0x00, 0x00, 0x00, 0x00, 0x00,
    0x00, 0x00, 0x00, 0x00, 0x00, 0x00, 0x00, 0x00, 0x00, 0x00, 0x00, 0x00, 0x00, 0x00, 0x00, 0x00,
    0x00, 0x00, 0x00, 0x00, 0x00, 0x00, 0x00, 0x00, 0x00, 0x00, 0x00, 0x00, 0x00, 0x00, 0x00, 0x00,
    0x00, 0x00, 0x00, 0x00, 0x00, 0x00, 0x00, 0x00, 0x00, 0x00, 0x00, 0x00, 0x00, 0x00, 0x00, 0x00,
    0x00, 0x00, 0x00, 0x00, 0x00, 0x00, 0x00, 0x00, 0x00, 0x00, 0x00, 0x00, 0x00, 0x00, 0x00, 0x00,
    0x00, 0x00, 0x00, 0x00, 0x00, 0x00, 0x00, 0x00, 0x00, 0x00, 0x00, 0x00, 0x00, 0x00, 0x00, 0x00,
    0x00, 0x00, 0x00, 0x00, 0x00, 0x00, 0x00, 0x00, 0x00, 0x00, 0x00, 0x00, 0x00, 0x00, 0x00, 0x00,
    0x00, 0x00, 0x00, 0x00, 0x00, 0x00, 0x00, 0x00, 0x00, 0x00, 0x00, 0x00, 0x00, 0x00, 0x00, 0x00,
    0x00, 0x00, 0x00, 0x00, 0x00, 0x00, 0x00, 0x00, 0x00, 0x00, 0x00, 0x00, 0x00, 0x00, 0x00, 0x00,
    0x00, 0x00, 0x00, 0x00, 0x00, 0x00, 0x00, 0x00, 0x00, 0x00, 0x00, 0x00, 0x00, 0x00, 0x00, 0x00,
    0x00, 0x00, 0x00, 0x00, 0x00, 0x00, 0x00, 0x00, 0x00, 0x00, 0x00, 0x00, 0x00, 0x00, 0x00, 0x00,
    0x00, 0x00, 0x00, 0x00, 0x00, 0x00, 0x00, 0x00, 0x00, 0x00, 0x00, 0x00, 0x00, 0x00, 0x00, 0x00
};

// array size is 14596
static const unsigned char gBlitImageArrayPS[] = {
    0x44, 0x58, 0x42, 0x43, 0xfe, 0x6e, 0x3a, 0xe7, 0x27, 0x9d, 0xaf, 0xe4, 0x7d, 0xfe, 0x1f, 0x4a,
    0x87, 0xbc, 0x90, 0x20, 0x01, 0x00, 0x00, 0x00, 0x04, 0x39, 0x00, 0x00, 0x06, 0x00, 0x00, 0x00,
    0x38, 0x00, 0x00, 0x00, 0x14, 0x01, 0x00, 0x00, 0x6c, 0x01, 0x00, 0x00, 0xa0, 0x01, 0x00, 0x00,
    0x60, 0x02, 0x00, 0x00, 0xfc, 0x02, 0x00, 0x00, 0x52, 0x44, 0x45, 0x46, 0xd4, 0x00, 0x00, 0x00,
    0x00, 0x00, 0x00, 0x00, 0x00, 0x00, 0x00, 0x00, 0x02, 0x00, 0x00, 0x00, 0x3c, 0x00, 0x00, 0x00,
    0x01, 0x05, 0xff, 0xff, 0x01, 0x4d, 0x10, 0x00, 0xa9, 0x00, 0x00, 0x00, 0x13, 0x13, 0x44, 0x25,
    0x3c, 0x00, 0x00, 0x00, 0x18, 0x00, 0x00, 0x00, 0x28, 0x00, 0x00, 0x00, 0x28, 0x00, 0x00, 0x00,
    0x24, 0x00, 0x00, 0x00, 0x0c, 0x00, 0x00, 0x00, 0x00, 0x00, 0x00, 0x00, 0x8c, 0x00, 0x00, 0x00,
    0x03, 0x00, 0x00, 0x00, 0x00, 0x00, 0x00, 0x00, 0x00, 0x00, 0x00, 0x00, 0x00, 0x00, 0x00, 0x00,
    0x00, 0x00, 0x00, 0x00, 0x01, 0x00, 0x00, 0x00, 0x00, 0x00, 0x00, 0x00, 0x00, 0x00, 0x00, 0x00,
    0x00, 0x00, 0x00, 0x00, 0x97, 0x00, 0x00, 0x00, 0x02, 0x00, 0x00, 0x00, 0x05, 0x00, 0x00, 0x00,
    0x05, 0x00, 0x00, 0x00, 0xff, 0xff, 0xff, 0xff, 0x00, 0x00, 0x00, 0x00, 0x01, 0x00, 0x00, 0x00,
    0x0c, 0x00, 0x00, 0x00, 0x00, 0x00, 0x00, 0x00, 0x00, 0x00, 0x00, 0x00, 0x67, 0x53, 0x61, 0x6d,
    0x70, 0x6c, 0x65, 0x72, 0x5f, 0x30, 0x00, 0x67, 0x54, 0x65, 0x78, 0x74, 0x75, 0x72, 0x65, 0x32,
    0x44, 0x41, 0x72, 0x72, 0x61, 0x79, 0x5f, 0x30, 0x00, 0x4d, 0x69, 0x63, 0x72, 0x6f, 0x73, 0x6f,
    0x66, 0x74, 0x20, 0x28, 0x52, 0x29, 0x20, 0x48, 0x4c, 0x53, 0x4c, 0x20, 0x53, 0x68, 0x61, 0x64,
    0x65, 0x72, 0x20, 0x43, 0x6f, 0x6d, 0x70, 0x69, 0x6c, 0x65, 0x72, 0x20, 0x31, 0x30, 0x2e, 0x31,
    0x00, 0xab, 0xab, 0xab, 0x49, 0x53, 0x47, 0x4e, 0x50, 0x00, 0x00, 0x00, 0x02, 0x00, 0x00, 0x00,
    0x08, 0x00, 0x00, 0x00, 0x38, 0x00, 0x00, 0x00, 0x00, 0x00, 0x00, 0x00, 0x01, 0x00, 0x00, 0x00,
    0x03, 0x00, 0x00, 0x00, 0x00, 0x00, 0x00, 0x00, 0x0f, 0x00, 0x00, 0x00, 0x44, 0x00, 0x00, 0x00,
    0x00, 0x00, 0x00, 0x00, 0x00, 0x00, 0x00, 0x00, 0x03, 0x00, 0x00, 0x00, 0x01, 0x00, 0x00, 0x00,
    0x03, 0x03, 0x00, 0x00, 0x53, 0x56, 0x5f, 0x50, 0x6f, 0x73, 0x69, 0x74, 0x69, 0x6f, 0x6e, 0x00,
    0x54, 0x45, 0x58, 0x43, 0x4f, 0x4f, 0x52, 0x44, 0x00, 0xab, 0xab, 0xab, 0x4f, 0x53, 0x47, 0x4e,
    0x2c, 0x00, 0x00, 0x00, 0x01, 0x00, 0x00, 0x00, 0x08, 0x00, 0x00, 0x00, 0x20, 0x00, 0x00, 0x00,
    0x00, 0x00, 0x00, 0x00, 0x00, 0x00, 0x00, 0x00, 0x03, 0x00, 0x00, 0x00, 0x00, 0x00, 0x00, 0x00,
    0x0f, 0x00, 0x00, 0x00, 0x53, 0x56, 0x5f, 0x54, 0x41, 0x52, 0x47, 0x45, 0x54, 0x00, 0xab, 0xab,
    0x53, 0x48, 0x45, 0x58, 0xb8, 0x00, 0x00, 0x00, 0x51, 0x00, 0x00, 0x00, 0x2e, 0x00, 0x00, 0x00,
    0x6a, 0x08, 0x00, 0x01, 0x5a, 0x00, 0x00, 0x06, 0x46, 0x6e, 0x30, 0x00, 0x00, 0x00, 0x00, 0x00,
    0x00, 0x00, 0x00, 0x00, 0x00, 0x00, 0x00, 0x00, 0x00, 0x00, 0x00, 0x00, 0x58, 0x40, 0x00, 0x07,
    0x46, 0x7e, 0x30, 0x00, 0x00, 0x00, 0x00, 0x00, 0x00, 0x00, 0x00, 0x00, 0x00, 0x00, 0x00, 0x00,
    0x55, 0x55, 0x00, 0x00, 0x00, 0x00, 0x00, 0x00, 0x62, 0x10, 0x00, 0x03, 0x32, 0x10, 0x10, 0x00,
    0x01, 0x00, 0x00, 0x00, 0x65, 0x00, 0x00, 0x03, 0xf2, 0x20, 0x10, 0x00, 0x00, 0x00, 0x00, 0x00,
    0x68, 0x00, 0x00, 0x02, 0x01, 0x00, 0x00, 0x00, 0x36, 0x00, 0x00, 0x05, 0x32, 0x00, 0x10, 0x00,
    0x00, 0x00, 0x00, 0x00, 0x46, 0x10, 0x10, 0x00, 0x01, 0x00, 0x00, 0x00, 0x36, 0x00, 0x00, 0x05,
    0x42, 0x00, 0x10, 0x00, 0x00, 0x00, 0x00, 0x00, 0x01, 0x40, 0x00, 0x00, 0x00, 0x00, 0x00, 0x00,
    0x45, 0x00, 0x00, 0x0b, 0xf2, 0x20, 0x10, 0x00, 0x00, 0x00, 0x00, 0x00, 0x46, 0x02, 0x10, 0x00,
    0x00, 0x00, 0x00, 0x00, 0x46, 0x7e, 0x20, 0x00, 0x00, 0x00, 0x00, 0x00, 0x00, 0x00, 0x00, 0x00,
    0x00, 0x60, 0x20, 0x00, 0x00, 0x00, 0x00, 0x00, 0x00, 0x00, 0x00, 0x00, 0x3e, 0x00, 0x00, 0x01,
    0x53, 0x54, 0x41, 0x54, 0x94, 0x00, 0x00, 0x00, 0x04, 0x00, 0x00, 0x00, 0x01, 0x00, 0x00, 0x00,
    0x00, 0x00, 0x00, 0x00, 0x02, 0x00, 0x00, 0x00, 0x00, 0x00, 0x00, 0x00, 0x00, 0x00, 0x00, 0x00,
    0x00, 0x00, 0x00, 0x00, 0x01, 0x00, 0x00, 0x00, 0x00, 0x00, 0x00, 0x00, 0x00, 0x00, 0x00, 0x00,
    0x00, 0x00, 0x00, 0x00, 0x00, 0x00, 0x00, 0x00, 0x00, 0x00, 0x00, 0x00, 0x00, 0x00, 0x00, 0x00,
    0x01, 0x00, 0x00, 0x00, 0x00, 0x00, 0x00, 0x00, 0x00, 0x00, 0x00, 0x00, 0x00, 0x00, 0x00, 0x00,
    0x00, 0x00, 0x00, 0x00, 0x02, 0x00, 0x00, 0x00, 0x00, 0x00, 0x00, 0x00, 0x00, 0x00, 0x00, 0x00,
    0x00, 0x00, 0x00, 0x00, 0x00, 0x00, 0x00, 0x00, 0x00, 0x00, 0x00, 0x00, 0x00, 0x00, 0x00, 0x00,
    0x00, 0x00, 0x00, 0x00, 0x00, 0x00, 0x00, 0x00, 0x00, 0x00, 0x00, 0x00, 0x00, 0x00, 0x00, 0x00,
    0x00, 0x00, 0x00, 0x00, 0x00, 0x00, 0x00, 0x00, 0x00, 0x00, 0x00, 0x00, 0x00, 0x00, 0x00, 0x00,
    0x00, 0x00, 0x00, 0x00, 0x00, 0x00, 0x00, 0x00, 0x00, 0x00, 0x00, 0x00, 0x53, 0x50, 0x44, 0x42,
    0x00, 0x36, 0x00, 0x00, 0x4d, 0x69, 0x63, 0x72, 0x6f, 0x73, 0x6f, 0x66, 0x74, 0x20, 0x43, 0x2f,
    0x43, 0x2b, 0x2b, 0x20, 0x4d, 0x53, 0x46, 0x20, 0x37, 0x2e, 0x30, 0x30, 0x0d, 0x0a, 0x1a, 0x44,
    0x53, 0x00, 0x00, 0x00, 0x00, 0x02, 0x00, 0x00, 0x02, 0x00, 0x00, 0x00, 0x1b, 0x00, 0x00, 0x00,
    0x8c, 0x00, 0x00, 0x00, 0x00, 0x00, 0x00, 0x00, 0x18, 0x00, 0x00, 0x00, 0x00, 0x00, 0x00, 0x00,
    0x00, 0x00, 0x00, 0x00, 0x00, 0x00, 0x00, 0x00, 0x00, 0x00, 0x00, 0x00, 0x00, 0x00, 0x00, 0x00,
    0x00, 0x00, 0x00, 0x00, 0x00, 0x00, 0x00, 0x00, 0x00, 0x00, 0x00, 0x00, 0x00, 0x00, 0x00, 0x00,
    0x00, 0x00, 0x00, 0x00, 0x00, 0x00, 0x00, 0x00, 0x00, 0x00, 0x00, 0x00, 0x00, 0x00, 0x00, 0x00,
    0x00, 0x00, 0x00, 0x00, 0x00, 0x00, 0x00, 0x00, 0x00, 0x00, 0x00, 0x00, 0x00, 0x00, 0x00, 0x00,
    0x00, 0x00, 0x00, 0x00, 0x00, 0x00, 0x00, 0x00, 0x00, 0x00, 0x00, 0x00, 0x00, 0x00, 0x00, 0x00,
    0x00, 0x00, 0x00, 0x00, 0x00, 0x00, 0x00, 0x00, 0x00, 0x00, 0x00, 0x00, 0x00, 0x00, 0x00, 0x00,
    0x00, 0x00, 0x00, 0x00, 0x00, 0x00, 0x00, 0x00, 0x00, 0x00, 0x00, 0x00, 0x00, 0x00, 0x00, 0x00,
    0x00, 0x00, 0x00, 0x00, 0x00, 0x00, 0x00, 0x00, 0x00, 0x00, 0x00, 0x00, 0x00, 0x00, 0x00, 0x00,
    0x00, 0x00, 0x00, 0x00, 0x00, 0x00, 0x00, 0x00, 0x00, 0x00, 0x00, 0x00, 0x00, 0x00, 0x00, 0x00,
    0x00, 0x00, 0x00, 0x00, 0x00, 0x00, 0x00, 0x00, 0x00, 0x00, 0x00, 0x00, 0x00, 0x00, 0x00, 0x00,
    0x00, 0x00, 0x00, 0x00, 0x00, 0x00, 0x00, 0x00, 0x00, 0x00, 0x00, 0x00, 0x00, 0x00, 0x00, 0x00,
    0x00, 0x00, 0x00, 0x00, 0x00, 0x00, 0x00, 0x00, 0x00, 0x00, 0x00, 0x00, 0x00, 0x00, 0x00, 0x00,
    0x00, 0x00, 0x00, 0x00, 0x00, 0x00, 0x00, 0x00, 0x00, 0x00, 0x00, 0x00, 0x00, 0x00, 0x00, 0x00,
    0x00, 0x00, 0x00, 0x00, 0x00, 0x00, 0x00, 0x00, 0x00, 0x00, 0x00, 0x00, 0x00, 0x00, 0x00, 0x00,
    0x00, 0x00, 0x00, 0x00, 0x00, 0x00, 0x00, 0x00, 0x00, 0x00, 0x00, 0x00, 0x00, 0x00, 0x00, 0x00,
    0x00, 0x00, 0x00, 0x00, 0x00, 0x00, 0x00, 0x00, 0x00, 0x00, 0x00, 0x00, 0x00, 0x00, 0x00, 0x00,
    0x00, 0x00, 0x00, 0x00, 0x00, 0x00, 0x00, 0x00, 0x00, 0x00, 0x00, 0x00, 0x00, 0x00, 0x00, 0x00,
    0x00, 0x00, 0x00, 0x00, 0x00, 0x00, 0x00, 0x00, 0x00, 0x00, 0x00, 0x00, 0x00, 0x00, 0x00, 0x00,
    0x00, 0x00, 0x00, 0x00, 0x00, 0x00, 0x00, 0x00, 0x00, 0x00, 0x00, 0x00, 0x00, 0x00, 0x00, 0x00,
    0x00, 0x00, 0x00, 0x00, 0x00, 0x00, 0x00, 0x00, 0x00, 0x00, 0x00, 0x00, 0x00, 0x00, 0x00, 0x00,
    0x00, 0x00, 0x00, 0x00, 0x00, 0x00, 0x00, 0x00, 0x00, 0x00, 0x00, 0x00, 0x00, 0x00, 0x00, 0x00,
    0x00, 0x00, 0x00, 0x00, 0x00, 0x00, 0x00, 0x00, 0x00, 0x00, 0x00, 0x00, 0x00, 0x00, 0x00, 0x00,
    0x00, 0x00, 0x00, 0x00, 0x00, 0x00, 0x00, 0x00, 0x00, 0x00, 0x00, 0x00, 0x00, 0x00, 0x00, 0x00,
    0x00, 0x00, 0x00, 0x00, 0x00, 0x00, 0x00, 0x00, 0x00, 0x00, 0x00, 0x00, 0x00, 0x00, 0x00, 0x00,
    0x00, 0x00, 0x00, 0x00, 0x00, 0x00, 0x00, 0x00, 0x00, 0x00, 0x00, 0x00, 0x00, 0x00, 0x00, 0x00,
    0x00, 0x00, 0x00, 0x00, 0x00, 0x00, 0x00, 0x00, 0x00, 0x00, 0x00, 0x00, 0x00, 0x00, 0x00, 0x00,
    0x00, 0x00, 0x00, 0x00, 0x00, 0x00, 0x00, 0x00, 0x00, 0x00, 0x00, 0x00, 0x00, 0x00, 0x00, 0x00,
    0x00, 0x00, 0x00, 0x00, 0x00, 0x00, 0x00, 0x00, 0x00, 0x00, 0x00, 0x00, 0x00, 0x00, 0x00, 0x00,
    0x00, 0x00, 0x00, 0x00, 0xc0, 0xff, 0xff, 0xff, 0xff, 0xff, 0xff, 0xff, 0xff, 0xff, 0xff, 0xff,
    0xff, 0xff, 0xff, 0xff, 0xff, 0xff, 0xff, 0xff, 0xff, 0xff, 0xff, 0xff, 0xff, 0xff, 0xff, 0xff,
    0xff, 0xff, 0xff, 0xff, 0xff, 0xff, 0xff, 0xff, 0xff, 0xff, 0xff, 0xff, 0xff, 0xff, 0xff, 0xff,
    0xff, 0xff, 0xff, 0xff, 0xff, 0xff, 0xff, 0xff, 0xff, 0xff, 0xff, 0xff, 0xff, 0xff, 0xff, 0xff,
    0xff, 0xff, 0xff, 0xff, 0xff, 0xff, 0xff, 0xff, 0xff, 0xff, 0xff, 0xff, 0xff, 0xff, 0xff, 0xff,
    0xff, 0xff, 0xff, 0xff, 0xff, 0xff, 0xff, 0xff, 0xff, 0xff, 0xff, 0xff, 0xff, 0xff, 0xff, 0xff,
    0xff, 0xff, 0xff, 0xff, 0xff, 0xff, 0xff, 0xff, 0xff, 0xff, 0xff, 0xff, 0xff, 0xff, 0xff, 0xff,
    0xff, 0xff, 0xff, 0xff, 0xff, 0xff, 0xff, 0xff, 0xff, 0xff, 0xff, 0xff, 0xff, 0xff, 0xff, 0xff,
    0xff, 0xff, 0xff, 0xff, 0xff, 0xff, 0xff, 0xff, 0xff, 0xff, 0xff, 0xff, 0xff, 0xff, 0xff, 0xff,
    0xff, 0xff, 0xff, 0xff, 0xff, 0xff, 0xff, 0xff, 0xff, 0xff, 0xff, 0xff, 0xff, 0xff, 0xff, 0xff,
    0xff, 0xff, 0xff, 0xff, 0xff, 0xff, 0xff, 0xff, 0xff, 0xff, 0xff, 0xff, 0xff, 0xff, 0xff, 0xff,
    0xff, 0xff, 0xff, 0xff, 0xff, 0xff, 0xff, 0xff, 0xff, 0xff, 0xff, 0xff, 0xff, 0xff, 0xff, 0xff,
    0xff, 0xff, 0xff, 0xff, 0xff, 0xff, 0xff, 0xff, 0xff, 0xff, 0xff, 0xff, 0xff, 0xff, 0xff, 0xff,
    0xff, 0xff, 0xff, 0xff, 0xff, 0xff, 0xff, 0xff, 0xff, 0xff, 0xff, 0xff, 0xff, 0xff, 0xff, 0xff,
    0xff, 0xff, 0xff, 0xff, 0xff, 0xff, 0xff, 0xff, 0xff, 0xff, 0xff, 0xff, 0xff, 0xff, 0xff, 0xff,
    0xff, 0xff, 0xff, 0xff, 0xff, 0xff, 0xff, 0xff, 0xff, 0xff, 0xff, 0xff, 0xff, 0xff, 0xff, 0xff,
    0xff, 0xff, 0xff, 0xff, 0xff, 0xff, 0xff, 0xff, 0xff, 0xff, 0xff, 0xff, 0xff, 0xff, 0xff, 0xff,
    0xff, 0xff, 0xff, 0xff, 0xff, 0xff, 0xff, 0xff, 0xff, 0xff, 0xff, 0xff, 0xff, 0xff, 0xff, 0xff,
    0xff, 0xff, 0xff, 0xff, 0xff, 0xff, 0xff, 0xff, 0xff, 0xff, 0xff, 0xff, 0xff, 0xff, 0xff, 0xff,
    0xff, 0xff, 0xff, 0xff, 0xff, 0xff, 0xff, 0xff, 0xff, 0xff, 0xff, 0xff, 0xff, 0xff, 0xff, 0xff,
    0xff, 0xff, 0xff, 0xff, 0xff, 0xff, 0xff, 0xff, 0xff, 0xff, 0xff, 0xff, 0xff, 0xff, 0xff, 0xff,
    0xff, 0xff, 0xff, 0xff, 0xff, 0xff, 0xff, 0xff, 0xff, 0xff, 0xff, 0xff, 0xff, 0xff, 0xff, 0xff,
    0xff, 0xff, 0xff, 0xff, 0xff, 0xff, 0xff, 0xff, 0xff, 0xff, 0xff, 0xff, 0xff, 0xff, 0xff, 0xff,
    0xff, 0xff, 0xff, 0xff, 0xff, 0xff, 0xff, 0xff, 0xff, 0xff, 0xff, 0xff, 0xff, 0xff, 0xff, 0xff,
    0xff, 0xff, 0xff, 0xff, 0xff, 0xff, 0xff, 0xff, 0xff, 0xff, 0xff, 0xff, 0xff, 0xff, 0xff, 0xff,
    0xff, 0xff, 0xff, 0xff, 0xff, 0xff, 0xff, 0xff, 0xff, 0xff, 0xff, 0xff, 0xff, 0xff, 0xff, 0xff,
    0xff, 0xff, 0xff, 0xff, 0xff, 0xff, 0xff, 0xff, 0xff, 0xff, 0xff, 0xff, 0xff, 0xff, 0xff, 0xff,
    0xff, 0xff, 0xff, 0xff, 0xff, 0xff, 0xff, 0xff, 0xff, 0xff, 0xff, 0xff, 0xff, 0xff, 0xff, 0xff,
    0xff, 0xff, 0xff, 0xff, 0xff, 0xff, 0xff, 0xff, 0xff, 0xff, 0xff, 0xff, 0xff, 0xff, 0xff, 0xff,
    0xff, 0xff, 0xff, 0xff, 0xff, 0xff, 0xff, 0xff, 0xff, 0xff, 0xff, 0xff, 0xff, 0xff, 0xff, 0xff,
    0xff, 0xff, 0xff, 0xff, 0xff, 0xff, 0xff, 0xff, 0xff, 0xff, 0xff, 0xff, 0xff, 0xff, 0xff, 0xff,
    0xff, 0xff, 0xff, 0xff, 0xff, 0xff, 0xff, 0xff, 0xff, 0xff, 0xff, 0xff, 0xff, 0xff, 0xff, 0xff,
    0xff, 0xff, 0xff, 0xff, 0x38, 0x00, 0x00, 0xfe, 0xff, 0xff, 0xff, 0xff, 0xff, 0xff, 0xff, 0xff,
    0xff, 0xff, 0xff, 0xff, 0xff, 0xff, 0xff, 0xff, 0xff, 0xff, 0xff, 0xff, 0xff, 0xff, 0xff, 0xff,
    0xff, 0xff, 0xff, 0xff, 0xff, 0xff, 0xff, 0xff, 0xff, 0xff, 0xff, 0xff, 0xff, 0xff, 0xff, 0xff,
    0xff, 0xff, 0xff, 0xff, 0xff, 0xff, 0xff, 0xff, 0xff, 0xff, 0xff, 0xff, 0xff, 0xff, 0xff, 0xff,
    0xff, 0xff, 0xff, 0xff, 0xff, 0xff, 0xff, 0xff, 0xff, 0xff, 0xff, 0xff, 0xff, 0xff, 0xff, 0xff,
    0xff, 0xff, 0xff, 0xff, 0xff, 0xff, 0xff, 0xff, 0xff, 0xff, 0xff, 0xff, 0xff, 0xff, 0xff, 0xff,
    0xff, 0xff, 0xff, 0xff, 0xff, 0xff, 0xff, 0xff, 0xff, 0xff, 0xff, 0xff, 0xff, 0xff, 0xff, 0xff,
    0xff, 0xff, 0xff, 0xff, 0xff, 0xff, 0xff, 0xff, 0xff, 0xff, 0xff, 0xff, 0xff, 0xff, 0xff, 0xff,
    0xff, 0xff, 0xff, 0xff, 0xff, 0xff, 0xff, 0xff, 0xff, 0xff, 0xff, 0xff, 0xff, 0xff, 0xff, 0xff,
    0xff, 0xff, 0xff, 0xff, 0xff, 0xff, 0xff, 0xff, 0xff, 0xff, 0xff, 0xff, 0xff, 0xff, 0xff, 0xff,
    0xff, 0xff, 0xff, 0xff, 0xff, 0xff, 0xff, 0xff, 0xff, 0xff, 0xff, 0xff, 0xff, 0xff, 0xff, 0xff,
    0xff, 0xff, 0xff, 0xff, 0xff, 0xff, 0xff, 0xff, 0xff, 0xff, 0xff, 0xff, 0xff, 0xff, 0xff, 0xff,
    0xff, 0xff, 0xff, 0xff, 0xff, 0xff, 0xff, 0xff, 0xff, 0xff, 0xff, 0xff, 0xff, 0xff, 0xff, 0xff,
    0xff, 0xff, 0xff, 0xff, 0xff, 0xff, 0xff, 0xff, 0xff, 0xff, 0xff, 0xff, 0xff, 0xff, 0xff, 0xff,
    0xff, 0xff, 0xff, 0xff, 0xff, 0xff, 0xff, 0xff, 0xff, 0xff, 0xff, 0xff, 0xff, 0xff, 0xff, 0xff,
    0xff, 0xff, 0xff, 0xff, 0xff, 0xff, 0xff, 0xff, 0xff, 0xff, 0xff, 0xff, 0xff, 0xff, 0xff, 0xff,
    0xff, 0xff, 0xff, 0xff, 0xff, 0xff, 0xff, 0xff, 0xff, 0xff, 0xff, 0xff, 0xff, 0xff, 0xff, 0xff,
    0xff, 0xff, 0xff, 0xff, 0xff, 0xff, 0xff, 0xff, 0xff, 0xff, 0xff, 0xff, 0xff, 0xff, 0xff, 0xff,
    0xff, 0xff, 0xff, 0xff, 0xff, 0xff, 0xff, 0xff, 0xff, 0xff, 0xff, 0xff, 0xff, 0xff, 0xff, 0xff,
    0xff, 0xff, 0xff, 0xff, 0xff, 0xff, 0xff, 0xff, 0xff, 0xff, 0xff, 0xff, 0xff, 0xff, 0xff, 0xff,
    0xff, 0xff, 0xff, 0xff, 0xff, 0xff, 0xff, 0xff, 0xff, 0xff, 0xff, 0xff, 0xff, 0xff, 0xff, 0xff,
    0xff, 0xff, 0xff, 0xff, 0xff, 0xff, 0xff, 0xff, 0xff, 0xff, 0xff, 0xff, 0xff, 0xff, 0xff, 0xff,
    0xff, 0xff, 0xff, 0xff, 0xff, 0xff, 0xff, 0xff, 0xff, 0xff, 0xff, 0xff, 0xff, 0xff, 0xff, 0xff,
    0xff, 0xff, 0xff, 0xff, 0xff, 0xff, 0xff, 0xff, 0xff, 0xff, 0xff, 0xff, 0xff, 0xff, 0xff, 0xff,
    0xff, 0xff, 0xff, 0xff, 0xff, 0xff, 0xff, 0xff, 0xff, 0xff, 0xff, 0xff, 0xff, 0xff, 0xff, 0xff,
    0xff, 0xff, 0xff, 0xff, 0xff, 0xff, 0xff, 0xff, 0xff, 0xff, 0xff, 0xff, 0xff, 0xff, 0xff, 0xff,
    0xff, 0xff, 0xff, 0xff, 0xff, 0xff, 0xff, 0xff, 0xff, 0xff, 0xff, 0xff, 0xff, 0xff, 0xff, 0xff,
    0xff, 0xff, 0xff, 0xff, 0xff, 0xff, 0xff, 0xff, 0xff, 0xff, 0xff, 0xff, 0xff, 0xff, 0xff, 0xff,
    0xff, 0xff, 0xff, 0xff, 0xff, 0xff, 0xff, 0xff, 0xff, 0xff, 0xff, 0xff, 0xff, 0xff, 0xff, 0xff,
    0xff, 0xff, 0xff, 0xff, 0xff, 0xff, 0xff, 0xff, 0xff, 0xff, 0xff, 0xff, 0xff, 0xff, 0xff, 0xff,
    0xff, 0xff, 0xff, 0xff, 0xff, 0xff, 0xff, 0xff, 0xff, 0xff, 0xff, 0xff, 0xff, 0xff, 0xff, 0xff,
    0xff, 0xff, 0xff, 0xff, 0xff, 0xff, 0xff, 0xff, 0xff, 0xff, 0xff, 0xff, 0xff, 0xff, 0xff, 0xff,
    0xff, 0xff, 0xff, 0xff, 0x05, 0x00, 0x00, 0x00, 0x20, 0x00, 0x00, 0x00, 0x3c, 0x00, 0x00, 0x00,
    0x00, 0x00, 0x00, 0x00, 0xff, 0xff, 0xff, 0xff, 0x00, 0x00, 0x00, 0x00, 0x06, 0x00, 0x00, 0x00,
    0x05, 0x00, 0x00, 0x00, 0x00, 0x00, 0x00, 0x00, 0x00, 0x00, 0x00, 0x00, 0x00, 0x00, 0x00, 0x00,
    0x00, 0x00, 0x00, 0x00, 0x00, 0x00, 0x00, 0x00, 0x00, 0x00, 0x00, 0x00, 0x00, 0x00, 0x00, 0x00,
    0x00, 0x00, 0x00, 0x00, 0x00, 0x00, 0x00, 0x00, 0x00, 0x00, 0x00, 0x00, 0x00, 0x00, 0x00, 0x00,
    0x00, 0x00, 0x00, 0x00, 0x00, 0x00, 0x00, 0x00, 0x00, 0x00, 0x00, 0x00, 0x00, 0x00, 0x00, 0x00,
    0x00, 0x00, 0x00, 0x00, 0x00, 0x00, 0x00, 0x00, 0x00, 0x00, 0x00, 0x00, 0x00, 0x00, 0x00, 0x00,
    0x00, 0x00, 0x00, 0x00, 0x00, 0x00, 0x00, 0x00, 0x00, 0x00, 0x00, 0x00, 0x00, 0x00, 0x00, 0x00,
    0x00, 0x00, 0x00, 0x00, 0x00, 0x00, 0x00, 0x00, 0x00, 0x00, 0x00, 0x00, 0x00, 0x00, 0x00, 0x00,
    0x00, 0x00, 0x00, 0x00, 0x00, 0x00, 0x00, 0x00, 0x00, 0x00, 0x00, 0x00, 0x00, 0x00, 0x00, 0x00,
    0x00, 0x00, 0x00, 0x00, 0x00, 0x00, 0x00, 0x00, 0x00, 0x00, 0x00, 0x00, 0x00, 0x00, 0x00, 0x00,
    0x00, 0x00, 0x00, 0x00, 0x00, 0x00, 0x00, 0x00, 0x00, 0x00, 0x00, 0x00, 0x00, 0x00, 0x00, 0x00,
    0x00, 0x00, 0x00, 0x00, 0x00, 0x00, 0x00, 0x00, 0x00, 0x00, 0x00, 0x00, 0x00, 0x00, 0x00, 0x00,
    0x00, 0x00, 0x00, 0x00, 0x00, 0x00, 0x00, 0x00, 0x00, 0x00, 0x00, 0x00, 0x00, 0x00, 0x00, 0x00,
    0x00, 0x00, 0x00, 0x00, 0x00, 0x00, 0x00, 0x00, 0x00, 0x00, 0x00, 0x00, 0x00, 0x00, 0x00, 0x00,
    0x00, 0x00, 0x00, 0x00, 0x00, 0x00, 0x00, 0x00, 0x00, 0x00, 0x00, 0x00, 0x00, 0x00, 0x00, 0x00,
    0x00, 0x00, 0x00, 0x00, 0x00, 0x00, 0x00, 0x00, 0x00, 0x00, 0x00, 0x00, 0x00, 0x00, 0x00, 0x00,
    0x00, 0x00, 0x00, 0x00, 0x00, 0x00, 0x00, 0x00, 0x00, 0x00, 0x00, 0x00, 0x00, 0x00, 0x00, 0x00,
    0x00, 0x00, 0x00, 0x00, 0x00, 0x00, 0x00, 0x00, 0x00, 0x00, 0x00, 0x00, 0x00, 0x00, 0x00, 0x00,
    0x00, 0x00, 0x00, 0x00, 0x00, 0x00, 0x00, 0x00, 0x00, 0x00, 0x00, 0x00, 0x00, 0x00, 0x00, 0x00,
    0x00, 0x00, 0x00, 0x00, 0x00, 0x00, 0x00, 0x00, 0x00, 0x00, 0x00, 0x00, 0x00, 0x00, 0x00, 0x00,
    0x00, 0x00, 0x00, 0x00, 0x00, 0x00, 0x00, 0x00, 0x00, 0x00, 0x00, 0x00, 0x00, 0x00, 0x00, 0x00,
    0x00, 0x00, 0x00, 0x00, 0x00, 0x00, 0x00, 0x00, 0x00, 0x00, 0x00, 0x00, 0x00, 0x00, 0x00, 0x00,
    0x00, 0x00, 0x00, 0x00, 0x00, 0x00, 0x00, 0x00, 0x00, 0x00, 0x00, 0x00, 0x00, 0x00, 0x00, 0x00,
    0x00, 0x00, 0x00, 0x00, 0x00, 0x00, 0x00, 0x00, 0x00, 0x00, 0x00, 0x00, 0x00, 0x00, 0x00, 0x00,
    0x00, 0x00, 0x00, 0x00, 0x00, 0x00, 0x00, 0x00, 0x00, 0x00, 0x00, 0x00, 0x00, 0x00, 0x00, 0x00,
    0x00, 0x00, 0x00, 0x00, 0x00, 0x00, 0x00, 0x00, 0x00, 0x00, 0x00, 0x00, 0x00, 0x00, 0x00, 0x00,
    0x00, 0x00, 0x00, 0x00, 0x00, 0x00, 0x00, 0x00, 0x00, 0x00, 0x00, 0x00, 0x00, 0x00, 0x00, 0x00,
    0x00, 0x00, 0x00, 0x00, 0x00, 0x00, 0x00, 0x00, 0x00, 0x00, 0x00, 0x00, 0x00, 0x00, 0x00, 0x00,
    0x00, 0x00, 0x00, 0x00, 0x00, 0x00, 0x00, 0x00, 0x00, 0x00, 0x00, 0x00, 0x00, 0x00, 0x00, 0x00,
    0x00, 0x00, 0x00, 0x00, 0x00, 0x00, 0x00, 0x00, 0x00, 0x00, 0x00, 0x00, 0x00, 0x00, 0x00, 0x00,
    0x00, 0x00, 0x00, 0x00, 0x00, 0x00, 0x00, 0x00, 0x00, 0x00, 0x00, 0x00, 0x00, 0x00, 0x00, 0x00,
    0x00, 0x00, 0x00, 0x00, 0x03, 0x00, 0x00, 0x00, 0x00, 0x00, 0x00, 0x00, 0x00, 0x00, 0x00, 0x00,
    0x00, 0x00, 0x00, 0x00, 0x00, 0x00, 0x00, 0x00, 0x00, 0x00, 0x00, 0x00, 0x00, 0x00, 0x00, 0x00,
    0x00, 0x00, 0x00, 0x00, 0x00, 0x00, 0x00, 0x00, 0x00, 0x00, 0x00, 0x00, 0x00, 0x00, 0x00, 0x00,
    0x00, 0x00, 0x00, 0x00, 0x00, 0x00, 0x00, 0x00, 0x00, 0x00, 0x00, 0x00, 0x00, 0x00, 0x00, 0x00,
    0x00, 0x00, 0x00, 0x00, 0x00, 0x00, 0x00, 0x00, 0x00, 0x00, 0x00, 0x00, 0x00, 0x00, 0x00, 0x00,
    0x00, 0x00, 0x00, 0x00, 0x00, 0x00, 0x00, 0x00, 0x00, 0x00, 0x00, 0x00, 0x00, 0x00, 0x00, 0x00,
    0x00, 0x00, 0x00, 0x00, 0x00, 0x00, 0x00, 0x00, 0x00, 0x00, 0x00, 0x00, 0x00, 0x00, 0x00, 0x00,
    0x00, 0x00, 0x00, 0x00, 0x00, 0x00, 0x00, 0x00, 0x00, 0x00, 0x00, 0x00, 0x00, 0x00, 0x00, 0x00,
    0x00, 0x00, 0x00, 0x00, 0x00, 0x00, 0x00, 0x00, 0x00, 0x00, 0x00, 0x00, 0x00, 0x00, 0x00, 0x00,
    0x00, 0x00, 0x00, 0x00, 0x00, 0x00, 0x00, 0x00, 0x00, 0x00, 0x00, 0x00, 0x00, 0x00, 0x00, 0x00,
    0x00, 0x00, 0x00, 0x00, 0x00, 0x00, 0x00, 0x00, 0x00, 0x00, 0x00, 0x00, 0x00, 0x00, 0x00, 0x00,
    0x00, 0x00, 0x00, 0x00, 0x00, 0x00, 0x00, 0x00, 0x00, 0x00, 0x00, 0x00, 0x00, 0x00, 0x00, 0x00,
    0x00, 0x00, 0x00, 0x00, 0x00, 0x00, 0x00, 0x00, 0x00, 0x00, 0x00, 0x00, 0x00, 0x00, 0x00, 0x00,
    0x00, 0x00, 0x00, 0x00, 0x00, 0x00, 0x00, 0x00, 0x00, 0x00, 0x00, 0x00, 0x00, 0x00, 0x00, 0x00,
    0x00, 0x00, 0x00, 0x00, 0x00, 0x00, 0x00, 0x00, 0x00, 0x00, 0x00, 0x00, 0x00, 0x00, 0x00, 0x00,
    0x00, 0x00, 0x00, 0x00, 0x00, 0x00, 0x00, 0x00, 0x00, 0x00, 0x00, 0x00, 0x00, 0x00, 0x00, 0x00,
    0x00, 0x00, 0x00, 0x00, 0x00, 0x00, 0x00, 0x00, 0x00, 0x00, 0x00, 0x00, 0x00, 0x00, 0x00, 0x00,
    0x00, 0x00, 0x00, 0x00, 0x00, 0x00, 0x00, 0x00, 0x00, 0x00, 0x00, 0x00, 0x00, 0x00, 0x00, 0x00,
    0x00, 0x00, 0x00, 0x00, 0x00, 0x00, 0x00, 0x00, 0x00, 0x00, 0x00, 0x00, 0x00, 0x00, 0x00, 0x00,
    0x00, 0x00, 0x00, 0x00, 0x00, 0x00, 0x00, 0x00, 0x00, 0x00, 0x00, 0x00, 0x00, 0x00, 0x00, 0x00,
    0x00, 0x00, 0x00, 0x00, 0x00, 0x00, 0x00, 0x00, 0x00, 0x00, 0x00, 0x00, 0x00, 0x00, 0x00, 0x00,
    0x00, 0x00, 0x00, 0x00, 0x00, 0x00, 0x00, 0x00, 0x00, 0x00, 0x00, 0x00, 0x00, 0x00, 0x00, 0x00,
    0x00, 0x00, 0x00, 0x00, 0x00, 0x00, 0x00, 0x00, 0x00, 0x00, 0x00, 0x00, 0x00, 0x00, 0x00, 0x00,
    0x00, 0x00, 0x00, 0x00, 0x00, 0x00, 0x00, 0x00, 0x00, 0x00, 0x00, 0x00, 0x00, 0x00, 0x00, 0x00,
    0x00, 0x00, 0x00, 0x00, 0x00, 0x00, 0x00, 0x00, 0x00, 0x00, 0x00, 0x00, 0x00, 0x00, 0x00, 0x00,
    0x00, 0x00, 0x00, 0x00, 0x00, 0x00, 0x00, 0x00, 0x00, 0x00, 0x00, 0x00, 0x00, 0x00, 0x00, 0x00,
    0x00, 0x00, 0x00, 0x00, 0x00, 0x00, 0x00, 0x00, 0x00, 0x00, 0x00, 0x00, 0x00, 0x00, 0x00, 0x00,
    0x00, 0x00, 0x00, 0x00, 0x00, 0x00, 0x00, 0x00, 0x00, 0x00, 0x00, 0x00, 0x00, 0x00, 0x00, 0x00,
    0x00, 0x00, 0x00, 0x00, 0x00, 0x00, 0x00, 0x00, 0x00, 0x00, 0x00, 0x00, 0x00, 0x00, 0x00, 0x00,
    0x00, 0x00, 0x00, 0x00, 0x00, 0x00, 0x00, 0x00, 0x00, 0x00, 0x00, 0x00, 0x00, 0x00, 0x00, 0x00,
    0x00, 0x00, 0x00, 0x00, 0x00, 0x00, 0x00, 0x00, 0x00, 0x00, 0x00, 0x00, 0x00, 0x00, 0x00, 0x00,
    0x00, 0x00, 0x00, 0x00, 0x00, 0x00, 0x00, 0x00, 0x00, 0x00, 0x00, 0x00, 0x00, 0x00, 0x00, 0x00,
    0x00, 0x00, 0x00, 0x00, 0x94, 0x2e, 0x31, 0x01, 0x2e, 0xb6, 0xd7, 0x68, 0x01, 0x00, 0x00, 0x00,
    0xda, 0xe8, 0x17, 0xa0, 0x3c, 0xe7, 0x18, 0x43, 0xa9, 0x87, 0xa5, 0x8d, 0x76, 0x8a, 0xaa, 0x88,
    0x00, 0x00, 0x00, 0x00, 0x00, 0x00, 0x00, 0x00, 0x01, 0x00, 0x00, 0x00, 0x01, 0x00, 0x00, 0x00,
    0x00, 0x00, 0x00, 0x00, 0x00, 0x00, 0x00, 0x00, 0x00, 0x00, 0x00, 0x00, 0xdc, 0x51, 0x33, 0x01,
    0x00, 0x00, 0x00, 0x00, 0x00, 0x00, 0x00, 0x00, 0x00, 0x00, 0x00, 0x00, 0x00, 0x00, 0x00, 0x00,
    0x00, 0x00, 0x00, 0x00, 0x00, 0x00, 0x00, 0x00, 0x00, 0x00, 0x00, 0x00, 0x00, 0x00, 0x00, 0x00,
    0x00, 0x00, 0x00, 0x00, 0x00, 0x00, 0x00, 0x00, 0x00, 0x00, 0x00, 0x00, 0x00, 0x00, 0x00, 0x00,
    0x00, 0x00, 0x00, 0x00, 0x00, 0x00, 0x00, 0x00, 0x00, 0x00, 0x00, 0x00, 0x00, 0x00, 0x00, 0x00,
    0x00, 0x00, 0x00, 0x00, 0x00, 0x00, 0x00, 0x00, 0x00, 0x00, 0x00, 0x00, 0x00, 0x00, 0x00, 0x00,
    0x00, 0x00, 0x00, 0x00, 0x00, 0x00, 0x00, 0x00, 0x00, 0x00, 0x00, 0x00, 0x00, 0x00, 0x00, 0x00,
    0x00, 0x00, 0x00, 0x00, 0x00, 0x00, 0x00, 0x00, 0x00, 0x00, 0x00, 0x00, 0x00, 0x00, 0x00, 0x00,
    0x00, 0x00, 0x00, 0x00, 0x00, 0x00, 0x00, 0x00, 0x00, 0x00, 0x00, 0x00, 0x00, 0x00, 0x00, 0x00,
    0x00, 0x00, 0x00, 0x00, 0x00, 0x00, 0x00, 0x00, 0x00, 0x00, 0x00, 0x00, 0x00, 0x00, 0x00, 0x00,
    0x00, 0x00, 0x00, 0x00, 0x00, 0x00, 0x00, 0x00, 0x00, 0x00, 0x00, 0x00, 0x00, 0x00, 0x00, 0x00,
    0x00, 0x00, 0x00, 0x00, 0x00, 0x00, 0x00, 0x00, 0x00, 0x00, 0x00, 0x00, 0x00, 0x00, 0x00, 0x00,
    0x00, 0x00, 0x00, 0x00, 0x00, 0x00, 0x00, 0x00, 0x00, 0x00, 0x00, 0x00, 0x00, 0x00, 0x00, 0x00,
    0x00, 0x00, 0x00, 0x00, 0x00, 0x00, 0x00, 0x00, 0x00, 0x00, 0x00, 0x00, 0x00, 0x00, 0x00, 0x00,
    0x00, 0x00, 0x00, 0x00, 0x00, 0x00, 0x00, 0x00, 0x00, 0x00, 0x00, 0x00, 0x00, 0x00, 0x00, 0x00,
    0x00, 0x00, 0x00, 0x00, 0x00, 0x00, 0x00, 0x00, 0x00, 0x00, 0x00, 0x00, 0x00, 0x00, 0x00, 0x00,
    0x00, 0x00, 0x00, 0x00, 0x00, 0x00, 0x00, 0x00, 0x00, 0x00, 0x00, 0x00, 0x00, 0x00, 0x00, 0x00,
    0x00, 0x00, 0x00, 0x00, 0x00, 0x00, 0x00, 0x00, 0x00, 0x00, 0x00, 0x00, 0x00, 0x00, 0x00, 0x00,
    0x00, 0x00, 0x00, 0x00, 0x00, 0x00, 0x00, 0x00, 0x00, 0x00, 0x00, 0x00, 0x00, 0x00, 0x00, 0x00,
    0x00, 0x00, 0x00, 0x00, 0x00, 0x00, 0x00, 0x00, 0x00, 0x00, 0x00, 0x00, 0x00, 0x00, 0x00, 0x00,
    0x00, 0x00, 0x00, 0x00, 0x00, 0x00, 0x00, 0x00, 0x00, 0x00, 0x00, 0x00, 0x00, 0x00, 0x00, 0x00,
    0x00, 0x00, 0x00, 0x00, 0x00, 0x00, 0x00, 0x00, 0x00, 0x00, 0x00, 0x00, 0x00, 0x00, 0x00, 0x00,
    0x00, 0x00, 0x00, 0x00, 0x00, 0x00, 0x00, 0x00, 0x00, 0x00, 0x00, 0x00, 0x00, 0x00, 0x00, 0x00,
    0x00, 0x00, 0x00, 0x00, 0x00, 0x00, 0x00, 0x00, 0x00, 0x00, 0x00, 0x00, 0x00, 0x00, 0x00, 0x00,
    0x00, 0x00, 0x00, 0x00, 0x00, 0x00, 0x00, 0x00, 0x00, 0x00, 0x00, 0x00, 0x00, 0x00, 0x00, 0x00,
    0x00, 0x00, 0x00, 0x00, 0x00, 0x00, 0x00, 0x00, 0x00, 0x00, 0x00, 0x00, 0x00, 0x00, 0x00, 0x00,
    0x00, 0x00, 0x00, 0x00, 0x00, 0x00, 0x00, 0x00, 0x00, 0x00, 0x00, 0x00, 0x00, 0x00, 0x00, 0x00,
    0x00, 0x00, 0x00, 0x00, 0x00, 0x00, 0x00, 0x00, 0x00, 0x00, 0x00, 0x00, 0x00, 0x00, 0x00, 0x00,
    0x00, 0x00, 0x00, 0x00, 0x00, 0x00, 0x00, 0x00, 0x00, 0x00, 0x00, 0x00, 0x00, 0x00, 0x00, 0x00,
    0x00, 0x00, 0x00, 0x00, 0x0a, 0x0a, 0x0a, 0x23, 0x6c, 0x69, 0x6e, 0x65, 0x20, 0x33, 0x38, 0x0a,
    0x66, 0x6c, 0x6f, 0x61, 0x74, 0x34, 0x20, 0x66, 0x72, 0x61, 0x67, 0x6d, 0x65, 0x6e, 0x74, 0x4d,
    0x61, 0x69, 0x6e, 0x28, 0x56, 0x65, 0x72, 0x74, 0x65, 0x78, 0x4f, 0x75, 0x74, 0x70, 0x75, 0x74,
    0x5f, 0x30, 0x20, 0x69, 0x6e, 0x70, 0x75, 0x74, 0x5f, 0x30, 0x29, 0x20, 0x3a, 0x20, 0x53, 0x56,
    0x5f, 0x54, 0x41, 0x52, 0x47, 0x45, 0x54, 0x0a, 0x7b, 0x0a, 0x0a, 0x23, 0x6c, 0x69, 0x6e, 0x65,
    0x20, 0x33, 0x38, 0x0a, 0x20, 0x20, 0x20, 0x20, 0x56, 0x65, 0x72, 0x74, 0x65, 0x78, 0x4f, 0x75,
    0x74, 0x70, 0x75, 0x74, 0x5f, 0x30, 0x20, 0x5f, 0x53, 0x31, 0x20, 0x3d, 0x20, 0x69, 0x6e, 0x70,
    0x75, 0x74, 0x5f, 0x30, 0x3b, 0x0a, 0x0a, 0x0a, 0x0a, 0x20, 0x20, 0x20, 0x20, 0x72, 0x65, 0x74,
    0x75, 0x72, 0x6e, 0x20, 0x67, 0x54, 0x65, 0x78, 0x74, 0x75, 0x72, 0x65, 0x32, 0x44, 0x41, 0x72,
    0x72, 0x61, 0x79, 0x5f, 0x30, 0x2e, 0x53, 0x61, 0x6d, 0x70, 0x6c, 0x65, 0x28, 0x67, 0x53, 0x61,
    0x6d, 0x70, 0x6c, 0x65, 0x72, 0x5f, 0x30, 0x2c, 0x20, 0x66, 0x6c, 0x6f, 0x61, 0x74, 0x33, 0x28,
    0x5f, 0x53, 0x31, 0x2e, 0x75, 0x76, 0x5f, 0x30, 0x2c, 0x20, 0x30, 0x2e, 0x30, 0x66, 0x29, 0x29,
    0x3b, 0x0a, 0x7d, 0x0a, 0x0a, 0x00, 0x72, 0x65, 0x73, 0x6f, 0x75, 0x72, 0x63, 0x65, 0x73, 0x2f,
    0x53, 0x68, 0x61, 0x64, 0x65, 0x72, 0x73, 0x2f, 0x53, 0x6f, 0x75, 0x72, 0x63, 0x65, 0x2f, 0x42,
    0x6c, 0x69, 0x74, 0x2e, 0x73, 0x6c, 0x61, 0x6e, 0x67, 0x00, 0x04, 0x00, 0x00, 0x00, 0x01, 0x00,
    0x00, 0x00, 0x02, 0x00, 0x00, 0x00, 0xb6, 0x02, 0x00, 0x00, 0x00, 0x00, 0x00, 0x00, 0x03, 0x00,
    0x00, 0x00, 0x00, 0x00, 0x00, 0x00, 0x00, 0x00, 0x00, 0x00, 0x00, 0x00, 0x00, 0x00, 0x00, 0x00,
    0x00, 0x00, 0x00, 0x00, 0x00, 0x00, 0x00, 0x00, 0x00, 0x00, 0x00, 0x00, 0x00, 0x00, 0x00, 0x00,
    0x00, 0x00, 0x00, 0x00, 0x00, 0x00, 0x00, 0x00, 0x00, 0x00, 0x00, 0x00, 0x00, 0x00, 0x00, 0x00,
    0x00, 0x00, 0x00, 0x00, 0x00, 0x00, 0x00, 0x00, 0x00, 0x00, 0x00, 0x00, 0x00, 0x00, 0x00, 0x00,
    0x00, 0x00, 0x00, 0x00, 0x00, 0x00, 0x00, 0x00, 0x00, 0x00, 0x00, 0x00, 0x00, 0x00, 0x00, 0x00,
    0x00, 0x00, 0x00, 0x00, 0x00, 0x00, 0x00, 0x00, 0x00, 0x00, 0x00, 0x00, 0x00, 0x00, 0x00, 0x00,
    0x00, 0x00, 0x00, 0x00, 0x00, 0x00, 0x00, 0x00, 0x00, 0x00, 0x00, 0x00, 0x00, 0x00, 0x00, 0x00,
    0x00, 0x00, 0x00, 0x00, 0x00, 0x00, 0x00, 0x00, 0x00, 0x00, 0x00, 0x00, 0x00, 0x00, 0x00, 0x00,
    0x00, 0x00, 0x00, 0x00, 0x00, 0x00, 0x00, 0x00, 0x00, 0x00, 0x00, 0x00, 0x00, 0x00, 0x00, 0x00,
    0x00, 0x00, 0x00, 0x00, 0x00, 0x00, 0x00, 0x00, 0x00, 0x00, 0x00, 0x00, 0x00, 0x00, 0x00, 0x00,
    0x00, 0x00, 0x00, 0x00, 0x00, 0x00, 0x00, 0x00, 0x00, 0x00, 0x00, 0x00, 0x00, 0x00, 0x00, 0x00,
    0x00, 0x00, 0x00, 0x00, 0x00, 0x00, 0x00, 0x00, 0x00, 0x00, 0x00, 0x00, 0x00, 0x00, 0x00, 0x00,
    0x00, 0x00, 0x00, 0x00, 0x00, 0x00, 0x00, 0x00, 0x00, 0x00, 0x00, 0x00, 0x00, 0x00, 0x00, 0x00,
    0x00, 0x00, 0x00, 0x00, 0x00, 0x00, 0x00, 0x00, 0x00, 0x00, 0x00, 0x00, 0x00, 0x00, 0x00, 0x00,
    0x00, 0x00, 0x00, 0x00, 0x00, 0x00, 0x00, 0x00, 0x00, 0x00, 0x00, 0x00, 0x00, 0x00, 0x00, 0x00,
    0x00, 0x00, 0x00, 0x00, 0x00, 0x00, 0x00, 0x00, 0x00, 0x00, 0x00, 0x00, 0x00, 0x00, 0x00, 0x00,
    0x00, 0x00, 0x00, 0x00, 0xc6, 0x5a, 0x00, 0x00, 0x75, 0x83, 0x01, 0x00, 0x9f, 0x5c, 0x03, 0x00,
    0xaa, 0xc2, 0x02, 0x00, 0x26, 0xf7, 0x02, 0x00, 0x41, 0x24, 0x01, 0x00, 0x27, 0x52, 0x03, 0x00,
    0x51, 0x69, 0x02, 0x00, 0xd9, 0x2a, 0x02, 0x00, 0x15, 0xe6, 0x00, 0x00, 0x8b, 0xbe, 0x02, 0x00,
    0x49, 0x14, 0x01, 0x00, 0x99, 0xbd, 0x03, 0x00, 0x00, 0x10, 0x00, 0x00, 0x00, 0x00, 0x00, 0x00,
    0x00, 0x00, 0x00, 0x00, 0x00, 0x00, 0x00, 0x00, 0x00, 0x00, 0x00, 0x00, 0x00, 0x00, 0x00, 0x00,
    0x00, 0x00, 0x00, 0x00, 0x00, 0x00, 0x00, 0x00, 0x00, 0x00, 0x00, 0x00, 0x00, 0x00, 0x00, 0x00,
    0x00, 0x00, 0x00, 0x00, 0x00, 0x00, 0x00, 0x00, 0x00, 0x00, 0x00, 0x00, 0x00, 0x00, 0x00, 0x00,
    0x00, 0x00, 0x00, 0x00, 0x00, 0x00, 0x00, 0x00, 0x00, 0x00, 0x00, 0x00, 0x00, 0x00, 0x00, 0x00,
    0x00, 0x00, 0x00, 0x00, 0x00, 0x00, 0x00, 0x00, 0x00, 0x00, 0x00, 0x00, 0x00, 0x00, 0x00, 0x00,
    0x00, 0x00, 0x00, 0x00, 0x00, 0x00, 0x00, 0x00, 0x00, 0x00, 0x00, 0x00, 0x00, 0x00, 0x00, 0x00,
    0x00, 0x00, 0x00, 0x00, 0x00, 0x00, 0x00, 0x00, 0x00, 0x00, 0x00, 0x00, 0x00, 0x00, 0x00, 0x00,
    0x00, 0x00, 0x00, 0x00, 0x00, 0x00, 0x00, 0x00, 0x00, 0x00, 0x00, 0x00, 0x00, 0x00, 0x00, 0x00,
    0x00, 0x00, 0x00, 0x00, 0x00, 0x00, 0x00, 0x00, 0x00, 0x00, 0x00, 0x00, 0x00, 0x00, 0x00, 0x00,
    0x00, 0x00, 0x00, 0x00, 0x00, 0x00, 0x00, 0x00, 0x00, 0x00, 0x00, 0x00, 0x00, 0x00, 0x00, 0x00,
    0x00, 0x00, 0x00, 0x00, 0x00, 0x00, 0x00, 0x00, 0x00, 0x00, 0x00, 0x00, 0x00, 0x00, 0x00, 0x00,
    0x00, 0x00, 0x00, 0x00, 0x00, 0x00, 0x00, 0x00, 0x00, 0x00, 0x00, 0x00, 0x00, 0x00, 0x00, 0x00,
    0x00, 0x00, 0x00, 0x00, 0x00, 0x00, 0x00, 0x00, 0x00, 0x00, 0x00, 0x00, 0x00, 0x00, 0x00, 0x00,
    0x00, 0x00, 0x00, 0x00, 0x00, 0x00, 0x00, 0x00, 0x00, 0x00, 0x00, 0x00, 0x00, 0x00, 0x00, 0x00,
    0x00, 0x00, 0x00, 0x00, 0x00, 0x00, 0x00, 0x00, 0x00, 0x00, 0x00, 0x00, 0x00, 0x00, 0x00, 0x00,
    0x00, 0x00, 0x00, 0x00, 0x00, 0x00, 0x00, 0x00, 0x00, 0x00, 0x00, 0x00, 0x00, 0x00, 0x00, 0x00,
    0x00, 0x00, 0x00, 0x00, 0x00, 0x00, 0x00, 0x00, 0x00, 0x00, 0x00, 0x00, 0x00, 0x00, 0x00, 0x00,
    0x00, 0x00, 0x00, 0x00, 0x00, 0x00, 0x00, 0x00, 0x00, 0x00, 0x00, 0x00, 0x00, 0x00, 0x00, 0x00,
    0x00, 0x00, 0x00, 0x00, 0x00, 0x00, 0x00, 0x00, 0x00, 0x00, 0x00, 0x00, 0x00, 0x00, 0x00, 0x00,
    0x00, 0x00, 0x00, 0x00, 0x00, 0x00, 0x00, 0x00, 0x00, 0x00, 0x00, 0x00, 0x00, 0x00, 0x00, 0x00,
    0x00, 0x00, 0x00, 0x00, 0x00, 0x00, 0x00, 0x00, 0x00, 0x00, 0x00, 0x00, 0x00, 0x00, 0x00, 0x00,
    0x00, 0x00, 0x00, 0x00, 0x00, 0x00, 0x00, 0x00, 0x00, 0x00, 0x00, 0x00, 0x00, 0x00, 0x00, 0x00,
    0x00, 0x00, 0x00, 0x00, 0x00, 0x00, 0x00, 0x00, 0x00, 0x00, 0x00, 0x00, 0x00, 0x00, 0x00, 0x00,
    0x00, 0x00, 0x00, 0x00, 0x00, 0x00, 0x00, 0x00, 0x00, 0x00, 0x00, 0x00, 0x00, 0x00, 0x00, 0x00,
    0x00, 0x00, 0x00, 0x00, 0x00, 0x00, 0x00, 0x00, 0x00, 0x00, 0x00, 0x00, 0x00, 0x00, 0x00, 0x00,
    0x00, 0x00, 0x00, 0x00, 0x00, 0x00, 0x00, 0x00, 0x00, 0x00, 0x00, 0x00, 0x00, 0x00, 0x00, 0x00,
    0x00, 0x00, 0x00, 0x00, 0x00, 0x00, 0x00, 0x00, 0x00, 0x00, 0x00, 0x00, 0x00, 0x00, 0x00, 0x00,
    0x00, 0x00, 0x00, 0x00, 0x00, 0x00, 0x00, 0x00, 0x00, 0x00, 0x00, 0x00, 0x00, 0x00, 0x00, 0x00,
    0x00, 0x00, 0x00, 0x00, 0x23, 0x70, 0x72, 0x61, 0x67, 0x6d, 0x61, 0x20, 0x70, 0x61, 0x63, 0x6b,
    0x5f, 0x6d, 0x61, 0x74, 0x72, 0x69, 0x78, 0x28, 0x63, 0x6f, 0x6c, 0x75, 0x6d, 0x6e, 0x5f, 0x6d,
    0x61, 0x6a, 0x6f, 0x72, 0x29, 0x0a, 0x23, 0x69, 0x66, 0x64, 0x65, 0x66, 0x20, 0x53, 0x4c, 0x41,
    0x4e, 0x47, 0x5f, 0x48, 0x4c, 0x53, 0x4c, 0x5f, 0x45, 0x4e, 0x41, 0x42, 0x4c, 0x45, 0x5f, 0x4e,
    0x56, 0x41, 0x50, 0x49, 0x0a, 0x23, 0x69, 0x6e, 0x63, 0x6c, 0x75, 0x64, 0x65, 0x20, 0x22, 0x6e,
    0x76, 0x48, 0x4c, 0x53, 0x4c, 0x45, 0x78, 0x74, 0x6e, 0x73, 0x2e, 0x68, 0x22, 0x0a, 0x23, 0x65,
    0x6e, 0x64, 0x69, 0x66, 0x0a, 0x0a, 0x23, 0x69, 0x66, 0x6e, 0x64, 0x65, 0x66, 0x20, 0x5f, 0x5f,
    0x44, 0x58, 0x43, 0x5f, 0x56, 0x45, 0x52, 0x53, 0x49, 0x4f, 0x4e, 0x5f, 0x4d, 0x41, 0x4a, 0x4f,
    0x52, 0x0a, 0x2f, 0x2f, 0x20, 0x77, 0x61, 0x72, 0x6e, 0x69, 0x6e, 0x67, 0x20, 0x58, 0x33, 0x35,
    0x35, 0x37, 0x3a, 0x20, 0x6c, 0x6f, 0x6f, 0x70, 0x20, 0x64, 0x6f, 0x65, 0x73, 0x6e, 0x27, 0x74,
    0x20, 0x73, 0x65, 0x65, 0x6d, 0x20, 0x74, 0x6f, 0x20, 0x64, 0x6f, 0x20, 0x61, 0x6e, 0x79, 0x74,
    0x68, 0x69, 0x6e, 0x67, 0x2c, 0x20, 0x66, 0x6f, 0x72, 0x63, 0x69, 0x6e, 0x67, 0x20, 0x6c, 0x6f,
    0x6f, 0x70, 0x20, 0x74, 0x6f, 0x20, 0x75, 0x6e, 0x72, 0x6f, 0x6c, 0x6c, 0x0a, 0x23, 0x70, 0x72,
    0x61, 0x67, 0x6d, 0x61, 0x20, 0x77, 0x61, 0x72, 0x6e, 0x69, 0x6e, 0x67, 0x28, 0x64, 0x69, 0x73,
    0x61, 0x62, 0x6c, 0x65, 0x20, 0x3a, 0x20, 0x33, 0x35, 0x35, 0x37, 0x29, 0x0a, 0x23, 0x65, 0x6e,
    0x64, 0x69, 0x66, 0x0a, 0x0a, 0x0a, 0x23, 0x6c, 0x69, 0x6e, 0x65, 0x20, 0x36, 0x20, 0x22, 0x72,
    0x65, 0x73, 0x6f, 0x75, 0x72, 0x63, 0x65, 0x73, 0x2f, 0x53, 0x68, 0x61, 0x64, 0x65, 0x72, 0x73,
    0x2f, 0x53, 0x6f, 0x75, 0x72, 0x63, 0x65, 0x2f, 0x42, 0x6c, 0x69, 0x74, 0x2e, 0x73, 0x6c, 0x61,
    0x6e, 0x67, 0x22, 0x0a, 0x54, 0x65, 0x78, 0x74, 0x75, 0x72, 0x65, 0x32, 0x44, 0x41, 0x72, 0x72,
    0x61, 0x79, 0x3c, 0x66, 0x6c, 0x6f, 0x61, 0x74, 0x34, 0x20, 0x3e, 0x20, 0x67, 0x54, 0x65, 0x78,
    0x74, 0x75, 0x72, 0x65, 0x32, 0x44, 0x41, 0x72, 0x72, 0x61, 0x79, 0x5f, 0x30, 0x20, 0x3a, 0x20,
    0x72, 0x65, 0x67, 0x69, 0x73, 0x74, 0x65, 0x72, 0x28, 0x74, 0x30, 0x29, 0x3b, 0x0a, 0x0a, 0x0a,
    0x23, 0x6c, 0x69, 0x6e, 0x65, 0x20, 0x37, 0x0a, 0x53, 0x61, 0x6d, 0x70, 0x6c, 0x65, 0x72, 0x53,
    0x74, 0x61, 0x74, 0x65, 0x20, 0x67, 0x53, 0x61, 0x6d, 0x70, 0x6c, 0x65, 0x72, 0x5f, 0x30, 0x20,
    0x3a, 0x20, 0x72, 0x65, 0x67, 0x69, 0x73, 0x74, 0x65, 0x72, 0x28, 0x73, 0x30, 0x29, 0x3b, 0x0a,
    0x0a, 0x0a, 0x23, 0x6c, 0x69, 0x6e, 0x65, 0x20, 0x31, 0x0a, 0x73, 0x74, 0x72, 0x75, 0x63, 0x74,
    0x20, 0x56, 0x65, 0x72, 0x74, 0x65, 0x78, 0x4f, 0x75, 0x74, 0x70, 0x75, 0x74, 0x5f, 0x30, 0x0a,
    0x7b, 0x0a, 0x20, 0x20, 0x20, 0x20, 0x66, 0x6c, 0x6f, 0x61, 0x74, 0x34, 0x20, 0x70, 0x6f, 0x73,
    0x69, 0x74, 0x69, 0x6f, 0x6e, 0x5f, 0x30, 0x20, 0x3a, 0x20, 0x53, 0x56, 0x5f, 0x50, 0x6f, 0x73,
    0x69, 0x74, 0x69, 0x6f, 0x6e, 0x3b, 0x0a, 0x20, 0x20, 0x20, 0x20, 0x66, 0x6c, 0x6f, 0x61, 0x74,
    0x32, 0x20, 0x75, 0x76, 0x5f, 0x30, 0x20, 0x3a, 0x20, 0x54, 0x45, 0x58, 0x43, 0x4f, 0x4f, 0x52,
    0x44, 0x30, 0x3b, 0x0a, 0x7d, 0x3b, 0x0a, 0x0a, 0x0a, 0x23, 0x6c, 0x69, 0x6e, 0x65, 0x20, 0x33,
    0x38, 0x0a, 0x66, 0x6c, 0x6f, 0x61, 0x74, 0x34, 0x20, 0x66, 0x72, 0x61, 0x67, 0x6d, 0x65, 0x6e,
    0x74, 0x4d, 0x61, 0x69, 0x6e, 0x28, 0x56, 0x65, 0x72, 0x74, 0x65, 0x78, 0x4f, 0x75, 0x74, 0x70,
    0x75, 0x74, 0x5f, 0x30, 0x20, 0x69, 0x6e, 0x70, 0x75, 0x74, 0x5f, 0x30, 0x29, 0x20, 0x3a, 0x20,
    0x53, 0x56, 0x5f, 0x54, 0x41, 0x52, 0x47, 0x45, 0x54, 0x0a, 0x7b, 0x0a, 0x0a, 0x23, 0x6c, 0x69,
    0x6e, 0x65, 0x20, 0x33, 0x38, 0x0a, 0x20, 0x20, 0x20, 0x20, 0x56, 0x65, 0x72, 0x74, 0x65, 0x78,
    0x4f, 0x75, 0x74, 0x70, 0x75, 0x74, 0x5f, 0x30, 0x20, 0x5f, 0x53, 0x31, 0x20, 0x3d, 0x20, 0x69,
    0x6e, 0x70, 0x75, 0x74, 0x5f, 0x30, 0x3b, 0x0a, 0x0a, 0x0a, 0x0a, 0x20, 0x20, 0x20, 0x20, 0x72,
    0x65, 0x74, 0x75, 0x72, 0x6e, 0x20, 0x67, 0x54, 0x65, 0x78, 0x74, 0x75, 0x72, 0x65, 0x32, 0x44,
    0x41, 0x72, 0x72, 0x61, 0x79, 0x5f, 0x30, 0x2e, 0x53, 0x61, 0x6d, 0x70, 0x6c, 0x65, 0x28, 0x67,
    0x53, 0x61, 0x6d, 0x70, 0x6c, 0x65, 0x72, 0x5f, 0x30, 0x2c, 0x20, 0x66, 0x6c, 0x6f, 0x61, 0x74,
    0x33, 0x28, 0x5f, 0x53, 0x31, 0x2e, 0x75, 0x76, 0x5f, 0x30, 0x2c, 0x20, 0x30, 0x2e, 0x30, 0x66,
    0x29, 0x29, 0x3b, 0x0a, 0x7d, 0x0a, 0x0a, 0x00, 0x00, 0x00, 0x00, 0x00, 0x00, 0x00, 0x00, 0x00,
    0x00, 0x00, 0x00, 0x00, 0x00, 0x00, 0x00, 0x00, 0x00, 0x00, 0x00, 0x00, 0x00, 0x00, 0x00, 0x00,
    0x00, 0x00, 0x00, 0x00, 0x00, 0x00, 0x00, 0x00, 0x00, 0x00, 0x00, 0x00, 0x00, 0x00, 0x00, 0x00,
    0x00, 0x00, 0x00, 0x00, 0x00, 0x00, 0x00, 0x00, 0x00, 0x00, 0x00, 0x00, 0x00, 0x00, 0x00, 0x00,
    0x00, 0x00, 0x00, 0x00, 0x00, 0x00, 0x00, 0x00, 0x00, 0x00, 0x00, 0x00, 0x00, 0x00, 0x00, 0x00,
    0x00, 0x00, 0x00, 0x00, 0x00, 0x00, 0x00, 0x00, 0x00, 0x00, 0x00, 0x00, 0x00, 0x00, 0x00, 0x00,
    0x00, 0x00, 0x00, 0x00, 0x00, 0x00, 0x00, 0x00, 0x00, 0x00, 0x00, 0x00, 0x00, 0x00, 0x00, 0x00,
    0x00, 0x00, 0x00, 0x00, 0x00, 0x00, 0x00, 0x00, 0x00, 0x00, 0x00, 0x00, 0x00, 0x00, 0x00, 0x00,
    0x00, 0x00, 0x00, 0x00, 0x00, 0x00, 0x00, 0x00, 0x00, 0x00, 0x00, 0x00, 0x00, 0x00, 0x00, 0x00,
    0x00, 0x00, 0x00, 0x00, 0x00, 0x00, 0x00, 0x00, 0x00, 0x00, 0x00, 0x00, 0x00, 0x00, 0x00, 0x00,
    0x00, 0x00, 0x00, 0x00, 0x00, 0x00, 0x00, 0x00, 0x00, 0x00, 0x00, 0x00, 0x00, 0x00, 0x00, 0x00,
    0x00, 0x00, 0x00, 0x00, 0x00, 0x00, 0x00, 0x00, 0x00, 0x00, 0x00, 0x00, 0x00, 0x00, 0x00, 0x00,
    0x00, 0x00, 0x00, 0x00, 0x00, 0x00, 0x00, 0x00, 0x00, 0x00, 0x00, 0x00, 0x00, 0x00, 0x00, 0x00,
    0x00, 0x00, 0x00, 0x00, 0x00, 0x00, 0x00, 0x00, 0x00, 0x00, 0x00, 0x00, 0x00, 0x00, 0x00, 0x00,
    0x00, 0x00, 0x00, 0x00, 0x00, 0x00, 0x00, 0x00, 0x00, 0x00, 0x00, 0x00, 0x00, 0x00, 0x00, 0x00,
    0x00, 0x00, 0x00, 0x00, 0x00, 0x00, 0x00, 0x00, 0x00, 0x00, 0x00, 0x00, 0x00, 0x00, 0x00, 0x00,
    0x00, 0x00, 0x00, 0x00, 0x00, 0x00, 0x00, 0x00, 0x00, 0x00, 0x00, 0x00, 0x00, 0x00, 0x00, 0x00,
    0x00, 0x00, 0x00, 0x00, 0x00, 0x00, 0x00, 0x00, 0x00, 0x00, 0x00, 0x00, 0x00, 0x00, 0x00, 0x00,
    0x00, 0x00, 0x00, 0x00, 0x00, 0x00, 0x00, 0x00, 0x00, 0x00, 0x00, 0x00, 0x00, 0x00, 0x00, 0x00,
    0x00, 0x00, 0x00, 0x00, 0x00, 0x00, 0x00, 0x00, 0x00, 0x00, 0x00, 0x00, 0x00, 0x00, 0x00, 0x00,
    0x00, 0x00, 0x00, 0x00, 0x00, 0x00, 0x00, 0x00, 0x00, 0x00, 0x00, 0x00, 0x00, 0x00, 0x00, 0x00,
    0x00, 0x00, 0x00, 0x00, 0xfe, 0xef, 0xfe, 0xef, 0x01, 0x00, 0x00, 0x00, 0xda, 0x02, 0x00, 0x00,
    0x00, 0x00, 0x23, 0x70, 0x72, 0x61, 0x67, 0x6d, 0x61, 0x20, 0x70, 0x61, 0x63, 0x6b, 0x5f, 0x6d,
    0x61, 0x74, 0x72, 0x69, 0x78, 0x28, 0x63, 0x6f, 0x6c, 0x75, 0x6d, 0x6e, 0x5f, 0x6d, 0x61, 0x6a,
    0x6f, 0x72, 0x29, 0x0a, 0x23, 0x69, 0x66, 0x64, 0x65, 0x66, 0x20, 0x53, 0x4c, 0x41, 0x4e, 0x47,
    0x5f, 0x48, 0x4c, 0x53, 0x4c, 0x5f, 0x45, 0x4e, 0x41, 0x42, 0x4c, 0x45, 0x5f, 0x4e, 0x56, 0x41,
    0x50, 0x49, 0x0a, 0x23, 0x69, 0x6e, 0x63, 0x6c, 0x75, 0x64, 0x65, 0x20, 0x22, 0x6e, 0x76, 0x48,
    0x4c, 0x53, 0x4c, 0x45, 0x78, 0x74, 0x6e, 0x73, 0x2e, 0x68, 0x22, 0x0a, 0x23, 0x65, 0x6e, 0x64,
    0x69, 0x66, 0x0a, 0x0a, 0x23, 0x69, 0x66, 0x6e, 0x64, 0x65, 0x66, 0x20, 0x5f, 0x5f, 0x44, 0x58,
    0x43, 0x5f, 0x56, 0x45, 0x52, 0x53, 0x49, 0x4f, 0x4e, 0x5f, 0x4d, 0x41, 0x4a, 0x4f, 0x52, 0x0a,
    0x2f, 0x2f, 0x20, 0x77, 0x61, 0x72, 0x6e, 0x69, 0x6e, 0x67, 0x20, 0x58, 0x33, 0x35, 0x35, 0x37,
    0x3a, 0x20, 0x6c, 0x6f, 0x6f, 0x70, 0x20, 0x64, 0x6f, 0x65, 0x73, 0x6e, 0x27, 0x74, 0x20, 0x73,
    0x65, 0x65, 0x6d, 0x20, 0x74, 0x6f, 0x20, 0x64, 0x6f, 0x20, 0x61, 0x6e, 0x79, 0x74, 0x68, 0x69,
    0x6e, 0x67, 0x2c, 0x20, 0x66, 0x6f, 0x72, 0x63, 0x69, 0x6e, 0x67, 0x20, 0x6c, 0x6f, 0x6f, 0x70,
    0x20, 0x74, 0x6f, 0x20, 0x75, 0x6e, 0x72, 0x6f, 0x6c, 0x6c, 0x0a, 0x23, 0x70, 0x72, 0x61, 0x67,
    0x6d, 0x61, 0x20, 0x77, 0x61, 0x72, 0x6e, 0x69, 0x6e, 0x67, 0x28, 0x64, 0x69, 0x73, 0x61, 0x62,
    0x6c, 0x65, 0x20, 0x3a, 0x20, 0x33, 0x35, 0x35, 0x37, 0x29, 0x0a, 0x23, 0x65, 0x6e, 0x64, 0x69,
    0x66, 0x0a, 0x0a, 0x0a, 0x23, 0x6c, 0x69, 0x6e, 0x65, 0x20, 0x36, 0x20, 0x22, 0x72, 0x65, 0x73,
    0x6f, 0x75, 0x72, 0x63, 0x65, 0x73, 0x2f, 0x53, 0x68, 0x61, 0x64, 0x65, 0x72, 0x73, 0x2f, 0x53,
    0x6f, 0x75, 0x72, 0x63, 0x65, 0x2f, 0x42, 0x6c, 0x69, 0x74, 0x2e, 0x73, 0x6c, 0x61, 0x6e, 0x67,
    0x22, 0x0a, 0x54, 0x65, 0x78, 0x74, 0x75, 0x72, 0x65, 0x32, 0x44, 0x41, 0x72, 0x72, 0x61, 0x79,
    0x3c, 0x66, 0x6c, 0x6f, 0x61, 0x74, 0x34, 0x20, 0x3e, 0x20, 0x67, 0x54, 0x65, 0x78, 0x74, 0x75,
    0x72, 0x65, 0x32, 0x44, 0x41, 0x72, 0x72, 0x61, 0x79, 0x5f, 0x30, 0x20, 0x3a, 0x20, 0x72, 0x65,
    0x67, 0x69, 0x73, 0x74, 0x65, 0x72, 0x28, 0x74, 0x30, 0x29, 0x3b, 0x0a, 0x0a, 0x0a, 0x23, 0x6c,
    0x69, 0x6e, 0x65, 0x20, 0x37, 0x0a, 0x53, 0x61, 0x6d, 0x70, 0x6c, 0x65, 0x72, 0x53, 0x74, 0x61,
    0x74, 0x65, 0x20, 0x67, 0x53, 0x61, 0x6d, 0x70, 0x6c, 0x65, 0x72, 0x5f, 0x30, 0x20, 0x3a, 0x20,
    0x72, 0x65, 0x67, 0x69, 0x73, 0x74, 0x65, 0x72, 0x28, 0x73, 0x30, 0x29, 0x3b, 0x0a, 0x0a, 0x0a,
    0x23, 0x6c, 0x69, 0x6e, 0x65, 0x20, 0x31, 0x0a, 0x73, 0x74, 0x72, 0x75, 0x63, 0x74, 0x20, 0x56,
    0x65, 0x72, 0x74, 0x65, 0x78, 0x4f, 0x75, 0x74, 0x70, 0x75, 0x74, 0x5f, 0x30, 0x0a, 0x7b, 0x0a,
    0x20, 0x20, 0x20, 0x20, 0x66, 0x6c, 0x6f, 0x61, 0x74, 0x34, 0x20, 0x70, 0x6f, 0x73, 0x69, 0x74,
    0x69, 0x6f, 0x6e, 0x5f, 0x30, 0x20, 0x3a, 0x20, 0x53, 0x56, 0x5f, 0x50, 0x6f, 0x73, 0x69, 0x74,
    0x69, 0x6f, 0x6e, 0x3b, 0x0a, 0x20, 0x20, 0x20, 0x20, 0x66, 0x6c, 0x6f, 0x61, 0x74, 0x32, 0x20,
    0x75, 0x76, 0x5f, 0x30, 0x20, 0x3a, 0x20, 0x54, 0x45, 0x58, 0x43, 0x4f, 0x4f, 0x52, 0x44, 0x30,
    0x3b, 0x0a, 0x7d, 0x3b, 0x1b, 0xe2, 0x30, 0x01, 0x80, 0x00, 0x00, 0x00, 0x58, 0x0e, 0xb4, 0xd1,
    0x95, 0x2f, 0xdc, 0x01, 0x01, 0x00, 0x00, 0x00, 0x00, 0x00, 0x00, 0x00, 0x00, 0x00, 0x00, 0x00,
    0x00, 0x00, 0x00, 0x00, 0x00, 0x00, 0x00, 0x00, 0x00, 0x00, 0x00, 0x00, 0x00, 0x00, 0x00, 0x00,
    0x00, 0x00, 0x00, 0x00, 0x00, 0x00, 0x00, 0x00, 0x00, 0x00, 0x00, 0x00, 0x00, 0x00, 0x00, 0x00,
    0x00, 0x00, 0x00, 0x00, 0x01, 0x00, 0x00, 0x00, 0x02, 0x00, 0x00, 0x00, 0x01, 0x00, 0x00, 0x00,
    0x02, 0x00, 0x00, 0x00, 0x00, 0x00, 0x00, 0x00, 0x01, 0x00, 0x00, 0x00, 0x28, 0x00, 0x00, 0x00,
    0x1b, 0xe2, 0x30, 0x01, 0x81, 0xb9, 0x31, 0xc6, 0xb3, 0x02, 0x00, 0x00, 0x01, 0x00, 0x00, 0x00,
    0x01, 0x00, 0x00, 0x00, 0x01, 0x00, 0x00, 0x00, 0x00, 0x00, 0x00, 0x00, 0x00, 0x00, 0x00, 0x00,
    0x00, 0x00, 0x00, 0x00, 0x00, 0x00, 0x00, 0x00, 0x00, 0x00, 0x00, 0x00, 0x00, 0x00, 0x00, 0x00,
    0x00, 0x00, 0x00, 0x00, 0x00, 0x00, 0x00, 0x00, 0x00, 0x00, 0x00, 0x00, 0x00, 0x00, 0x00, 0x00,
    0x00, 0x00, 0x00, 0x00, 0x00, 0x00, 0x00, 0x00, 0x00, 0x00, 0x00, 0x00, 0x00, 0x00, 0x00, 0x00,
    0x00, 0x00, 0x00, 0x00, 0x00, 0x00, 0x00, 0x00, 0x00, 0x00, 0x00, 0x00, 0x00, 0x00, 0x00, 0x00,
    0x00, 0x00, 0x00, 0x00, 0x00, 0x00, 0x00, 0x00, 0x00, 0x00, 0x00, 0x00, 0x00, 0x00, 0x00, 0x00,
    0x00, 0x00, 0x00, 0x00, 0x00, 0x00, 0x00, 0x00, 0x00, 0x00, 0x00, 0x00, 0x00, 0x00, 0x00, 0x00,
    0x00, 0x00, 0x00, 0x00, 0x00, 0x00, 0x00, 0x00, 0x00, 0x00, 0x00, 0x00, 0x00, 0x00, 0x00, 0x00,
    0x00, 0x00, 0x00, 0x00, 0x00, 0x00, 0x00, 0x00, 0x00, 0x00, 0x00, 0x00, 0x00, 0x00, 0x00, 0x00,
    0x00, 0x00, 0x00, 0x00, 0x00, 0x00, 0x00, 0x00, 0x00, 0x00, 0x00, 0x00, 0x00, 0x00, 0x00, 0x00,
    0x00, 0x00, 0x00, 0x00, 0x00, 0x00, 0x00, 0x00, 0x00, 0x00, 0x00, 0x00, 0x00, 0x00, 0x00, 0x00,
    0x00, 0x00, 0x00, 0x00, 0x00, 0x00, 0x00, 0x00, 0x00, 0x00, 0x00, 0x00, 0x00, 0x00, 0x00, 0x00,
    0x00, 0x00, 0x00, 0x00, 0x00, 0x00, 0x00, 0x00, 0x00, 0x00, 0x00, 0x00, 0x00, 0x00, 0x00, 0x00,
    0x00, 0x00, 0x00, 0x00, 0x00, 0x00, 0x00, 0x00, 0x00, 0x00, 0x00, 0x00, 0x00, 0x00, 0x00, 0x00,
    0x00, 0x00, 0x00, 0x00, 0x00, 0x00, 0x00, 0x00, 0x00, 0x00, 0x00, 0x00, 0x00, 0x00, 0x00, 0x00,
    0x00, 0x00, 0x00, 0x00, 0x00, 0x00, 0x00, 0x00, 0x00, 0x00, 0x00, 0x00, 0x00, 0x00, 0x00, 0x00,
    0x00, 0x00, 0x00, 0x00, 0x00, 0x00, 0x00, 0x00, 0x00, 0x00, 0x00, 0x00, 0x00, 0x00, 0x00, 0x00,
    0x00, 0x00, 0x00, 0x00, 0x00, 0x00, 0x00, 0x00, 0x00, 0x00, 0x00, 0x00, 0x00, 0x00, 0x00, 0x00,
    0x00, 0x00, 0x00, 0x00, 0x00, 0x00, 0x00, 0x00, 0x00, 0x00, 0x00, 0x00, 0x00, 0x00, 0x00, 0x00,
    0x00, 0x00, 0x00, 0x00, 0x00, 0x00, 0x00, 0x00, 0x00, 0x00, 0x00, 0x00, 0x00, 0x00, 0x00, 0x00,
    0x00, 0x00, 0x00, 0x00, 0x00, 0x00, 0x00, 0x00, 0x00, 0x00, 0x00, 0x00, 0x00, 0x00, 0x00, 0x00,
    0x00, 0x00, 0x00, 0x00, 0x00, 0x00, 0x00, 0x00, 0x00, 0x00, 0x00, 0x00, 0x00, 0x00, 0x00, 0x00,
    0x00, 0x00, 0x00, 0x00, 0x00, 0x00, 0x00, 0x00, 0x00, 0x00, 0x00, 0x00, 0x00, 0x00, 0x00, 0x00,
    0x00, 0x00, 0x00, 0x00, 0x00, 0x00, 0x00, 0x00, 0x00, 0x00, 0x00, 0x00, 0x00, 0x00, 0x00, 0x00,
    0x00, 0x00, 0x00, 0x00, 0x00, 0x00, 0x00, 0x00, 0x00, 0x00, 0x00, 0x00, 0x00, 0x00, 0x00, 0x00,
    0x00, 0x00, 0x00, 0x00, 0x04, 0x00, 0x00, 0x00, 0x42, 0x00, 0x3c, 0x11, 0x10, 0x01, 0x00, 0x00,
    0x00, 0x01, 0x0a, 0x00, 0x01, 0x00, 0x34, 0x0e, 0x61, 0x4a, 0x0a, 0x00, 0x01, 0x00, 0x34, 0x0e,
    0x61, 0x4a, 0x4d, 0x69, 0x63, 0x72, 0x6f, 0x73, 0x6f, 0x66, 0x74, 0x20, 0x28, 0x52, 0x29, 0x20,
    0x48, 0x4c, 0x53, 0x4c, 0x20, 0x53, 0x68, 0x61, 0x64, 0x65, 0x72, 0x20, 0x43, 0x6f, 0x6d, 0x70,
    0x69, 0x6c, 0x65, 0x72, 0x20, 0x31, 0x30, 0x2e, 0x31, 0x00, 0x00, 0x00, 0xb2, 0x00, 0x3d, 0x11,
    0x01, 0x68, 0x6c, 0x73, 0x6c, 0x46, 0x6c, 0x61, 0x67, 0x73, 0x00, 0x30, 0x78, 0x31, 0x30, 0x34,
    0x38, 0x30, 0x31, 0x00, 0x68, 0x6c, 0x73, 0x6c, 0x54, 0x61, 0x72, 0x67, 0x65, 0x74, 0x00, 0x70,
    0x73, 0x5f, 0x35, 0x5f, 0x31, 0x00, 0x68, 0x6c, 0x73, 0x6c, 0x45, 0x6e, 0x74, 0x72, 0x79, 0x00,
    0x66, 0x72, 0x61, 0x67, 0x6d, 0x65, 0x6e, 0x74, 0x4d, 0x61, 0x69, 0x6e, 0x00, 0x68, 0x6c, 0x73,
    0x6c, 0x44, 0x65, 0x66, 0x69, 0x6e, 0x65, 0x73, 0x00, 0x20, 0x2f, 0x44, 0x50, 0x59, 0x52, 0x4f,
    0x5f, 0x53, 0x48, 0x41, 0x44, 0x45, 0x52, 0x5f, 0x46, 0x4c, 0x41, 0x47, 0x5f, 0x52, 0x48, 0x49,
    0x5f, 0x44, 0x33, 0x44, 0x31, 0x32, 0x3d, 0x31, 0x20, 0x2f, 0x44, 0x70, 0x79, 0x72, 0x6f, 0x5f,
    0x69, 0x6e, 0x74, 0x65, 0x72, 0x6e, 0x61, 0x6c, 0x5f, 0x73, 0x68, 0x61, 0x64, 0x65, 0x72, 0x5f,
    0x73, 0x74, 0x61, 0x67, 0x65, 0x5f, 0x76, 0x73, 0x3d, 0x31, 0x20, 0x2f, 0x44, 0x70, 0x79, 0x72,
    0x6f, 0x5f, 0x69, 0x6e, 0x74, 0x65, 0x72, 0x6e, 0x61, 0x6c, 0x5f, 0x73, 0x68, 0x61, 0x64, 0x65,
    0x72, 0x5f, 0x73, 0x74, 0x61, 0x67, 0x65, 0x5f, 0x66, 0x73, 0x3d, 0x31, 0x00, 0x00, 0x00, 0x00,
    0x32, 0x00, 0x10, 0x11, 0x00, 0x00, 0x00, 0x00, 0x94, 0x02, 0x00, 0x00, 0x00, 0x00, 0x00, 0x00,
    0x58, 0x00, 0x00, 0x00, 0x00, 0x00, 0x00, 0x00, 0x58, 0x00, 0x00, 0x00, 0x06, 0x10, 0x00, 0x00,
    0x60, 0x00, 0x00, 0x00, 0x01, 0x00, 0xa0, 0x66, 0x72, 0x61, 0x67, 0x6d, 0x65, 0x6e, 0x74, 0x4d,
    0x61, 0x69, 0x6e, 0x00, 0x2e, 0x00, 0x3e, 0x11, 0x03, 0x10, 0x00, 0x00, 0x09, 0x00, 0x69, 0x6e,
    0x70, 0x75, 0x74, 0x5f, 0x30, 0x00, 0x00, 0x00, 0x00, 0x00, 0x00, 0x00, 0x00, 0x00, 0x00, 0x00,
    0x00, 0x00, 0x00, 0x00, 0x00, 0x00, 0x00, 0x00, 0x00, 0x00, 0x00, 0x00, 0x00, 0x00, 0x00, 0x00,
    0x00, 0x00, 0x00, 0x00, 0x16, 0x00, 0x50, 0x11, 0x01, 0x00, 0x05, 0x00, 0x00, 0x00, 0x04, 0x00,
    0x60, 0x00, 0x00, 0x00, 0x01, 0x00, 0x58, 0x00, 0x00, 0x00, 0x00, 0x00, 0x16, 0x00, 0x50, 0x11,
    0x01, 0x00, 0x05, 0x00, 0x04, 0x00, 0x04, 0x00, 0x60, 0x00, 0x00, 0x00, 0x01, 0x00, 0x58, 0x00,
    0x04, 0x00, 0x00, 0x00, 0x16, 0x00, 0x50, 0x11, 0x01, 0x00, 0x05, 0x00, 0x08, 0x00, 0x04, 0x00,
    0x60, 0x00, 0x00, 0x00, 0x01, 0x00, 0x58, 0x00, 0x08, 0x00, 0x00, 0x00, 0x16, 0x00, 0x50, 0x11,
    0x01, 0x00, 0x05, 0x00, 0x0c, 0x00, 0x04, 0x00, 0x60, 0x00, 0x00, 0x00, 0x01, 0x00, 0x58, 0x00,
    0x0c, 0x00, 0x00, 0x00, 0x16, 0x00, 0x50, 0x11, 0x01, 0x00, 0x05, 0x00, 0x10, 0x00, 0x04, 0x00,
    0x60, 0x00, 0x00, 0x00, 0x01, 0x00, 0x58, 0x00, 0x10, 0x00, 0x00, 0x00, 0x16, 0x00, 0x50, 0x11,
    0x01, 0x00, 0x05, 0x00, 0x14, 0x00, 0x04, 0x00, 0x60, 0x00, 0x00, 0x00, 0x01, 0x00, 0x58, 0x00,
    0x14, 0x00, 0x00, 0x00, 0x42, 0x00, 0x3e, 0x11, 0x05, 0x10, 0x00, 0x00, 0x88, 0x00, 0x3c, 0x66,
    0x72, 0x61, 0x67, 0x6d, 0x65, 0x6e, 0x74, 0x4d, 0x61, 0x69, 0x6e, 0x20, 0x72, 0x65, 0x74, 0x75,
    0x72, 0x6e, 0x20, 0x76, 0x61, 0x6c, 0x75, 0x65, 0x3e, 0x00, 0x00, 0x00, 0x00, 0x00, 0x00, 0x00,
    0x00, 0x00, 0x00, 0x00, 0x00, 0x00, 0x00, 0x00, 0x00, 0x00, 0x00, 0x00, 0x00, 0x00, 0x00, 0x00,
    0x00, 0x00, 0x00, 0x00, 0x00, 0x00, 0x00, 0x00, 0x16, 0x00, 0x50, 0x11, 0x02, 0x00, 0x05, 0x00,
    0x00, 0x00, 0x04, 0x00, 0x60, 0x00, 0x00, 0x00, 0x01, 0x00, 0x58, 0x00, 0x00, 0x00, 0x00, 0x00,
    0x16, 0x00, 0x50, 0x11, 0x02, 0x00, 0x05, 0x00, 0x04, 0x00, 0x04, 0x00, 0x60, 0x00, 0x00, 0x00,
    0x01, 0x00, 0x58, 0x00, 0x04, 0x00, 0x00, 0x00, 0x16, 0x00, 0x50, 0x11, 0x02, 0x00, 0x05, 0x00,
    0x08, 0x00, 0x04, 0x00, 0x60, 0x00, 0x00, 0x00, 0x01, 0x00, 0x58, 0x00, 0x08, 0x00, 0x00, 0x00,
    0x16, 0x00, 0x50, 0x11, 0x02, 0x00, 0x05, 0x00, 0x0c, 0x00, 0x04, 0x00, 0x60, 0x00, 0x00, 0x00,
    0x01, 0x00, 0x58, 0x00, 0x0c, 0x00, 0x00, 0x00, 0x02, 0x00, 0x06, 0x00, 0xf4, 0x00, 0x00, 0x00,
    0x20, 0x00, 0x00, 0x00, 0x01, 0x00, 0x00, 0x00, 0x10, 0x01, 0xed, 0x10, 0x46, 0xbb, 0xe6, 0xc1,
    0xc2, 0x0f, 0x86, 0xea, 0xa7, 0x0a, 0x25, 0x6f, 0x0d, 0x10, 0x00, 0x00, 0xb6, 0x02, 0x00, 0x00,
    0x00, 0x00, 0x00, 0x00, 0xf2, 0x00, 0x00, 0x00, 0x78, 0x00, 0x00, 0x00, 0x00, 0x00, 0x00, 0x00,
    0x01, 0x00, 0x01, 0x00, 0xb8, 0x00, 0x00, 0x00, 0x18, 0x00, 0x00, 0x00, 0x08, 0x00, 0x00, 0x00,
    0x6c, 0x00, 0x00, 0x00, 0x60, 0x00, 0x00, 0x00, 0x2a, 0x00, 0x00, 0x80, 0x60, 0x00, 0x00, 0x00,
    0x2a, 0x00, 0x00, 0x00, 0x74, 0x00, 0x00, 0x00, 0x2a, 0x00, 0x00, 0x80, 0x74, 0x00, 0x00, 0x00,
    0x2a, 0x00, 0x00, 0x00, 0x88, 0x00, 0x00, 0x00, 0x2a, 0x00, 0x00, 0x80, 0x88, 0x00, 0x00, 0x00,
    0x2a, 0x00, 0x00, 0x00, 0xb4, 0x00, 0x00, 0x00, 0x2a, 0x00, 0x00, 0x80, 0xb4, 0x00, 0x00, 0x00,
    0x2a, 0x00, 0x00, 0x00, 0x05, 0x00, 0x48, 0x00, 0x0c, 0x00, 0x47, 0x00, 0x05, 0x00, 0x48, 0x00,
    0x0c, 0x00, 0x47, 0x00, 0x05, 0x00, 0x48, 0x00, 0x0c, 0x00, 0x47, 0x00, 0x05, 0x00, 0x48, 0x00,
    0x05, 0x00, 0x48, 0x00, 0xf6, 0x00, 0x00, 0x00, 0x04, 0x00, 0x00, 0x00, 0x00, 0x00, 0x00, 0x00,
    0x0c, 0x00, 0x00, 0x00, 0x00, 0x00, 0x00, 0x00, 0x1c, 0x00, 0x00, 0x00, 0x48, 0x00, 0x00, 0x00,
    0x00, 0x00, 0x00, 0x00, 0x00, 0x00, 0x00, 0x00, 0x00, 0x00, 0x00, 0x00, 0x00, 0x00, 0x00, 0x00,
    0x00, 0x00, 0x00, 0x00, 0x00, 0x00, 0x00, 0x00, 0x00, 0x00, 0x00, 0x00, 0x00, 0x00, 0x00, 0x00,
    0x00, 0x00, 0x00, 0x00, 0x00, 0x00, 0x00, 0x00, 0x00, 0x00, 0x00, 0x00, 0x00, 0x00, 0x00, 0x00,
    0x00, 0x00, 0x00, 0x00, 0x00, 0x00, 0x00, 0x00, 0x00, 0x00, 0x00, 0x00, 0x00, 0x00, 0x00, 0x00,
    0x00, 0x00, 0x00, 0x00, 0x00, 0x00, 0x00, 0x00, 0x00, 0x00, 0x00, 0x00, 0x00, 0x00, 0x00, 0x00,
    0x00, 0x00, 0x00, 0x00, 0x00, 0x00, 0x00, 0x00, 0x00, 0x00, 0x00, 0x00, 0x00, 0x00, 0x00, 0x00,
    0x00, 0x00, 0x00, 0x00, 0x00, 0x00, 0x00, 0x00, 0x00, 0x00, 0x00, 0x00, 0x00, 0x00, 0x00, 0x00,
    0x00, 0x00, 0x00, 0x00, 0x00, 0x00, 0x00, 0x00, 0x00, 0x00, 0x00, 0x00, 0x00, 0x00, 0x00, 0x00,
    0x00, 0x00, 0x00, 0x00, 0x00, 0x00, 0x00, 0x00, 0x00, 0x00, 0x00, 0x00, 0x00, 0x00, 0x00, 0x00,
    0x00, 0x00, 0x00, 0x00, 0x00, 0x00, 0x00, 0x00, 0x00, 0x00, 0x00, 0x00, 0x00, 0x00, 0x00, 0x00,
    0x00, 0x00, 0x00, 0x00, 0x0b, 0xca, 0x31, 0x01, 0x38, 0x00, 0x00, 0x00, 0x00, 0x10, 0x00, 0x00,
    0x0d, 0x10, 0x00, 0x00, 0xfc, 0x00, 0x00, 0x00, 0x0a, 0x00, 0xff, 0xff, 0x04, 0x00, 0x00, 0x00,
    0xff, 0xff, 0x03, 0x00, 0x00, 0x00, 0x00, 0x00, 0x34, 0x00, 0x00, 0x00, 0x34, 0x00, 0x00, 0x00,
    0x08, 0x00, 0x00, 0x00, 0x3c, 0x00, 0x00, 0x00, 0x00, 0x00, 0x00, 0x00, 0x16, 0x00, 0x1b, 0x15,
    0x40, 0x00, 0x00, 0x00, 0x04, 0x00, 0x00, 0x00, 0x10, 0x00, 0x66, 0x6c, 0x6f, 0x61, 0x74, 0x34,
    0x00, 0xf3, 0xf2, 0xf1, 0x16, 0x00, 0x1b, 0x15, 0x40, 0x00, 0x00, 0x00, 0x02, 0x00, 0x00, 0x00,
    0x08, 0x00, 0x66, 0x6c, 0x6f, 0x61, 0x74, 0x32, 0x00, 0xf3, 0xf2, 0xf1, 0x2a, 0x00, 0x03, 0x12,
    0x0d, 0x15, 0x03, 0x00, 0x00, 0x10, 0x00, 0x00, 0x00, 0x00, 0x70, 0x6f, 0x73, 0x69, 0x74, 0x69,
    0x6f, 0x6e, 0x5f, 0x30, 0x00, 0xf3, 0xf2, 0xf1, 0x0d, 0x15, 0x03, 0x00, 0x01, 0x10, 0x00, 0x00,
    0x10, 0x00, 0x75, 0x76, 0x5f, 0x30, 0x00, 0xf1, 0x26, 0x00, 0x05, 0x15, 0x02, 0x00, 0x00, 0x00,
    0x02, 0x10, 0x00, 0x00, 0x00, 0x00, 0x00, 0x00, 0x00, 0x00, 0x00, 0x00, 0x18, 0x00, 0x56, 0x65,
    0x72, 0x74, 0x65, 0x78, 0x4f, 0x75, 0x74, 0x70, 0x75, 0x74, 0x5f, 0x30, 0x00, 0xf3, 0xf2, 0xf1,
    0x0a, 0x00, 0x01, 0x12, 0x01, 0x00, 0x00, 0x00, 0x03, 0x10, 0x00, 0x00, 0x0a, 0x00, 0x18, 0x15,
    0x00, 0x10, 0x00, 0x00, 0x01, 0x00, 0x01, 0x00, 0x0e, 0x00, 0x08, 0x10, 0x05, 0x10, 0x00, 0x00,
    0x17, 0x00, 0x01, 0x00, 0x04, 0x10, 0x00, 0x00, 0x0e, 0x00, 0x17, 0x15, 0x00, 0x10, 0x00, 0x00,
    0x04, 0x02, 0x50, 0x72, 0x00, 0x00, 0xf2, 0xf1, 0x0a, 0x00, 0x18, 0x15, 0x07, 0x10, 0x00, 0x00,
    0x01, 0x00, 0x01, 0x00, 0x0a, 0x00, 0x18, 0x15, 0x08, 0x10, 0x00, 0x00, 0x01, 0x00, 0x00, 0x02,
    0x0e, 0x00, 0x17, 0x15, 0x00, 0x00, 0x00, 0x00, 0x0a, 0x02, 0x50, 0x72, 0x00, 0x00, 0xf2, 0xf1,
    0x0a, 0x00, 0x18, 0x15, 0x0a, 0x10, 0x00, 0x00, 0x01, 0x00, 0x01, 0x00, 0x0a, 0x00, 0x18, 0x15,
    0x0b, 0x10, 0x00, 0x00, 0x01, 0x00, 0x00, 0x02, 0x00, 0x00, 0x00, 0x00, 0x00, 0x00, 0x00, 0x00,
    0x00, 0x00, 0x00, 0x00, 0x00, 0x00, 0x00, 0x00, 0x00, 0x00, 0x00, 0x00, 0x00, 0x00, 0x00, 0x00,
    0x00, 0x00, 0x00, 0x00, 0x00, 0x00, 0x00, 0x00, 0x00, 0x00, 0x00, 0x00, 0x00, 0x00, 0x00, 0x00,
    0x00, 0x00, 0x00, 0x00, 0x00, 0x00, 0x00, 0x00, 0x00, 0x00, 0x00, 0x00, 0x00, 0x00, 0x00, 0x00,
    0x00, 0x00, 0x00, 0x00, 0x00, 0x00, 0x00, 0x00, 0x00, 0x00, 0x00, 0x00, 0x00, 0x00, 0x00, 0x00,
    0x00, 0x00, 0x00, 0x00, 0x00, 0x00, 0x00, 0x00, 0x00, 0x00, 0x00, 0x00, 0x00, 0x00, 0x00, 0x00,
    0x00, 0x00, 0x00, 0x00, 0x00, 0x00, 0x00, 0x00, 0x00, 0x00, 0x00, 0x00, 0x00, 0x00, 0x00, 0x00,
    0x00, 0x00, 0x00, 0x00, 0x00, 0x00, 0x00, 0x00, 0x00, 0x00, 0x00, 0x00, 0x00, 0x00, 0x00, 0x00,
    0x00, 0x00, 0x00, 0x00, 0x00, 0x00, 0x00, 0x00, 0x00, 0x00, 0x00, 0x00, 0x00, 0x00, 0x00, 0x00,
    0x00, 0x00, 0x00, 0x00, 0x00, 0x00, 0x00, 0x00, 0x00, 0x00, 0x00, 0x00, 0x00, 0x00, 0x00, 0x00,
    0x00, 0x00, 0x00, 0x00, 0x00, 0x00, 0x00, 0x00, 0x00, 0x00, 0x00, 0x00, 0x00, 0x00, 0x00, 0x00,
    0x00, 0x00, 0x00, 0x00, 0x00, 0x00, 0x00, 0x00, 0x00, 0x00, 0x00, 0x00, 0x00, 0x00, 0x00, 0x00,
    0x00, 0x00, 0x00, 0x00, 0x00, 0x00, 0x00, 0x00, 0x00, 0x00, 0x00, 0x00, 0x00, 0x00, 0x00, 0x00,
    0x00, 0x00, 0x00, 0x00, 0x0b, 0xca, 0x31, 0x01, 0x38, 0x00, 0x00, 0x00, 0x00, 0x10, 0x00, 0x00,
    0x00, 0x10, 0x00, 0x00, 0x00, 0x00, 0x00, 0x00, 0x0b, 0x00, 0xff, 0xff, 0x04, 0x00, 0x00, 0x00,
    0xff, 0xff, 0x03, 0x00, 0x00, 0x00, 0x00, 0x00, 0x00, 0x00, 0x00, 0x00, 0x00, 0x00, 0x00, 0x00,
    0x00, 0x00, 0x00, 0x00, 0x00, 0x00, 0x00, 0x00, 0x00, 0x00, 0x00, 0x00, 0x00, 0x00, 0x00, 0x00,
    0x00, 0x00, 0x00, 0x00, 0x00, 0x00, 0x00, 0x00, 0x00, 0x00, 0x00, 0x00, 0x00, 0x00, 0x00, 0x00,
    0x00, 0x00, 0x00, 0x00, 0x00, 0x00, 0x00, 0x00, 0x00, 0x00, 0x00, 0x00, 0x00, 0x00, 0x00, 0x00,
    0x00, 0x00, 0x00, 0x00, 0x00, 0x00, 0x00, 0x00, 0x00, 0x00, 0x00, 0x00, 0x00, 0x00, 0x00, 0x00,
    0x00, 0x00, 0x00, 0x00, 0x00, 0x00, 0x00, 0x00, 0x00, 0x00, 0x00, 0x00, 0x00, 0x00, 0x00, 0x00,
    0x00, 0x00, 0x00, 0x00, 0x00, 0x00, 0x00, 0x00, 0x00, 0x00, 0x00, 0x00, 0x00, 0x00, 0x00, 0x00,
    0x00, 0x00, 0x00, 0x00, 0x00, 0x00, 0x00, 0x00, 0x00, 0x00, 0x00, 0x00, 0x00, 0x00, 0x00, 0x00,
    0x00, 0x00, 0x00, 0x00, 0x00, 0x00, 0x00, 0x00, 0x00, 0x00, 0x00, 0x00, 0x00, 0x00, 0x00, 0x00,
    0x00, 0x00, 0x00, 0x00, 0x00, 0x00, 0x00, 0x00, 0x00, 0x00, 0x00, 0x00, 0x00, 0x00, 0x00, 0x00,
    0x00, 0x00, 0x00, 0x00, 0x00, 0x00, 0x00, 0x00, 0x00, 0x00, 0x00, 0x00, 0x00, 0x00, 0x00, 0x00,
    0x00, 0x00, 0x00, 0x00, 0x00, 0x00, 0x00, 0x00, 0x00, 0x00, 0x00, 0x00, 0x00, 0x00, 0x00, 0x00,
    0x00, 0x00, 0x00, 0x00, 0x00, 0x00, 0x00, 0x00, 0x00, 0x00, 0x00, 0x00, 0x00, 0x00, 0x00, 0x00,
    0x00, 0x00, 0x00, 0x00, 0x00, 0x00, 0x00, 0x00, 0x00, 0x00, 0x00, 0x00, 0x00, 0x00, 0x00, 0x00,
    0x00, 0x00, 0x00, 0x00, 0x00, 0x00, 0x00, 0x00, 0x00, 0x00, 0x00, 0x00, 0x00, 0x00, 0x00, 0x00,
    0x00, 0x00, 0x00, 0x00, 0x00, 0x00, 0x00, 0x00, 0x00, 0x00, 0x00, 0x00, 0x00, 0x00, 0x00, 0x00,
    0x00, 0x00, 0x00, 0x00, 0x00, 0x00, 0x00, 0x00, 0x00, 0x00, 0x00, 0x00, 0x00, 0x00, 0x00, 0x00,
    0x00, 0x00, 0x00, 0x00, 0x00, 0x00, 0x00, 0x00, 0x00, 0x00, 0x00, 0x00, 0x00, 0x00, 0x00, 0x00,
    0x00, 0x00, 0x00, 0x00, 0x00, 0x00, 0x00, 0x00, 0x00, 0x00, 0x00, 0x00, 0x00, 0x00, 0x00, 0x00,
    0x00, 0x00, 0x00, 0x00, 0x00, 0x00, 0x00, 0x00, 0x00, 0x00, 0x00, 0x00, 0x00, 0x00, 0x00, 0x00,
    0x00, 0x00, 0x00, 0x00, 0x00, 0x00, 0x00, 0x00, 0x00, 0x00, 0x00, 0x00, 0x00, 0x00, 0x00, 0x00,
    0x00, 0x00, 0x00, 0x00, 0x00, 0x00, 0x00, 0x00, 0x00, 0x00, 0x00, 0x00, 0x00, 0x00, 0x00, 0x00,
    0x00, 0x00, 0x00, 0x00, 0x00, 0x00, 0x00, 0x00, 0x00, 0x00, 0x00, 0x00, 0x00, 0x00, 0x00, 0x00,
    0x00, 0x00, 0x00, 0x00, 0x00, 0x00, 0x00, 0x00, 0x00, 0x00, 0x00, 0x00, 0x00, 0x00, 0x00, 0x00,
    0x00, 0x00, 0x00, 0x00, 0x00, 0x00, 0x00, 0x00, 0x00, 0x00, 0x00, 0x00, 0x00, 0x00, 0x00, 0x00,
    0x00, 0x00, 0x00, 0x00, 0x00, 0x00, 0x00, 0x00, 0x00, 0x00, 0x00, 0x00, 0x00, 0x00, 0x00, 0x00,
    0x00, 0x00, 0x00, 0x00, 0x00, 0x00, 0x00, 0x00, 0x00, 0x00, 0x00, 0x00, 0x00, 0x00, 0x00, 0x00,
    0x00, 0x00, 0x00, 0x00, 0x00, 0x00, 0x00, 0x00, 0x00, 0x00, 0x00, 0x00, 0x00, 0x00, 0x00, 0x00,
    0x00, 0x00, 0x00, 0x00, 0x00, 0x00, 0x00, 0x00, 0x00, 0x00, 0x00, 0x00, 0x00, 0x00, 0x00, 0x00,
    0x00, 0x00, 0x00, 0x00, 0x00, 0x00, 0x00, 0x00, 0x00, 0x00, 0x00, 0x00, 0x00, 0x00, 0x00, 0x00,
    0x00, 0x00, 0x00, 0x00, 0x44, 0x33, 0x44, 0x53, 0x48, 0x44, 0x52, 0x00, 0xb8, 0x00, 0x00, 0x00,
    0x00, 0x00, 0x00, 0x00, 0x00, 0x00, 0x00, 0x00, 0x00, 0x00, 0x00, 0x00, 0x00, 0x00, 0x00, 0x00,
    0x00, 0x00, 0x00, 0x00, 0x00, 0x00, 0x00, 0x00, 0x20, 0x00, 0x00, 0x60, 0x00, 0x00, 0x00, 0x00,
    0x00, 0x00, 0x00, 0x00, 0x00, 0x00, 0x00, 0x00, 0x00, 0x00, 0x00, 0x00, 0x00, 0x00, 0x00, 0x00,
    0x00, 0x00, 0x00, 0x00, 0x00, 0x00, 0x00, 0x00, 0x00, 0x00, 0x00, 0x00, 0x00, 0x00, 0x00, 0x00,
    0x00, 0x00, 0x00, 0x00, 0x00, 0x00, 0x00, 0x00, 0x00, 0x00, 0x00, 0x00, 0x00, 0x00, 0x00, 0x00,
    0x00, 0x00, 0x00, 0x00, 0x00, 0x00, 0x00, 0x00, 0x00, 0x00, 0x00, 0x00, 0x00, 0x00, 0x00, 0x00,
    0x00, 0x00, 0x00, 0x00, 0x00, 0x00, 0x00, 0x00, 0x00, 0x00, 0x00, 0x00, 0x00, 0x00, 0x00, 0x00,
    0x00, 0x00, 0x00, 0x00, 0x00, 0x00, 0x00, 0x00, 0x00, 0x00, 0x00, 0x00, 0x00, 0x00, 0x00, 0x00,
    0x00, 0x00, 0x00, 0x00, 0x00, 0x00, 0x00, 0x00, 0x00, 0x00, 0x00, 0x00, 0x00, 0x00, 0x00, 0x00,
    0x00, 0x00, 0x00, 0x00, 0x00, 0x00, 0x00, 0x00, 0x00, 0x00, 0x00, 0x00, 0x00, 0x00, 0x00, 0x00,
    0x00, 0x00, 0x00, 0x00, 0x00, 0x00, 0x00, 0x00, 0x00, 0x00, 0x00, 0x00, 0x00, 0x00, 0x00, 0x00,
    0x00, 0x00, 0x00, 0x00, 0x00, 0x00, 0x00, 0x00, 0x00, 0x00, 0x00, 0x00, 0x00, 0x00, 0x00, 0x00,
    0x00, 0x00, 0x00, 0x00, 0x00, 0x00, 0x00, 0x00, 0x00, 0x00, 0x00, 0x00, 0x00, 0x00, 0x00, 0x00,
    0x00, 0x00, 0x00, 0x00, 0x00, 0x00, 0x00, 0x00, 0x00, 0x00, 0x00, 0x00, 0x00, 0x00, 0x00, 0x00,
    0x00, 0x00, 0x00, 0x00, 0x00, 0x00, 0x00, 0x00, 0x00, 0x00, 0x00, 0x00, 0x00, 0x00, 0x00, 0x00,
    0x00, 0x00, 0x00, 0x00, 0x00, 0x00, 0x00, 0x00, 0x00, 0x00, 0x00, 0x00, 0x00, 0x00, 0x00, 0x00,
    0x00, 0x00, 0x00, 0x00, 0x00, 0x00, 0x00, 0x00, 0x00, 0x00, 0x00, 0x00, 0x00, 0x00, 0x00, 0x00,
    0x00, 0x00, 0x00, 0x00, 0x00, 0x00, 0x00, 0x00, 0x00, 0x00, 0x00, 0x00, 0x00, 0x00, 0x00, 0x00,
    0x00, 0x00, 0x00, 0x00, 0x00, 0x00, 0x00, 0x00, 0x00, 0x00, 0x00, 0x00, 0x00, 0x00, 0x00, 0x00,
    0x00, 0x00, 0x00, 0x00, 0x00, 0x00, 0x00, 0x00, 0x00, 0x00, 0x00, 0x00, 0x00, 0x00, 0x00, 0x00,
    0x00, 0x00, 0x00, 0x00, 0x00, 0x00, 0x00, 0x00, 0x00, 0x00, 0x00, 0x00, 0x00, 0x00, 0x00, 0x00,
    0x00, 0x00, 0x00, 0x00, 0x00, 0x00, 0x00, 0x00, 0x00, 0x00, 0x00, 0x00, 0x00, 0x00, 0x00, 0x00,
    0x00, 0x00, 0x00, 0x00, 0x00, 0x00, 0x00, 0x00, 0x00, 0x00, 0x00, 0x00, 0x00, 0x00, 0x00, 0x00,
    0x00, 0x00, 0x00, 0x00, 0x00, 0x00, 0x00, 0x00, 0x00, 0x00, 0x00, 0x00, 0x00, 0x00, 0x00, 0x00,
    0x00, 0x00, 0x00, 0x00, 0x00, 0x00, 0x00, 0x00, 0x00, 0x00, 0x00, 0x00, 0x00, 0x00, 0x00, 0x00,
    0x00, 0x00, 0x00, 0x00, 0x00, 0x00, 0x00, 0x00, 0x00, 0x00, 0x00, 0x00, 0x00, 0x00, 0x00, 0x00,
    0x00, 0x00, 0x00, 0x00, 0x00, 0x00, 0x00, 0x00, 0x00, 0x00, 0x00, 0x00, 0x00, 0x00, 0x00, 0x00,
    0x00, 0x00, 0x00, 0x00, 0x00, 0x00, 0x00, 0x00, 0x00, 0x00, 0x00, 0x00, 0x00, 0x00, 0x00, 0x00,
    0x00, 0x00, 0x00, 0x00, 0x00, 0x00, 0x00, 0x00, 0x00, 0x00, 0x00, 0x00, 0x00, 0x00, 0x00, 0x00,
    0x00, 0x00, 0x00, 0x00, 0x00, 0x00, 0x00, 0x00, 0x00, 0x00, 0x00, 0x00, 0x00, 0x00, 0x00, 0x00,
    0x00, 0x00, 0x00, 0x00, 0x00, 0x00, 0x00, 0x00, 0x00, 0x00, 0x00, 0x00, 0x00, 0x00, 0x00, 0x00,
    0x00, 0x00, 0x00, 0x00, 0xff, 0xff, 0xff, 0xff, 0x1a, 0x09, 0x2f, 0xf1, 0x18, 0x00, 0x00, 0x00,
    0x10, 0x02, 0x00, 0x00, 0x1d, 0x00, 0x00, 0x00, 0x01, 0x00, 0x00, 0x00, 0x49, 0x00, 0x00, 0x00,
    0x01, 0x00, 0x00, 0x00, 0x01, 0x00, 0x00, 0x00, 0x01, 0x00, 0x00, 0x00, 0x00, 0x00, 0x00, 0x00,
    0x00, 0x00, 0x00, 0x00, 0x00, 0x00, 0x00, 0x00, 0x00, 0x00, 0x00, 0x00, 0x00, 0x00, 0x00, 0x00,
    0x00, 0x00, 0x00, 0x00, 0x00, 0x00, 0x00, 0x00, 0x00, 0x00, 0x00, 0x00, 0x00, 0x00, 0x00, 0x00,
    0x00, 0x00, 0x00, 0x00, 0x00, 0x00, 0x00, 0x00, 0x00, 0x00, 0x00, 0x00, 0x00, 0x00, 0x00, 0x00,
    0x00, 0x40, 0x00, 0x00, 0x00, 0x00, 0x00, 0x00, 0x00, 0x00, 0x00, 0x00, 0x00, 0x00, 0x00, 0x00,
    0x00, 0x00, 0x00, 0x00, 0x00, 0x00, 0x00, 0x00, 0x00, 0x00, 0x00, 0x00, 0x00, 0x00, 0x00, 0x00,
    0x00, 0x00, 0x00, 0x00, 0x00, 0x00, 0x00, 0x00, 0x00, 0x00, 0x00, 0x00, 0x00, 0x00, 0x00, 0x00,
    0x00, 0x00, 0x00, 0x00, 0x00, 0x00, 0x00, 0x00, 0x00, 0x00, 0x00, 0x00, 0x00, 0x00, 0x00, 0x00,
    0x00, 0x00, 0x00, 0x00, 0x00, 0x00, 0x00, 0x00, 0x00, 0x00, 0x00, 0x00, 0x00, 0x00, 0x00, 0x00,
    0x00, 0x00, 0x00, 0x00, 0x00, 0x00, 0x00, 0x00, 0x00, 0x00, 0x00, 0x00, 0x00, 0x00, 0x00, 0x00,
    0x00, 0x00, 0x00, 0x00, 0x00, 0x40, 0x00, 0x00, 0x00, 0x00, 0x00, 0x00, 0x00, 0x00, 0x00, 0x00,
    0x00, 0x00, 0x00, 0x00, 0x00, 0x00, 0x00, 0x00, 0x00, 0x00, 0x00, 0x00, 0x00, 0x00, 0x00, 0x00,
    0x00, 0x00, 0x00, 0x00, 0x00, 0x00, 0x00, 0x00, 0x00, 0x00, 0x00, 0x00, 0x00, 0x00, 0x00, 0x00,
    0x00, 0x00, 0x00, 0x00, 0x00, 0x00, 0x00, 0x00, 0x00, 0x00, 0x00, 0x00, 0x00, 0x00, 0x00, 0x00,
    0x00, 0x00, 0x00, 0x00, 0x00, 0x00, 0x00, 0x00, 0x00, 0x00, 0x00, 0x00, 0x00, 0x00, 0x00, 0x00,
    0x00, 0x00, 0x00, 0x00, 0x00, 0x00, 0x00, 0x00, 0x00, 0x00, 0x00, 0x00, 0x00, 0x00, 0x00, 0x00,
    0x00, 0x00, 0x00, 0x00, 0x02, 0x00, 0x00, 0x00, 0x00, 0x00, 0x00, 0x00, 0x00, 0x00, 0x00, 0x00,
    0x00, 0x00, 0x00, 0x00, 0x00, 0x00, 0x00, 0x00, 0x00, 0x00, 0x00, 0x00, 0x00, 0x00, 0x00, 0x00,
    0x00, 0x00, 0x00, 0x00, 0x00, 0x00, 0x00, 0x00, 0x00, 0x00, 0x00, 0x00, 0x00, 0x00, 0x00, 0x00,
    0x00, 0x00, 0x00, 0x00, 0x00, 0x00, 0x00, 0x00, 0x00, 0x00, 0x00, 0x00, 0x00, 0x00, 0x00, 0x00,
    0x00, 0x00, 0x00, 0x00, 0x00, 0x00, 0x00, 0x00, 0x00, 0x00, 0x00, 0x00, 0x00, 0x00, 0x00, 0x00,
    0x00, 0x00, 0x00, 0x00, 0x00, 0x00, 0x00, 0x00, 0x00, 0x00, 0x00, 0x00, 0x00, 0x00, 0x00, 0x00,
    0x00, 0x00, 0x00, 0x00, 0x00, 0x00, 0x00, 0x00, 0x00, 0x00, 0x00, 0x00, 0x00, 0x00, 0x00, 0x00,
    0x00, 0x00, 0x00, 0x00, 0x00, 0x00, 0x00, 0x00, 0x00, 0x00, 0x00, 0x00, 0x00, 0x00, 0x00, 0x00,
    0x00, 0x00, 0x00, 0x00, 0x00, 0x00, 0x00, 0x00, 0x00, 0x00, 0x00, 0x00, 0x00, 0x00, 0x00, 0x00,
    0x00, 0x00, 0x00, 0x00, 0x00, 0x00, 0x00, 0x00, 0x00, 0x00, 0x00, 0x00, 0x00, 0x00, 0x00, 0x00,
    0x00, 0x00, 0x00, 0x00, 0x00, 0x00, 0x00, 0x00, 0x00, 0x00, 0x00, 0x00, 0x00, 0x00, 0x00, 0x00,
    0x00, 0x00, 0x00, 0x00, 0x00, 0x00, 0x00, 0x00, 0x00, 0x00, 0x00, 0x00, 0x00, 0x00, 0x00, 0x00,
    0x00, 0x00, 0x00, 0x00, 0x00, 0x00, 0x00, 0x00, 0x00, 0x00, 0x00, 0x00, 0x00, 0x00, 0x00, 0x00,
    0x00, 0x00, 0x00, 0x00, 0x00, 0x00, 0x00, 0x00, 0x00, 0x00, 0x00, 0x00, 0x00, 0x00, 0x00, 0x00,
    0x00, 0x00, 0x00, 0x00, 0x00, 0x00, 0x00, 0x00, 0x00, 0x00, 0x00, 0x00, 0x00, 0x00, 0x00, 0x00,
    0x00, 0x00, 0x00, 0x00, 0x00, 0x00, 0x00, 0x00, 0x00, 0x00, 0x00, 0x00, 0x00, 0x00, 0x00, 0x00,
    0x00, 0x00, 0x00, 0x00, 0x00, 0x00, 0x00, 0x00, 0x00, 0x00, 0x00, 0x00, 0x00, 0x00, 0x00, 0x00,
    0x00, 0x00, 0x00, 0x00, 0x0c, 0x00, 0x00, 0x00, 0x18, 0x00, 0x00, 0x00, 0x00, 0x00, 0x00, 0x00,
    0x00, 0x00, 0x00, 0x00, 0x00, 0x00, 0x00, 0x00, 0x00, 0x00, 0x00, 0x00, 0x00, 0x00, 0x00, 0x00,
    0x00, 0x00, 0x00, 0x00, 0x00, 0x00, 0x00, 0x00, 0x00, 0x00, 0x00, 0x00, 0x00, 0x00, 0x00, 0x00,
    0x00, 0x00, 0x00, 0x00, 0x00, 0x00, 0x00, 0x00, 0x00, 0x00, 0x00, 0x00, 0x00, 0x00, 0x00, 0x00,
    0x00, 0x00, 0x00, 0x00, 0x00, 0x00, 0x00, 0x00, 0x00, 0x00, 0x00, 0x00, 0x00, 0x00, 0x00, 0x00,
    0x00, 0x00, 0x00, 0x00, 0x00, 0x00, 0x00, 0x00, 0x00, 0x00, 0x00, 0x00, 0x00, 0x00, 0x00, 0x00,
    0x00, 0x00, 0x00, 0x00, 0x00, 0x00, 0x00, 0x00, 0x00, 0x00, 0x00, 0x00, 0x00, 0x00, 0x00, 0x00,
    0x00, 0x00, 0x00, 0x00, 0x00, 0x00, 0x00, 0x00, 0x00, 0x00, 0x00, 0x00, 0x00, 0x00, 0x00, 0x00,
    0x00, 0x00, 0x00, 0x00, 0x00, 0x00, 0x00, 0x00, 0x00, 0x00, 0x00, 0x00, 0x00, 0x00, 0x00, 0x00,
    0x00, 0x00, 0x00, 0x00, 0x00, 0x00, 0x00, 0x00, 0x00, 0x00, 0x00, 0x00, 0x00, 0x00, 0x00, 0x00,
    0x00, 0x00, 0x00, 0x00, 0x00, 0x00, 0x00, 0x00, 0x00, 0x00, 0x00, 0x00, 0x00, 0x00, 0x00, 0x00,
    0x00, 0x00, 0x00, 0x00, 0x00, 0x00, 0x00, 0x00, 0x00, 0x00, 0x00, 0x00, 0x00, 0x00, 0x00, 0x00,
    0x00, 0x00, 0x00, 0x00, 0x00, 0x00, 0x00, 0x00, 0x00, 0x00, 0x00, 0x00, 0x00, 0x00, 0x00, 0x00,
    0x00, 0x00, 0x00, 0x00, 0x00, 0x00, 0x00, 0x00, 0x00, 0x00, 0x00, 0x00, 0x00, 0x00, 0x00, 0x00,
    0x00, 0x00, 0x00, 0x00, 0x00, 0x00, 0x00, 0x00, 0x00, 0x00, 0x00, 0x00, 0x00, 0x00, 0x00, 0x00,
    0x00, 0x00, 0x00, 0x00, 0x00, 0x00, 0x00, 0x00, 0x00, 0x00, 0x00, 0x00, 0x00, 0x00, 0x00, 0x00,
    0x00, 0x00, 0x00, 0x00, 0x00, 0x00, 0x00, 0x00, 0x00, 0x00, 0x00, 0x00, 0x00, 0x00, 0x00, 0x00,
    0x00, 0x00, 0x00, 0x00, 0x00, 0x00, 0x00, 0x00, 0x00, 0x00, 0x00, 0x00, 0x00, 0x00, 0x00, 0x00,
    0x00, 0x00, 0x00, 0x00, 0x00, 0x00, 0x00, 0x00, 0x00, 0x00, 0x00, 0x00, 0x00, 0x00, 0x00, 0x00,
    0x00, 0x00, 0x00, 0x00, 0x00, 0x00, 0x00, 0x00, 0x00, 0x00, 0x00, 0x00, 0x00, 0x00, 0x00, 0x00,
    0x00, 0x00, 0x00, 0x00, 0x00, 0x00, 0x00, 0x00, 0x00, 0x00, 0x00, 0x00, 0x00, 0x00, 0x00, 0x00,
    0x00, 0x00, 0x00, 0x00, 0x00, 0x00, 0x00, 0x00, 0x00, 0x00, 0x00, 0x00, 0x00, 0x00, 0x00, 0x00,
    0x00, 0x00, 0x00, 0x00, 0x00, 0x00, 0x00, 0x00, 0x00, 0x00, 0x00, 0x00, 0x00, 0x00, 0x00, 0x00,
    0x00, 0x00, 0x00, 0x00, 0x00, 0x00, 0x00, 0x00, 0x00, 0x00, 0x00, 0x00, 0x00, 0x00, 0x00, 0x00,
    0x00, 0x00, 0x00, 0x00, 0x00, 0x00, 0x00, 0x00, 0x00, 0x00, 0x00, 0x00, 0x00, 0x00, 0x00, 0x00,
    0x00, 0x00, 0x00, 0x00, 0x00, 0x00, 0x00, 0x00, 0x00, 0x00, 0x00, 0x00, 0x00, 0x00, 0x00, 0x00,
    0x00, 0x00, 0x00, 0x00, 0x00, 0x00, 0x00, 0x00, 0x00, 0x00, 0x00, 0x00, 0x00, 0x00, 0x00, 0x00,
    0x00, 0x00, 0x00, 0x00, 0x00, 0x00, 0x00, 0x00, 0x00, 0x00, 0x00, 0x00, 0x00, 0x00, 0x00, 0x00,
    0x00, 0x00, 0x00, 0x00, 0x00, 0x00, 0x00, 0x00, 0x00, 0x00, 0x00, 0x00, 0x00, 0x00, 0x00, 0x00,
    0x00, 0x00, 0x00, 0x00, 0x1a, 0x00, 0x25, 0x11, 0x00, 0x00, 0x00, 0x00, 0xfc, 0x00, 0x00, 0x00,
    0x01, 0x00, 0x66, 0x72, 0x61, 0x67, 0x6d, 0x65, 0x6e, 0x74, 0x4d, 0x61, 0x69, 0x6e, 0x00, 0x00,
    0x2a, 0x00, 0x64, 0x11, 0x09, 0x10, 0x00, 0x00, 0x00, 0x00, 0x00, 0x00, 0x00, 0x00, 0x00, 0x00,
    0x00, 0x00, 0x00, 0x00, 0x00, 0x00, 0x00, 0x00, 0x07, 0x00, 0x67, 0x54, 0x65, 0x78, 0x74, 0x75,
    0x72, 0x65, 0x32, 0x44, 0x41, 0x72, 0x72, 0x61, 0x79, 0x5f, 0x30, 0x00, 0x26, 0x00, 0x64, 0x11,
    0x0c, 0x10, 0x00, 0x00, 0x00, 0x00, 0x00, 0x00, 0x00, 0x00, 0x00, 0x00, 0x00, 0x00, 0x00, 0x00,
    0x00, 0x00, 0x00, 0x00, 0x06, 0x00, 0x67, 0x53, 0x61, 0x6d, 0x70, 0x6c, 0x65, 0x72, 0x5f, 0x30,
    0x00, 0x00, 0x00, 0x00, 0x00, 0x00, 0x00, 0x00, 0x00, 0x00, 0x00, 0x00, 0x00, 0x00, 0x00, 0x00,
    0x00, 0x00, 0x00, 0x00, 0x00, 0x00, 0x00, 0x00, 0x00, 0x00, 0x00, 0x00, 0x00, 0x00, 0x00, 0x00,
    0x00, 0x00, 0x00, 0x00, 0x00, 0x00, 0x00, 0x00, 0x00, 0x00, 0x00, 0x00, 0x00, 0x00, 0x00, 0x00,
    0x00, 0x00, 0x00, 0x00, 0x00, 0x00, 0x00, 0x00, 0x00, 0x00, 0x00, 0x00, 0x00, 0x00, 0x00, 0x00,
    0x00, 0x00, 0x00, 0x00, 0x00, 0x00, 0x00, 0x00, 0x00, 0x00, 0x00, 0x00, 0x00, 0x00, 0x00, 0x00,
    0x00, 0x00, 0x00, 0x00, 0x00, 0x00, 0x00, 0x00, 0x00, 0x00, 0x00, 0x00, 0x00, 0x00, 0x00, 0x00,
    0x00, 0x00, 0x00, 0x00, 0x00, 0x00, 0x00, 0x00, 0x00, 0x00, 0x00, 0x00, 0x00, 0x00, 0x00, 0x00,
    0x00, 0x00, 0x00, 0x00, 0x00, 0x00, 0x00, 0x00, 0x00, 0x00, 0x00, 0x00, 0x00, 0x00, 0x00, 0x00,
    0x00, 0x00, 0x00, 0x00, 0x00, 0x00, 0x00, 0x00, 0x00, 0x00, 0x00, 0x00, 0x00, 0x00, 0x00, 0x00,
    0x00, 0x00, 0x00, 0x00, 0x00, 0x00, 0x00, 0x00, 0x00, 0x00, 0x00, 0x00, 0x00, 0x00, 0x00, 0x00,
    0x00, 0x00, 0x00, 0x00, 0x00, 0x00, 0x00, 0x00, 0x00, 0x00, 0x00, 0x00, 0x00, 0x00, 0x00, 0x00,
    0x00, 0x00, 0x00, 0x00, 0x00, 0x00, 0x00, 0x00, 0x00, 0x00, 0x00, 0x00, 0x00, 0x00, 0x00, 0x00,
    0x00, 0x00, 0x00, 0x00, 0x00, 0x00, 0x00, 0x00, 0x00, 0x00, 0x00, 0x00, 0x00, 0x00, 0x00, 0x00,
    0x00, 0x00, 0x00, 0x00, 0x00, 0x00, 0x00, 0x00, 0x00, 0x00, 0x00, 0x00, 0x00, 0x00, 0x00, 0x00,
    0x00, 0x00, 0x00, 0x00, 0x00, 0x00, 0x00, 0x00, 0x00, 0x00, 0x00, 0x00, 0x00, 0x00, 0x00, 0x00,
    0x00, 0x00, 0x00, 0x00, 0x00, 0x00, 0x00, 0x00, 0x00, 0x00, 0x00, 0x00, 0x00, 0x00, 0x00, 0x00,
    0x00, 0x00, 0x00, 0x00, 0x00, 0x00, 0x00, 0x00, 0x00, 0x00, 0x00, 0x00, 0x00, 0x00, 0x00, 0x00,
    0x00, 0x00, 0x00, 0x00, 0x00, 0x00, 0x00, 0x00, 0x00, 0x00, 0x00, 0x00, 0x00, 0x00, 0x00, 0x00,
    0x00, 0x00, 0x00, 0x00, 0x00, 0x00, 0x00, 0x00, 0x00, 0x00, 0x00, 0x00, 0x00, 0x00, 0x00, 0x00,
    0x00, 0x00, 0x00, 0x00, 0x00, 0x00, 0x00, 0x00, 0x00, 0x00, 0x00, 0x00, 0x00, 0x00, 0x00, 0x00,
    0x00, 0x00, 0x00, 0x00, 0x00, 0x00, 0x00, 0x00, 0x00, 0x00, 0x00, 0x00, 0x00, 0x00, 0x00, 0x00,
    0x00, 0x00, 0x00, 0x00, 0x00, 0x00, 0x00, 0x00, 0x00, 0x00, 0x00, 0x00, 0x00, 0x00, 0x00, 0x00,
    0x00, 0x00, 0x00, 0x00, 0x00, 0x00, 0x00, 0x00, 0x00, 0x00, 0x00, 0x00, 0x00, 0x00, 0x00, 0x00,
    0x00, 0x00, 0x00, 0x00, 0x00, 0x00, 0x00, 0x00, 0x00, 0x00, 0x00, 0x00, 0x00, 0x00, 0x00, 0x00,
    0x00, 0x00, 0x00, 0x00, 0x00, 0x00, 0x00, 0x00, 0x00, 0x00, 0x00, 0x00, 0x00, 0x00, 0x00, 0x00,
    0x00, 0x00, 0x00, 0x00, 0x10, 0x00, 0x00, 0x00, 0x00, 0x00, 0x00, 0x00, 0x00, 0x00, 0x00, 0x00,
    0x00, 0x00, 0x00, 0x00, 0x00, 0x00, 0x00, 0x00, 0x00, 0x00, 0x00, 0x00, 0x00, 0x00, 0x00, 0x00,
    0xff, 0xff, 0xff, 0xff, 0x1a, 0x09, 0x2f, 0xf1, 0x00, 0x00, 0x00, 0x00, 0x00, 0x00, 0x00, 0x00,
    0x00, 0x00, 0x00, 0x00, 0x00, 0x00, 0x00, 0x00, 0x00, 0x00, 0x00, 0x00, 0x00, 0x00, 0x00, 0x00,
    0x00, 0x00, 0x00, 0x00, 0x00, 0x00, 0x00, 0x00, 0x00, 0x00, 0x00, 0x00, 0x00, 0x00, 0x00, 0x00,
    0x00, 0x00, 0x00, 0x00, 0x00, 0x00, 0x00, 0x00, 0x00, 0x00, 0x00, 0x00, 0x00, 0x00, 0x00, 0x00,
    0x00, 0x00, 0x00, 0x00, 0x00, 0x00, 0x00, 0x00, 0x00, 0x00, 0x00, 0x00, 0x00, 0x00, 0x00, 0x00,
    0x00, 0x00, 0x00, 0x00, 0x00, 0x00, 0x00, 0x00, 0x00, 0x00, 0x00, 0x00, 0x00, 0x00, 0x00, 0x00,
    0x00, 0x00, 0x00, 0x00, 0x00, 0x00, 0x00, 0x00, 0x00, 0x00, 0x00, 0x00, 0x00, 0x00, 0x00, 0x00,
    0x00, 0x00, 0x00, 0x00, 0x00, 0x00, 0x00, 0x00, 0x00, 0x00, 0x00, 0x00, 0x00, 0x00, 0x00, 0x00,
    0x00, 0x00, 0x00, 0x00, 0x00, 0x00, 0x00, 0x00, 0x00, 0x00, 0x00, 0x00, 0x00, 0x00, 0x00, 0x00,
    0x00, 0x00, 0x00, 0x00, 0x00, 0x00, 0x00, 0x00, 0x00, 0x00, 0x00, 0x00, 0x00, 0x00, 0x00, 0x00,
    0x00, 0x00, 0x00, 0x00, 0x00, 0x00, 0x00, 0x00, 0x00, 0x00, 0x00, 0x00, 0x00, 0x00, 0x00, 0x00,
    0x00, 0x00, 0x00, 0x00, 0x00, 0x00, 0x00, 0x00, 0x00, 0x00, 0x00, 0x00, 0x00, 0x00, 0x00, 0x00,
    0x00, 0x00, 0x00, 0x00, 0x00, 0x00, 0x00, 0x00, 0x00, 0x00, 0x00, 0x00, 0x00, 0x00, 0x00, 0x00,
    0x00, 0x00, 0x00, 0x00, 0x00, 0x00, 0x00, 0x00, 0x00, 0x00, 0x00, 0x00, 0x00, 0x00, 0x00, 0x00,
    0x00, 0x00, 0x00, 0x00, 0x00, 0x00, 0x00, 0x00, 0x00, 0x00, 0x00, 0x00, 0x00, 0x00, 0x00, 0x00,
    0x00, 0x00, 0x00, 0x00, 0x00, 0x00, 0x00, 0x00, 0x00, 0x00, 0x00, 0x00, 0x00, 0x00, 0x00, 0x00,
    0x00, 0x00, 0x00, 0x00, 0x00, 0x00, 0x00, 0x00, 0x00, 0x00, 0x00, 0x00, 0x00, 0x00, 0x00, 0x00,
    0x00, 0x00, 0x00, 0x00, 0x00, 0x00, 0x00, 0x00, 0x00, 0x00, 0x00, 0x00, 0x00, 0x00, 0x00, 0x00,
    0x00, 0x00, 0x00, 0x00, 0x00, 0x00, 0x00, 0x00, 0x00, 0x00, 0x00, 0x00, 0x00, 0x00, 0x00, 0x00,
    0x00, 0x00, 0x00, 0x00, 0x00, 0x00, 0x00, 0x00, 0x00, 0x00, 0x00, 0x00, 0x00, 0x00, 0x00, 0x00,
    0x00, 0x00, 0x00, 0x00, 0x00, 0x00, 0x00, 0x00, 0x00, 0x00, 0x00, 0x00, 0x00, 0x00, 0x00, 0x00,
    0x00, 0x00, 0x00, 0x00, 0x00, 0x00, 0x00, 0x00, 0x00, 0x00, 0x00, 0x00, 0x00, 0x00, 0x00, 0x00,
    0x00, 0x00, 0x00, 0x00, 0x00, 0x00, 0x00, 0x00, 0x00, 0x00, 0x00, 0x00, 0x00, 0x00, 0x00, 0x00,
    0x00, 0x00, 0x00, 0x00, 0x00, 0x00, 0x00, 0x00, 0x00, 0x00, 0x00, 0x00, 0x00, 0x00, 0x00, 0x00,
    0x00, 0x00, 0x00, 0x00, 0x00, 0x00, 0x00, 0x00, 0x00, 0x00, 0x00, 0x00, 0x00, 0x00, 0x00, 0x00,
    0x00, 0x00, 0x00, 0x00, 0x00, 0x00, 0x00, 0x00, 0x00, 0x00, 0x00, 0x00, 0x00, 0x00, 0x00, 0x00,
    0x00, 0x00, 0x00, 0x00, 0x00, 0x00, 0x00, 0x00, 0x00, 0x00, 0x00, 0x00, 0x00, 0x00, 0x00, 0x00,
    0x00, 0x00, 0x00, 0x00, 0x00, 0x00, 0x00, 0x00, 0x00, 0x00, 0x00, 0x00, 0x00, 0x00, 0x00, 0x00,
    0x00, 0x00, 0x00, 0x00, 0x00, 0x00, 0x00, 0x00, 0x00, 0x00, 0x00, 0x00, 0x00, 0x00, 0x00, 0x00,
    0x00, 0x00, 0x00, 0x00, 0x00, 0x00, 0x00, 0x00, 0x00, 0x00, 0x00, 0x00, 0x00, 0x00, 0x00, 0x00,
    0x00, 0x00, 0x00, 0x00, 0x94, 0x2e, 0x31, 0x01, 0x2e, 0xb6, 0xd7, 0x68, 0x01, 0x00, 0x00, 0x00,
    0xda, 0xe8, 0x17, 0xa0, 0x3c, 0xe7, 0x18, 0x43, 0xa9, 0x87, 0xa5, 0x8d, 0x76, 0x8a, 0xaa, 0x88,
    0x2e, 0x00, 0x00, 0x00, 0x2f, 0x4c, 0x69, 0x6e, 0x6b, 0x49, 0x6e, 0x66, 0x6f, 0x00, 0x2f, 0x6e,
    0x61, 0x6d, 0x65, 0x73, 0x00, 0x2f, 0x73, 0x72, 0x63, 0x2f, 0x68, 0x65, 0x61, 0x64, 0x65, 0x72,
    0x62, 0x6c, 0x6f, 0x63, 0x6b, 0x00, 0x2f, 0x73, 0x72, 0x63, 0x2f, 0x66, 0x69, 0x6c, 0x65, 0x73,
    0x2f, 0x00, 0x04, 0x00, 0x00, 0x00, 0x06, 0x00, 0x00, 0x00, 0x01, 0x00, 0x00, 0x00, 0x1e, 0x00,
    0x00, 0x00, 0x00, 0x00, 0x00, 0x00, 0x11, 0x00, 0x00, 0x00, 0x07, 0x00, 0x00, 0x00, 0x22, 0x00,
    0x00, 0x00, 0x08, 0x00, 0x00, 0x00, 0x0a, 0x00, 0x00, 0x00, 0x06, 0x00, 0x00, 0x00, 0x00, 0x00,
    0x00, 0x00, 0x05, 0x00, 0x00, 0x00, 0x00, 0x00, 0x00, 0x00, 0xdc, 0x51, 0x33, 0x01, 0x69, 0x6e,
    0x00, 0x6e, 0x6f, 0x6e, 0x65, 0x00, 0x00, 0x00, 0x00, 0x00, 0x00, 0x00, 0x00, 0x00, 0x00, 0x00,
    0x00, 0x00, 0x00, 0x00, 0x00, 0x00, 0x00, 0x00, 0x00, 0x00, 0x00, 0x00, 0x00, 0x00, 0x00, 0x00,
    0x00, 0x00, 0x00, 0x00, 0x00, 0x00, 0x00, 0x00, 0x00, 0x00, 0x00, 0x00, 0x00, 0x00, 0x00, 0x00,
    0x00, 0x00, 0x00, 0x00, 0x00, 0x00, 0x00, 0x00, 0x00, 0x00, 0x00, 0x00, 0x00, 0x00, 0x00, 0x00,
    0x00, 0x00, 0x00, 0x00, 0x00, 0x00, 0x00, 0x00, 0x00, 0x00, 0x00, 0x00, 0x00, 0x00, 0x00, 0x00,
    0x00, 0x00, 0x00, 0x00, 0x00, 0x00, 0x00, 0x00, 0x00, 0x00, 0x00, 0x00, 0x00, 0x00, 0x00, 0x00,
    0x00, 0x00, 0x00, 0x00, 0x00, 0x00, 0x00, 0x00, 0x00, 0x00, 0x00, 0x00, 0x00, 0x00, 0x00, 0x00,
    0x00, 0x00, 0x00, 0x00, 0x00, 0x00, 0x00, 0x00, 0x00, 0x00, 0x00, 0x00, 0x00, 0x00, 0x00, 0x00,
    0x00, 0x00, 0x00, 0x00, 0x00, 0x00, 0x00, 0x00, 0x00, 0x00, 0x00, 0x00, 0x00, 0x00, 0x00, 0x00,
    0x00, 0x00, 0x00, 0x00, 0x00, 0x00, 0x00, 0x00, 0x00, 0x00, 0x00, 0x00, 0x00, 0x00, 0x00, 0x00,
    0x00, 0x00, 0x00, 0x00, 0x00, 0x00, 0x00, 0x00, 0x00, 0x00, 0x00, 0x00, 0x00, 0x00, 0x00, 0x00,
    0x00, 0x00, 0x00, 0x00, 0x00, 0x00, 0x00, 0x00, 0x00, 0x00, 0x00, 0x00, 0x00, 0x00, 0x00, 0x00,
    0x00, 0x00, 0x00, 0x00, 0x00, 0x00, 0x00, 0x00, 0x00, 0x00, 0x00, 0x00, 0x00, 0x00, 0x00, 0x00,
    0x00, 0x00, 0x00, 0x00, 0x00, 0x00, 0x00, 0x00, 0x00, 0x00, 0x00, 0x00, 0x00, 0x00, 0x00, 0x00,
    0x00, 0x00, 0x00, 0x00, 0x00, 0x00, 0x00, 0x00, 0x00, 0x00, 0x00, 0x00, 0x00, 0x00, 0x00, 0x00,
    0x00, 0x00, 0x00, 0x00, 0x00, 0x00, 0x00, 0x00, 0x00, 0x00, 0x00, 0x00, 0x00, 0x00, 0x00, 0x00,
    0x00, 0x00, 0x00, 0x00, 0x00, 0x00, 0x00, 0x00, 0x00, 0x00, 0x00, 0x00, 0x00, 0x00, 0x00, 0x00,
    0x00, 0x00, 0x00, 0x00, 0x00, 0x00, 0x00, 0x00, 0x00, 0x00, 0x00, 0x00, 0x00, 0x00, 0x00, 0x00,
    0x00, 0x00, 0x00, 0x00, 0x00, 0x00, 0x00, 0x00, 0x00, 0x00, 0x00, 0x00, 0x00, 0x00, 0x00, 0x00,
    0x00, 0x00, 0x00, 0x00, 0x00, 0x00, 0x00, 0x00, 0x00, 0x00, 0x00, 0x00, 0x00, 0x00, 0x00, 0x00,
    0x00, 0x00, 0x00, 0x00, 0x00, 0x00, 0x00, 0x00, 0x00, 0x00, 0x00, 0x00, 0x00, 0x00, 0x00, 0x00,
    0x00, 0x00, 0x00, 0x00, 0x00, 0x00, 0x00, 0x00, 0x00, 0x00, 0x00, 0x00, 0x00, 0x00, 0x00, 0x00,
    0x00, 0x00, 0x00, 0x00, 0x00, 0x00, 0x00, 0x00, 0x00, 0x00, 0x00, 0x00, 0x00, 0x00, 0x00, 0x00,
    0x00, 0x00, 0x00, 0x00, 0xff, 0xff, 0xff, 0xff, 0x77, 0x09, 0x31, 0x01, 0x01, 0x00, 0x00, 0x00,
    0x0d, 0x00, 0x00, 0x8e, 0x0e, 0x00, 0x3f, 0x5c, 0x0f, 0x00, 0x00, 0x00, 0x54, 0x00, 0x00, 0x00,
    0x20, 0x00, 0x00, 0x00, 0x2c, 0x00, 0x00, 0x00, 0x38, 0x00, 0x00, 0x00, 0x00, 0x00, 0x00, 0x00,
    0x00, 0x00, 0x00, 0x00, 0x16, 0x00, 0x00, 0x00, 0x19, 0x00, 0x00, 0x00, 0x00, 0x00, 0x00, 0x00,
    0x00, 0x00, 0x00, 0x00, 0x00, 0x00, 0x00, 0x00, 0x01, 0x00, 0x00, 0x00, 0x00, 0x00, 0x00, 0x00,
    0xb8, 0x00, 0x00, 0x00, 0x20, 0x00, 0x00, 0x60, 0x00, 0x00, 0x00, 0x00, 0x00, 0x00, 0x00, 0x00,
    0x00, 0x00, 0x00, 0x00, 0x02, 0x00, 0x09, 0x00, 0x98, 0x02, 0x00, 0x00, 0x00, 0x00, 0x00, 0x00,
    0xb4, 0x00, 0x00, 0x00, 0x02, 0x00, 0x00, 0x00, 0x00, 0x00, 0x00, 0x00, 0x00, 0x00, 0x00, 0x00,
    0x00, 0x00, 0x00, 0x00, 0x66, 0x72, 0x61, 0x67, 0x6d, 0x65, 0x6e, 0x74, 0x4d, 0x61, 0x69, 0x6e,
    0x00, 0x6e, 0x6f, 0x6e, 0x65, 0x00, 0x00, 0x00, 0x2d, 0xba, 0x2e, 0xf1, 0x01, 0x00, 0x00, 0x00,
    0x00, 0x00, 0x00, 0x00, 0xb8, 0x00, 0x00, 0x00, 0x20, 0x00, 0x00, 0x60, 0x00, 0x00, 0x00, 0x00,
    0x00, 0x00, 0x00, 0x00, 0x00, 0x00, 0x00, 0x00, 0x02, 0x00, 0x02, 0x00, 0x07, 0x00, 0x00, 0x00,
    0x00, 0x00, 0x01, 0x00, 0xff, 0xff, 0xff, 0xff, 0x00, 0x00, 0x00, 0x00, 0xb8, 0x00, 0x00, 0x00,
    0x08, 0x02, 0x00, 0x00, 0x00, 0x00, 0x00, 0x00, 0xff, 0xff, 0xff, 0xff, 0x00, 0x00, 0x00, 0x00,
    0xff, 0xff, 0xff, 0xff, 0x01, 0x00, 0x02, 0x00, 0x00, 0x00, 0x02, 0x00, 0x00, 0x00, 0x00, 0x00,
    0x01, 0x00, 0x00, 0x00, 0x00, 0x72, 0x65, 0x73, 0x6f, 0x75, 0x72, 0x63, 0x65, 0x73, 0x2f, 0x53,
    0x68, 0x61, 0x64, 0x65, 0x72, 0x73, 0x2f, 0x53, 0x6f, 0x75, 0x72, 0x63, 0x65, 0x2f, 0x42, 0x6c,
    0x69, 0x74, 0x2e, 0x73, 0x6c, 0x61, 0x6e, 0x67, 0x00, 0x00, 0x00, 0x00, 0xfe, 0xef, 0xfe, 0xef,
    0x01, 0x00, 0x00, 0x00, 0x01, 0x00, 0x00, 0x00, 0x00, 0x01, 0x00, 0x00, 0x00, 0x00, 0x00, 0x00,
    0x00, 0x00, 0x00, 0x00, 0x00, 0xff, 0xff, 0xff, 0xff, 0xff, 0xff, 0xff, 0xff, 0xff, 0xff, 0x0c,
    0x00, 0xff, 0xff, 0xff, 0xff, 0xff, 0xff, 0xff, 0xff, 0xff, 0xff, 0x00, 0x00, 0x00, 0x00, 0x00,
    0x00, 0x00, 0x00, 0x00, 0x00, 0x00, 0x00, 0x00, 0x00, 0x00, 0x00, 0x00, 0x00, 0x00, 0x00, 0x00,
    0x00, 0x00, 0x00, 0x00, 0x00, 0x00, 0x00, 0x00, 0x00, 0x00, 0x00, 0x00, 0x00, 0x00, 0x00, 0x00,
    0x00, 0x00, 0x00, 0x00, 0x00, 0x00, 0x00, 0x00, 0x00, 0x00, 0x00, 0x00, 0x00, 0x00, 0x00, 0x00,
    0x00, 0x00, 0x00, 0x00, 0x00, 0x00, 0x00, 0x00, 0x00, 0x00, 0x00, 0x00, 0x00, 0x00, 0x00, 0x00,
    0x00, 0x00, 0x00, 0x00, 0x00, 0x00, 0x00, 0x00, 0x00, 0x00, 0x00, 0x00, 0x00, 0x00, 0x00, 0x00,
    0x00, 0x00, 0x00, 0x00, 0x00, 0x00, 0x00, 0x00, 0x00, 0x00, 0x00, 0x00, 0x00, 0x00, 0x00, 0x00,
    0x00, 0x00, 0x00, 0x00, 0x00, 0x00, 0x00, 0x00, 0x00, 0x00, 0x00, 0x00, 0x00, 0x00, 0x00, 0x00,
    0x00, 0x00, 0x00, 0x00, 0x00, 0x00, 0x00, 0x00, 0x00, 0x00, 0x00, 0x00, 0x00, 0x00, 0x00, 0x00,
    0x00, 0x00, 0x00, 0x00, 0x00, 0x00, 0x00, 0x00, 0x00, 0x00, 0x00, 0x00, 0x00, 0x00, 0x00, 0x00,
    0x00, 0x00, 0x00, 0x00, 0x00, 0x00, 0x00, 0x00, 0x00, 0x00, 0x00, 0x00, 0x00, 0x00, 0x00, 0x00,
    0x00, 0x00, 0x00, 0x00, 0x00, 0x00, 0x00, 0x00, 0x00, 0x00, 0x00, 0x00, 0x00, 0x00, 0x00, 0x00,
    0x00, 0x00, 0x00, 0x00, 0x10, 0x00, 0x00, 0x00, 0x20, 0x00, 0x00, 0x00, 0x8a, 0x00, 0x00, 0x00,
    0x34, 0x01, 0x00, 0x00, 0x47, 0x01, 0x00, 0x00, 0x38, 0x00, 0x00, 0x00, 0x00, 0x00, 0x00, 0x00,
    0xfe, 0x02, 0x00, 0x00, 0x80, 0x00, 0x00, 0x00, 0xb3, 0x02, 0x00, 0x00, 0x5c, 0x03, 0x00, 0x00,
    0x3c, 0x00, 0x00, 0x00, 0x00, 0x00, 0x00, 0x00, 0x28, 0x00, 0x00, 0x00, 0x38, 0x02, 0x00, 0x00,
    0x2c, 0x00, 0x00, 0x00, 0x70, 0x00, 0x00, 0x00, 0x03, 0x00, 0x00, 0x00, 0x15, 0x00, 0x00, 0x00,
    0x0e, 0x00, 0x00, 0x00, 0x16, 0x00, 0x00, 0x00, 0x0f, 0x00, 0x00, 0x00, 0x0a, 0x00, 0x00, 0x00,
    0x06, 0x00, 0x00, 0x00, 0x0b, 0x00, 0x00, 0x00, 0x08, 0x00, 0x00, 0x00, 0x09, 0x00, 0x00, 0x00,
    0x0c, 0x00, 0x00, 0x00, 0x0d, 0x00, 0x00, 0x00, 0x07, 0x00, 0x00, 0x00, 0x10, 0x00, 0x00, 0x00,
    0x11, 0x00, 0x00, 0x00, 0x12, 0x00, 0x00, 0x00, 0x14, 0x00, 0x00, 0x00, 0x13, 0x00, 0x00, 0x00,
    0x00, 0x00, 0x00, 0x00, 0x00, 0x00, 0x00, 0x00, 0x00, 0x00, 0x00, 0x00, 0x00, 0x00, 0x00, 0x00,
    0x00, 0x00, 0x00, 0x00, 0x00, 0x00, 0x00, 0x00, 0x00, 0x00, 0x00, 0x00, 0x00, 0x00, 0x00, 0x00,
    0x00, 0x00, 0x00, 0x00, 0x00, 0x00, 0x00, 0x00, 0x00, 0x00, 0x00, 0x00, 0x00, 0x00, 0x00, 0x00,
    0x00, 0x00, 0x00, 0x00, 0x00, 0x00, 0x00, 0x00, 0x00, 0x00, 0x00, 0x00, 0x00, 0x00, 0x00, 0x00,
    0x00, 0x00, 0x00, 0x00, 0x00, 0x00, 0x00, 0x00, 0x00, 0x00, 0x00, 0x00, 0x00, 0x00, 0x00, 0x00,
    0x00, 0x00, 0x00, 0x00, 0x00, 0x00, 0x00, 0x00, 0x00, 0x00, 0x00, 0x00, 0x00, 0x00, 0x00, 0x00,
    0x00, 0x00, 0x00, 0x00, 0x00, 0x00, 0x00, 0x00, 0x00, 0x00, 0x00, 0x00, 0x00, 0x00, 0x00, 0x00,
    0x00, 0x00, 0x00, 0x00, 0x00, 0x00, 0x00, 0x00, 0x00, 0x00, 0x00, 0x00, 0x00, 0x00, 0x00, 0x00,
    0x00, 0x00, 0x00, 0x00, 0x00, 0x00, 0x00, 0x00, 0x00, 0x00, 0x00, 0x00, 0x00, 0x00, 0x00, 0x00,
    0x00, 0x00, 0x00, 0x00, 0x00, 0x00, 0x00, 0x00, 0x00, 0x00, 0x00, 0x00, 0x00, 0x00, 0x00, 0x00,
    0x00, 0x00, 0x00, 0x00, 0x00, 0x00, 0x00, 0x00, 0x00, 0x00, 0x00, 0x00, 0x00, 0x00, 0x00, 0x00,
    0x00, 0x00, 0x00, 0x00, 0x00, 0x00, 0x00, 0x00, 0x00, 0x00, 0x00, 0x00, 0x00, 0x00, 0x00, 0x00,
    0x00, 0x00, 0x00, 0x00, 0x00, 0x00, 0x00, 0x00, 0x00, 0x00, 0x00, 0x00, 0x00, 0x00, 0x00, 0x00,
    0x00, 0x00, 0x00, 0x00, 0x00, 0x00, 0x00, 0x00, 0x00, 0x00, 0x00, 0x00, 0x00, 0x00, 0x00, 0x00,
    0x00, 0x00, 0x00, 0x00, 0x00, 0x00, 0x00, 0x00, 0x00, 0x00, 0x00, 0x00, 0x00, 0x00, 0x00, 0x00,
    0x00, 0x00, 0x00, 0x00, 0x00, 0x00, 0x00, 0x00, 0x00, 0x00, 0x00, 0x00, 0x00, 0x00, 0x00, 0x00,
    0x00, 0x00, 0x00, 0x00, 0x00, 0x00, 0x00, 0x00, 0x00, 0x00, 0x00, 0x00, 0x00, 0x00, 0x00, 0x00,
    0x00, 0x00, 0x00, 0x00, 0x00, 0x00, 0x00, 0x00, 0x00, 0x00, 0x00, 0x00, 0x00, 0x00, 0x00, 0x00,
    0x00, 0x00, 0x00, 0x00, 0x00, 0x00, 0x00, 0x00, 0x00, 0x00, 0x00, 0x00, 0x00, 0x00, 0x00, 0x00,
    0x00, 0x00, 0x00, 0x00, 0x00, 0x00, 0x00, 0x00, 0x00, 0x00, 0x00, 0x00, 0x00, 0x00, 0x00, 0x00,
    0x00, 0x00, 0x00, 0x00, 0x00, 0x00, 0x00, 0x00, 0x00, 0x00, 0x00, 0x00, 0x00, 0x00, 0x00, 0x00,
    0x00, 0x00, 0x00, 0x00, 0x00, 0x00, 0x00, 0x00, 0x00, 0x00, 0x00, 0x00, 0x00, 0x00, 0x00, 0x00,
    0x00, 0x00, 0x00, 0x00, 0x00, 0x00, 0x00, 0x00, 0x00, 0x00, 0x00, 0x00, 0x00, 0x00, 0x00, 0x00,
    0x00, 0x00, 0x00, 0x00, 0x17, 0x00, 0x00, 0x00, 0x00, 0x00, 0x00, 0x00, 0x00, 0x00, 0x00, 0x00,
    0x00, 0x00, 0x00, 0x00, 0x00, 0x00, 0x00, 0x00, 0x00, 0x00, 0x00, 0x00, 0x00, 0x00, 0x00, 0x00,
    0x00, 0x00, 0x00, 0x00, 0x00, 0x00, 0x00, 0x00, 0x00, 0x00, 0x00, 0x00, 0x00, 0x00, 0x00, 0x00,
    0x00, 0x00, 0x00, 0x00, 0x00, 0x00, 0x00, 0x00, 0x00, 0x00, 0x00, 0x00, 0x00, 0x00, 0x00, 0x00,
    0x00, 0x00, 0x00, 0x00, 0x00, 0x00, 0x00, 0x00, 0x00, 0x00, 0x00, 0x00, 0x00, 0x00, 0x00, 0x00,
    0x00, 0x00, 0x00, 0x00, 0x00, 0x00, 0x00, 0x00, 0x00, 0x00, 0x00, 0x00, 0x00, 0x00, 0x00, 0x00,
    0x00, 0x00, 0x00, 0x00, 0x00, 0x00, 0x00, 0x00, 0x00, 0x00, 0x00, 0x00, 0x00, 0x00, 0x00, 0x00,
    0x00, 0x00, 0x00, 0x00, 0x00, 0x00, 0x00, 0x00, 0x00, 0x00, 0x00, 0x00, 0x00, 0x00, 0x00, 0x00,
    0x00, 0x00, 0x00, 0x00, 0x00, 0x00, 0x00, 0x00, 0x00, 0x00, 0x00, 0x00, 0x00, 0x00, 0x00, 0x00,
    0x00, 0x00, 0x00, 0x00, 0x00, 0x00, 0x00, 0x00, 0x00, 0x00, 0x00, 0x00, 0x00, 0x00, 0x00, 0x00,
    0x00, 0x00, 0x00, 0x00, 0x00, 0x00, 0x00, 0x00, 0x00, 0x00, 0x00, 0x00, 0x00, 0x00, 0x00, 0x00,
    0x00, 0x00, 0x00, 0x00, 0x00, 0x00, 0x00, 0x00, 0x00, 0x00, 0x00, 0x00, 0x00, 0x00, 0x00, 0x00,
    0x00, 0x00, 0x00, 0x00, 0x00, 0x00, 0x00, 0x00, 0x00, 0x00, 0x00, 0x00, 0x00, 0x00, 0x00, 0x00,
    0x00, 0x00, 0x00, 0x00, 0x00, 0x00, 0x00, 0x00, 0x00, 0x00, 0x00, 0x00, 0x00, 0x00, 0x00, 0x00,
    0x00, 0x00, 0x00, 0x00, 0x00, 0x00, 0x00, 0x00, 0x00, 0x00, 0x00, 0x00, 0x00, 0x00, 0x00, 0x00,
    0x00, 0x00, 0x00, 0x00, 0x00, 0x00, 0x00, 0x00, 0x00, 0x00, 0x00, 0x00, 0x00, 0x00, 0x00, 0x00,
    0x00, 0x00, 0x00, 0x00, 0x00, 0x00, 0x00, 0x00, 0x00, 0x00, 0x00, 0x00, 0x00, 0x00, 0x00, 0x00,
    0x00, 0x00, 0x00, 0x00, 0x00, 0x00, 0x00, 0x00, 0x00, 0x00, 0x00, 0x00, 0x00, 0x00, 0x00, 0x00,
    0x00, 0x00, 0x00, 0x00, 0x00, 0x00, 0x00, 0x00, 0x00, 0x00, 0x00, 0x00, 0x00, 0x00, 0x00, 0x00,
    0x00, 0x00, 0x00, 0x00, 0x00, 0x00, 0x00, 0x00, 0x00, 0x00, 0x00, 0x00, 0x00, 0x00, 0x00, 0x00,
    0x00, 0x00, 0x00, 0x00, 0x00, 0x00, 0x00, 0x00, 0x00, 0x00, 0x00, 0x00, 0x00, 0x00, 0x00, 0x00,
    0x00, 0x00, 0x00, 0x00, 0x00, 0x00, 0x00, 0x00, 0x00, 0x00, 0x00, 0x00, 0x00, 0x00, 0x00, 0x00,
    0x00, 0x00, 0x00, 0x00, 0x00, 0x00, 0x00, 0x00, 0x00, 0x00, 0x00, 0x00, 0x00, 0x00, 0x00, 0x00,
    0x00, 0x00, 0x00, 0x00, 0x00, 0x00, 0x00, 0x00, 0x00, 0x00, 0x00, 0x00, 0x00, 0x00, 0x00, 0x00,
    0x00, 0x00, 0x00, 0x00, 0x00, 0x00, 0x00, 0x00, 0x00, 0x00, 0x00, 0x00, 0x00, 0x00, 0x00, 0x00,
    0x00, 0x00, 0x00, 0x00, 0x00, 0x00, 0x00, 0x00, 0x00, 0x00, 0x00, 0x00, 0x00, 0x00, 0x00, 0x00,
    0x00, 0x00, 0x00, 0x00, 0x00, 0x00, 0x00, 0x00, 0x00, 0x00, 0x00, 0x00, 0x00, 0x00, 0x00, 0x00,
    0x00, 0x00, 0x00, 0x00, 0x00, 0x00, 0x00, 0x00, 0x00, 0x00, 0x00, 0x00, 0x00, 0x00, 0x00, 0x00,
    0x00, 0x00, 0x00, 0x00, 0x00, 0x00, 0x00, 0x00, 0x00, 0x00, 0x00, 0x00, 0x00, 0x00, 0x00, 0x00,
    0x00, 0x00, 0x00, 0x00, 0x00, 0x00, 0x00, 0x00, 0x00, 0x00, 0x00, 0x00, 0x00, 0x00, 0x00, 0x00,
    0x00, 0x00, 0x00, 0x00, 0x00, 0x00, 0x00, 0x00, 0x00, 0x00, 0x00, 0x00, 0x00, 0x00, 0x00, 0x00,
    0x00, 0x00, 0x00, 0x00, 0x00, 0x00, 0x00, 0x00, 0x00, 0x00, 0x00, 0x00, 0x00, 0x00, 0x00, 0x00,
    0x00, 0x00, 0x00, 0x00, 0x00, 0x00, 0x00, 0x00, 0x00, 0x00, 0x00, 0x00, 0x00, 0x00, 0x00, 0x00,
    0x00, 0x00, 0x00, 0x00, 0x00, 0x00, 0x00, 0x00, 0x00, 0x00, 0x00, 0x00, 0x00, 0x00, 0x00, 0x00,
    0x00, 0x00, 0x00, 0x00, 0x00, 0x00, 0x00, 0x00, 0x00, 0x00, 0x00, 0x00, 0x00, 0x00, 0x00, 0x00,
    0x00, 0x00, 0x00, 0x00, 0x00, 0x00, 0x00, 0x00, 0x00, 0x00, 0x00, 0x00, 0x00, 0x00, 0x00, 0x00,
    0x00, 0x00, 0x00, 0x00, 0x00, 0x00, 0x00, 0x00, 0x00, 0x00, 0x00, 0x00, 0x00, 0x00, 0x00, 0x00,
    0x00, 0x00, 0x00, 0x00, 0x00, 0x00, 0x00, 0x00, 0x00, 0x00, 0x00, 0x00, 0x00, 0x00, 0x00, 0x00,
    0x00, 0x00, 0x00, 0x00, 0x00, 0x00, 0x00, 0x00, 0x00, 0x00, 0x00, 0x00, 0x00, 0x00, 0x00, 0x00,
    0x00, 0x00, 0x00, 0x00, 0x00, 0x00, 0x00, 0x00, 0x00, 0x00, 0x00, 0x00, 0x00, 0x00, 0x00, 0x00,
    0x00, 0x00, 0x00, 0x00, 0x00, 0x00, 0x00, 0x00, 0x00, 0x00, 0x00, 0x00, 0x00, 0x00, 0x00, 0x00,
    0x00, 0x00, 0x00, 0x00, 0x00, 0x00, 0x00, 0x00, 0x00, 0x00, 0x00, 0x00, 0x00, 0x00, 0x00, 0x00,
    0x00, 0x00, 0x00, 0x00, 0x00, 0x00, 0x00, 0x00, 0x00, 0x00, 0x00, 0x00, 0x00, 0x00, 0x00, 0x00,
    0x00, 0x00, 0x00, 0x00, 0x00, 0x00, 0x00, 0x00, 0x00, 0x00, 0x00, 0x00, 0x00, 0x00, 0x00, 0x00,
    0x00, 0x00, 0x00, 0x00, 0x00, 0x00, 0x00, 0x00, 0x00, 0x00, 0x00, 0x00, 0x00, 0x00, 0x00, 0x00,
    0x00, 0x00, 0x00, 0x00, 0x00, 0x00, 0x00, 0x00, 0x00, 0x00, 0x00, 0x00, 0x00, 0x00, 0x00, 0x00,
    0x00, 0x00, 0x00, 0x00, 0x00, 0x00, 0x00, 0x00, 0x00, 0x00, 0x00, 0x00, 0x00, 0x00, 0x00, 0x00,
    0x00, 0x00, 0x00, 0x00, 0x00, 0x00, 0x00, 0x00, 0x00, 0x00, 0x00, 0x00, 0x00, 0x00, 0x00, 0x00,
    0x00, 0x00, 0x00, 0x00, 0x00, 0x00, 0x00, 0x00, 0x00, 0x00, 0x00, 0x00, 0x00, 0x00, 0x00, 0x00,
    0x00, 0x00, 0x00, 0x00, 0x00, 0x00, 0x00, 0x00, 0x00, 0x00, 0x00, 0x00, 0x00, 0x00, 0x00, 0x00,
    0x00, 0x00, 0x00, 0x00, 0x00, 0x00, 0x00, 0x00, 0x00, 0x00, 0x00, 0x00, 0x00, 0x00, 0x00, 0x00,
    0x00, 0x00, 0x00, 0x00, 0x00, 0x00, 0x00, 0x00, 0x00, 0x00, 0x00, 0x00, 0x00, 0x00, 0x00, 0x00,
    0x00, 0x00, 0x00, 0x00, 0x00, 0x00, 0x00, 0x00, 0x00, 0x00, 0x00, 0x00, 0x00, 0x00, 0x00, 0x00,
    0x00, 0x00, 0x00, 0x00, 0x00, 0x00, 0x00, 0x00, 0x00, 0x00, 0x00, 0x00, 0x00, 0x00, 0x00, 0x00,
    0x00, 0x00, 0x00, 0x00, 0x00, 0x00, 0x00, 0x00, 0x00, 0x00, 0x00, 0x00, 0x00, 0x00, 0x00, 0x00,
    0x00, 0x00, 0x00, 0x00, 0x00, 0x00, 0x00, 0x00, 0x00, 0x00, 0x00, 0x00, 0x00, 0x00, 0x00, 0x00,
    0x00, 0x00, 0x00, 0x00, 0x00, 0x00, 0x00, 0x00, 0x00, 0x00, 0x00, 0x00, 0x00, 0x00, 0x00, 0x00,
    0x00, 0x00, 0x00, 0x00, 0x00, 0x00, 0x00, 0x00, 0x00, 0x00, 0x00, 0x00, 0x00, 0x00, 0x00, 0x00,
    0x00, 0x00, 0x00, 0x00, 0x00, 0x00, 0x00, 0x00, 0x00, 0x00, 0x00, 0x00, 0x00, 0x00, 0x00, 0x00,
    0x00, 0x00, 0x00, 0x00, 0x00, 0x00, 0x00, 0x00, 0x00, 0x00, 0x00, 0x00, 0x00, 0x00, 0x00, 0x00,
    0x00, 0x00, 0x00, 0x00, 0x00, 0x00, 0x00, 0x00, 0x00, 0x00, 0x00, 0x00, 0x00, 0x00, 0x00, 0x00,
    0x00, 0x00, 0x00, 0x00, 0x00, 0x00, 0x00, 0x00, 0x00, 0x00, 0x00, 0x00, 0x00, 0x00, 0x00, 0x00,
    0x00, 0x00, 0x00, 0x00, 0x00, 0x00, 0x00, 0x00, 0x00, 0x00, 0x00, 0x00, 0x00, 0x00, 0x00, 0x00,
    0x00, 0x00, 0x00, 0x00, 0x00, 0x00, 0x00, 0x00, 0x00, 0x00, 0x00, 0x00, 0x00, 0x00, 0x00, 0x00,
    0x00, 0x00, 0x00, 0x00, 0x00, 0x00, 0x00, 0x00, 0x00, 0x00, 0x00, 0x00, 0x00, 0x00, 0x00, 0x00,
    0x00, 0x00, 0x00, 0x00, 0x00, 0x00, 0x00, 0x00, 0x00, 0x00, 0x00, 0x00, 0x00, 0x00, 0x00, 0x00,
    0x00, 0x00, 0x00, 0x00, 0x00, 0x00, 0x00, 0x00, 0x00, 0x00, 0x00, 0x00, 0x00, 0x00, 0x00, 0x00,
    0x00, 0x00, 0x00, 0x00, 0x00, 0x00, 0x00, 0x00, 0x00, 0x00, 0x00, 0x00, 0x00, 0x00, 0x00, 0x00,
    0x00, 0x00, 0x00, 0x00, 0x00, 0x00, 0x00, 0x00, 0x00, 0x00, 0x00, 0x00, 0x00, 0x00, 0x00, 0x00,
    0x00, 0x00, 0x00, 0x00, 0x00, 0x00, 0x00, 0x00, 0x00, 0x00, 0x00, 0x00, 0x00, 0x00, 0x00, 0x00,
    0x00, 0x00, 0x00, 0x00, 0x00, 0x00, 0x00, 0x00, 0x00, 0x00, 0x00, 0x00, 0x00, 0x00, 0x00, 0x00,
    0x00, 0x00, 0x00, 0x00, 0x00, 0x00, 0x00, 0x00, 0x00, 0x00, 0x00, 0x00, 0x00, 0x00, 0x00, 0x00,
    0x00, 0x00, 0x00, 0x00, 0x00, 0x00, 0x00, 0x00, 0x00, 0x00, 0x00, 0x00, 0x00, 0x00, 0x00, 0x00,
    0x00, 0x00, 0x00, 0x00, 0x00, 0x00, 0x00, 0x00, 0x00, 0x00, 0x00, 0x00, 0x00, 0x00, 0x00, 0x00,
    0x00, 0x00, 0x00, 0x00, 0x00, 0x00, 0x00, 0x00, 0x00, 0x00, 0x00, 0x00, 0x00, 0x00, 0x00, 0x00,
    0x00, 0x00, 0x00, 0x00, 0x00, 0x00, 0x00, 0x00, 0x00, 0x00, 0x00, 0x00, 0x00, 0x00, 0x00, 0x00,
    0x00, 0x00, 0x00, 0x00, 0x00, 0x00, 0x00, 0x00, 0x00, 0x00, 0x00, 0x00, 0x00, 0x00, 0x00, 0x00,
    0x00, 0x00, 0x00, 0x00, 0x00, 0x00, 0x00, 0x00, 0x00, 0x00, 0x00, 0x00, 0x00, 0x00, 0x00, 0x00,
    0x00, 0x00, 0x00, 0x00, 0x00, 0x00, 0x00, 0x00, 0x00, 0x00, 0x00, 0x00, 0x00, 0x00, 0x00, 0x00,
    0x00, 0x00, 0x00, 0x00, 0x00, 0x00, 0x00, 0x00, 0x00, 0x00, 0x00, 0x00, 0x00, 0x00, 0x00, 0x00,
    0x00, 0x00, 0x00, 0x00, 0x00, 0x00, 0x00, 0x00, 0x00, 0x00, 0x00, 0x00, 0x00, 0x00, 0x00, 0x00,
    0x00, 0x00, 0x00, 0x00, 0x00, 0x00, 0x00, 0x00, 0x00, 0x00, 0x00, 0x00, 0x00, 0x00, 0x00, 0x00,
    0x00, 0x00, 0x00, 0x00, 0x00, 0x00, 0x00, 0x00, 0x00, 0x00, 0x00, 0x00, 0x00, 0x00, 0x00, 0x00,
    0x00, 0x00, 0x00, 0x00, 0x00, 0x00, 0x00, 0x00, 0x00, 0x00, 0x00, 0x00, 0x00, 0x00, 0x00, 0x00,
    0x00, 0x00, 0x00, 0x00, 0x00, 0x00, 0x00, 0x00, 0x00, 0x00, 0x00, 0x00, 0x00, 0x00, 0x00, 0x00,
    0x00, 0x00, 0x00, 0x00, 0x00, 0x00, 0x00, 0x00, 0x00, 0x00, 0x00, 0x00, 0x00, 0x00, 0x00, 0x00,
    0x00, 0x00, 0x00, 0x00, 0x00, 0x00, 0x00, 0x00, 0x00, 0x00, 0x00, 0x00, 0x00, 0x00, 0x00, 0x00,
    0x00, 0x00, 0x00, 0x00, 0x00, 0x00, 0x00, 0x00, 0x00, 0x00, 0x00, 0x00, 0x00, 0x00, 0x00, 0x00,
    0x00, 0x00, 0x00, 0x00, 0x00, 0x00, 0x00, 0x00, 0x00, 0x00, 0x00, 0x00, 0x00, 0x00, 0x00, 0x00,
    0x00, 0x00, 0x00, 0x00, 0x00, 0x00, 0x00, 0x00, 0x00, 0x00, 0x00, 0x00, 0x00, 0x00, 0x00, 0x00,
    0x00, 0x00, 0x00, 0x00, 0x00, 0x00, 0x00, 0x00, 0x00, 0x00, 0x00, 0x00, 0x00, 0x00, 0x00, 0x00,
    0x00, 0x00, 0x00, 0x00, 0x00, 0x00, 0x00, 0x00, 0x00, 0x00, 0x00, 0x00, 0x00, 0x00, 0x00, 0x00,
    0x00, 0x00, 0x00, 0x00, 0x00, 0x00, 0x00, 0x00, 0x00, 0x00, 0x00, 0x00, 0x00, 0x00, 0x00, 0x00,
    0x00, 0x00, 0x00, 0x00, 0x00, 0x00, 0x00, 0x00, 0x00, 0x00, 0x00, 0x00, 0x00, 0x00, 0x00, 0x00,
    0x00, 0x00, 0x00, 0x00, 0x00, 0x00, 0x00, 0x00, 0x00, 0x00, 0x00, 0x00, 0x00, 0x00, 0x00, 0x00,
    0x00, 0x00, 0x00, 0x00, 0x00, 0x00, 0x00, 0x00, 0x00, 0x00, 0x00, 0x00, 0x00, 0x00, 0x00, 0x00,
    0x00, 0x00, 0x00, 0x00
};
